metric,iteration,pole,mean,std,n
levenshtein,0,eval_exact_match,0.803333,0.010274,3
levenshtein,10,eval_exact_match,0.793333,0.054365,3
levenshtein,20,eval_exact_match,0.823333,0.022485,3
levenshtein,30,eval_exact_match,0.838333,0.006236,3
levenshtein,40,eval_exact_match,0.85,0.018708,3
levenshtein,50,eval_exact_match,0.863333,0.009428,3
levenshtein,60,eval_exact_match,0.866667,0.012472,3
levenshtein,70,eval_exact_match,0.87,0.004082,3
levenshtein,80,eval_exact_match,0.876667,0.006236,3
levenshtein,90,eval_exact_match,0.888333,0.013123,3
levenshtein,100,eval_exact_match,0.891667,0.015456,3
levenshtein,110,eval_exact_match,0.888333,0.006236,3
levenshtein,120,eval_exact_match,0.88,0.010801,3
levenshtein,130,eval_exact_match,0.891667,0.011785,3
levenshtein,140,eval_exact_match,0.9,0.007071,3
levenshtein,150,eval_exact_match,0.9,0.008165,3
levenshtein,160,eval_exact_match,0.905,0.004082,3
levenshtein,170,eval_exact_match,0.913333,0.008498,3
levenshtein,180,eval_exact_match,0.91,0.01472,3
levenshtein,190,eval_exact_match,0.903333,0.020138,3
levenshtein,200,eval_exact_match,0.905,0.01472,3
levenshtein,210,eval_exact_match,0.896667,0.018409,3
levenshtein,220,eval_exact_match,0.893333,0.016499,3
levenshtein,230,eval_exact_match,0.908333,0.008498,3
levenshtein,240,eval_exact_match,0.888333,0.008498,3
levenshtein,250,eval_exact_match,0.896667,0.010274,3
levenshtein,260,eval_exact_match,0.905,0.010801,3
levenshtein,270,eval_exact_match,0.9,0.004082,3
levenshtein,280,eval_exact_match,0.905,0.004082,3
levenshtein,290,eval_exact_match,0.908333,0.012472,3
levenshtein,300,eval_exact_match,0.911667,0.009428,3
levenshtein,310,eval_exact_match,0.923333,0.004714,3
levenshtein,320,eval_exact_match,0.921667,0.006236,3
levenshtein,330,eval_exact_match,0.915,0.012247,3
levenshtein,340,eval_exact_match,0.915,0.004082,3
levenshtein,350,eval_exact_match,0.915,0.01472,3
levenshtein,360,eval_exact_match,0.916667,0.008498,3
levenshtein,370,eval_exact_match,0.923333,0.004714,3
levenshtein,380,eval_exact_match,0.925,0.004082,3
levenshtein,390,eval_exact_match,0.923333,0.016997,3
levenshtein,400,eval_exact_match,0.926667,0.015456,3
levenshtein,410,eval_exact_match,0.923333,0.010274,3
levenshtein,420,eval_exact_match,0.913333,0.015456,3
levenshtein,430,eval_exact_match,0.916667,0.016499,3
levenshtein,440,eval_exact_match,0.911667,0.004714,3
levenshtein,450,eval_exact_match,0.925,0.010801,3
levenshtein,460,eval_exact_match,0.928333,0.020548,3
levenshtein,470,eval_exact_match,0.926667,0.012472,3
levenshtein,480,eval_exact_match,0.931667,0.019293,3
levenshtein,490,eval_exact_match,0.931667,0.019293,3
levenshtein,500,eval_exact_match,0.931667,0.016997,3
levenshtein,510,eval_exact_match,0.936667,0.018409,3
levenshtein,520,eval_exact_match,0.941667,0.006236,3
levenshtein,530,eval_exact_match,0.941667,0.012472,3
levenshtein,540,eval_exact_match,0.931667,0.006236,3
levenshtein,550,eval_exact_match,0.948333,0.016499,3
levenshtein,560,eval_exact_match,0.946667,0.008498,3
levenshtein,570,eval_exact_match,0.941667,0.002357,3
levenshtein,580,eval_exact_match,0.95,0.007071,3
levenshtein,590,eval_exact_match,0.948333,0.004714,3
levenshtein,600,eval_exact_match,0.93,0.01472,3
levenshtein,610,eval_exact_match,0.948333,0.012472,3
levenshtein,620,eval_exact_match,0.931667,0.016997,3
levenshtein,630,eval_exact_match,0.94,0.007071,3
levenshtein,640,eval_exact_match,0.95,0.007071,3
levenshtein,650,eval_exact_match,0.943333,0.006236,3
levenshtein,660,eval_exact_match,0.946667,0.006236,3
levenshtein,670,eval_exact_match,0.936667,0.002357,3
levenshtein,680,eval_exact_match,0.938333,0.008498,3
levenshtein,690,eval_exact_match,0.941667,0.006236,3
levenshtein,700,eval_exact_match,0.941667,0.010274,3
levenshtein,710,eval_exact_match,0.941667,0.002357,3
levenshtein,720,eval_exact_match,0.948333,0.008498,3
levenshtein,730,eval_exact_match,0.95,0.010801,3
levenshtein,740,eval_exact_match,0.95,0.014142,3
levenshtein,750,eval_exact_match,0.948333,0.009428,3
levenshtein,760,eval_exact_match,0.948333,0.004714,3
levenshtein,770,eval_exact_match,0.941667,0.006236,3
levenshtein,780,eval_exact_match,0.941667,0.013123,3
levenshtein,790,eval_exact_match,0.951667,0.019293,3
levenshtein,800,eval_exact_match,0.956667,0.010274,3
levenshtein,810,eval_exact_match,0.96,0.0,3
levenshtein,820,eval_exact_match,0.945,0.0,3
levenshtein,830,eval_exact_match,0.936667,0.010274,3
levenshtein,840,eval_exact_match,0.948333,0.006236,3
levenshtein,850,eval_exact_match,0.95,0.010801,3
levenshtein,860,eval_exact_match,0.945,0.008165,3
levenshtein,870,eval_exact_match,0.94,0.008165,3
levenshtein,880,eval_exact_match,0.948333,0.015456,3
levenshtein,890,eval_exact_match,0.948333,0.015456,3
levenshtein,900,eval_exact_match,0.951667,0.020138,3
levenshtein,910,eval_exact_match,0.95,0.017795,3
levenshtein,920,eval_exact_match,0.95,0.012247,3
levenshtein,930,eval_exact_match,0.936667,0.009428,3
levenshtein,940,eval_exact_match,0.945,0.008165,3
levenshtein,950,eval_exact_match,0.953333,0.002357,3
levenshtein,960,eval_exact_match,0.945,0.007071,3
levenshtein,970,eval_exact_match,0.948333,0.014337,3
levenshtein,980,eval_exact_match,0.945,0.017795,3
levenshtein,990,eval_exact_match,0.94,0.004082,3
levenshtein,1000,eval_exact_match,0.955,0.004082,3
levenshtein,1010,eval_exact_match,0.958333,0.002357,3
levenshtein,1020,eval_exact_match,0.951667,0.006236,3
levenshtein,1030,eval_exact_match,0.948333,0.004714,3
levenshtein,1040,eval_exact_match,0.955,0.004082,3
levenshtein,1050,eval_exact_match,0.951667,0.002357,3
levenshtein,1060,eval_exact_match,0.956667,0.004714,3
levenshtein,1070,eval_exact_match,0.965,0.010801,3
levenshtein,1080,eval_exact_match,0.948333,0.009428,3
levenshtein,1090,eval_exact_match,0.955,0.010801,3
levenshtein,1100,eval_exact_match,0.963333,0.002357,3
levenshtein,1110,eval_exact_match,0.96,0.007071,3
levenshtein,1120,eval_exact_match,0.953333,0.006236,3
levenshtein,1130,eval_exact_match,0.951667,0.008498,3
levenshtein,1140,eval_exact_match,0.945,0.014142,3
levenshtein,1150,eval_exact_match,0.96,0.004082,3
levenshtein,1160,eval_exact_match,0.958333,0.011785,3
levenshtein,1170,eval_exact_match,0.953333,0.002357,3
levenshtein,1180,eval_exact_match,0.955,0.004082,3
levenshtein,1190,eval_exact_match,0.958333,0.004714,3
levenshtein,1200,eval_exact_match,0.958333,0.006236,3
levenshtein,1210,eval_exact_match,0.955,0.004082,3
levenshtein,1220,eval_exact_match,0.958333,0.002357,3
levenshtein,1230,eval_exact_match,0.955,0.008165,3
levenshtein,1240,eval_exact_match,0.955,0.0,3
levenshtein,1250,eval_exact_match,0.946667,0.006236,3
levenshtein,1260,eval_exact_match,0.958333,0.002357,3
levenshtein,1270,eval_exact_match,0.961667,0.009428,3
levenshtein,1280,eval_exact_match,0.958333,0.006236,3
levenshtein,1290,eval_exact_match,0.961667,0.009428,3
levenshtein,1300,eval_exact_match,0.961667,0.008498,3
levenshtein,1310,eval_exact_match,0.966667,0.004714,3
levenshtein,1320,eval_exact_match,0.96,0.010801,3
levenshtein,1330,eval_exact_match,0.96,0.008165,3
levenshtein,1340,eval_exact_match,0.968333,0.008498,3
levenshtein,1350,eval_exact_match,0.965,0.007071,3
levenshtein,1360,eval_exact_match,0.961667,0.002357,3
levenshtein,1370,eval_exact_match,0.958333,0.010274,3
levenshtein,1380,eval_exact_match,0.965,0.008165,3
levenshtein,1390,eval_exact_match,0.968333,0.009428,3
levenshtein,1400,eval_exact_match,0.958333,0.013123,3
levenshtein,1410,eval_exact_match,0.971667,0.002357,3
levenshtein,1420,eval_exact_match,0.965,0.004082,3
levenshtein,1430,eval_exact_match,0.963333,0.012472,3
levenshtein,1440,eval_exact_match,0.966667,0.013123,3
levenshtein,1450,eval_exact_match,0.958333,0.016499,3
levenshtein,1460,eval_exact_match,0.961667,0.006236,3
levenshtein,1470,eval_exact_match,0.961667,0.002357,3
levenshtein,1480,eval_exact_match,0.961667,0.010274,3
levenshtein,1490,eval_exact_match,0.955,0.004082,3
levenshtein,1500,eval_exact_match,0.97,0.008165,3
levenshtein,1510,eval_exact_match,0.965,0.012247,3
levenshtein,1520,eval_exact_match,0.965,0.0,3
levenshtein,1530,eval_exact_match,0.968333,0.004714,3
levenshtein,1540,eval_exact_match,0.97,0.004082,3
levenshtein,1550,eval_exact_match,0.958333,0.014337,3
levenshtein,1560,eval_exact_match,0.961667,0.004714,3
levenshtein,1570,eval_exact_match,0.973333,0.009428,3
levenshtein,1580,eval_exact_match,0.968333,0.002357,3
levenshtein,1590,eval_exact_match,0.965,0.008165,3
levenshtein,1600,eval_exact_match,0.968333,0.006236,3
levenshtein,1610,eval_exact_match,0.97,0.008165,3
levenshtein,1620,eval_exact_match,0.966667,0.002357,3
levenshtein,1630,eval_exact_match,0.97,0.014142,3
levenshtein,1640,eval_exact_match,0.96,0.007071,3
levenshtein,1650,eval_exact_match,0.961667,0.002357,3
levenshtein,1660,eval_exact_match,0.968333,0.010274,3
levenshtein,1670,eval_exact_match,0.963333,0.002357,3
levenshtein,1680,eval_exact_match,0.968333,0.004714,3
levenshtein,1690,eval_exact_match,0.97,0.01472,3
levenshtein,1700,eval_exact_match,0.975,0.007071,3
levenshtein,1710,eval_exact_match,0.973333,0.008498,3
levenshtein,1720,eval_exact_match,0.981667,0.008498,3
levenshtein,1730,eval_exact_match,0.978333,0.009428,3
levenshtein,1740,eval_exact_match,0.975,0.007071,3
levenshtein,1750,eval_exact_match,0.98,0.004082,3
levenshtein,1760,eval_exact_match,0.976667,0.004714,3
levenshtein,1770,eval_exact_match,0.976667,0.006236,3
levenshtein,1780,eval_exact_match,0.973333,0.004714,3
levenshtein,1790,eval_exact_match,0.971667,0.004714,3
levenshtein,1800,eval_exact_match,0.971667,0.010274,3
levenshtein,1810,eval_exact_match,0.978333,0.011785,3
levenshtein,1820,eval_exact_match,0.975,0.004082,3
levenshtein,1830,eval_exact_match,0.975,0.008165,3
levenshtein,1840,eval_exact_match,0.971667,0.006236,3
levenshtein,1850,eval_exact_match,0.971667,0.008498,3
levenshtein,1860,eval_exact_match,0.98,0.004082,3
levenshtein,1870,eval_exact_match,0.975,0.004082,3
levenshtein,1880,eval_exact_match,0.97,0.007071,3
levenshtein,1890,eval_exact_match,0.966667,0.002357,3
levenshtein,1900,eval_exact_match,0.975,0.007071,3
levenshtein,1910,eval_exact_match,0.97,0.004082,3
levenshtein,1920,eval_exact_match,0.966667,0.011785,3
levenshtein,1930,eval_exact_match,0.966667,0.012472,3
levenshtein,1940,eval_exact_match,0.958333,0.006236,3
levenshtein,1950,eval_exact_match,0.96,0.004082,3
levenshtein,1960,eval_exact_match,0.968333,0.006236,3
levenshtein,1970,eval_exact_match,0.97,0.010801,3
levenshtein,1980,eval_exact_match,0.97,0.004082,3
levenshtein,1990,eval_exact_match,0.971667,0.006236,3
levenshtein,2000,eval_exact_match,0.973333,0.006236,3
levenshtein,2010,eval_exact_match,0.976667,0.004714,3
levenshtein,2020,eval_exact_match,0.975,0.007071,3
levenshtein,2030,eval_exact_match,0.978333,0.002357,3
levenshtein,2040,eval_exact_match,0.976667,0.009428,3
levenshtein,2050,eval_exact_match,0.971667,0.013123,3
levenshtein,2060,eval_exact_match,0.973333,0.011785,3
levenshtein,2070,eval_exact_match,0.975,0.007071,3
levenshtein,2080,eval_exact_match,0.976667,0.006236,3
levenshtein,2090,eval_exact_match,0.976667,0.010274,3
levenshtein,2100,eval_exact_match,0.975,0.008165,3
levenshtein,2110,eval_exact_match,0.978333,0.010274,3
levenshtein,2120,eval_exact_match,0.98,0.012247,3
levenshtein,2130,eval_exact_match,0.973333,0.010274,3
levenshtein,2140,eval_exact_match,0.976667,0.009428,3
levenshtein,2150,eval_exact_match,0.966667,0.010274,3
levenshtein,2160,eval_exact_match,0.973333,0.009428,3
levenshtein,2170,eval_exact_match,0.973333,0.002357,3
levenshtein,2180,eval_exact_match,0.978333,0.016499,3
levenshtein,2190,eval_exact_match,0.975,0.007071,3
levenshtein,2200,eval_exact_match,0.98,0.010801,3
levenshtein,2210,eval_exact_match,0.976667,0.006236,3
levenshtein,2220,eval_exact_match,0.973333,0.002357,3
levenshtein,2230,eval_exact_match,0.985,0.004082,3
levenshtein,2240,eval_exact_match,0.985,0.008165,3
levenshtein,2250,eval_exact_match,0.993333,0.009428,3
levenshtein,2260,eval_exact_match,0.996667,0.002357,3
levenshtein,2270,eval_exact_match,0.99,0.004082,3
levenshtein,2280,eval_exact_match,0.986667,0.002357,3
levenshtein,2290,eval_exact_match,0.986667,0.004714,3
levenshtein,2300,eval_exact_match,0.986667,0.006236,3
levenshtein,2310,eval_exact_match,0.98,0.007071,3
levenshtein,2320,eval_exact_match,0.983333,0.008498,3
levenshtein,2330,eval_exact_match,0.986667,0.010274,3
levenshtein,2340,eval_exact_match,0.986667,0.006236,3
levenshtein,2350,eval_exact_match,0.978333,0.012472,3
levenshtein,2360,eval_exact_match,0.981667,0.006236,3
levenshtein,2370,eval_exact_match,0.983333,0.010274,3
levenshtein,2380,eval_exact_match,0.985,0.010801,3
levenshtein,2390,eval_exact_match,0.981667,0.002357,3
levenshtein,2400,eval_exact_match,0.986667,0.006236,3
levenshtein,2410,eval_exact_match,0.988333,0.004714,3
levenshtein,2420,eval_exact_match,0.983333,0.006236,3
levenshtein,2430,eval_exact_match,0.983333,0.004714,3
levenshtein,2440,eval_exact_match,0.983333,0.002357,3
levenshtein,2450,eval_exact_match,0.99,0.0,3
levenshtein,2460,eval_exact_match,0.983333,0.008498,3
levenshtein,2470,eval_exact_match,0.98,0.008165,3
levenshtein,2480,eval_exact_match,0.99,0.004082,3
levenshtein,2490,eval_exact_match,0.986667,0.002357,3
levenshtein,2500,eval_exact_match,0.988333,0.006236,3
levenshtein,2510,eval_exact_match,0.991667,0.004714,3
levenshtein,2520,eval_exact_match,0.988333,0.006236,3
levenshtein,2530,eval_exact_match,0.983333,0.006236,3
levenshtein,2540,eval_exact_match,0.983333,0.009428,3
levenshtein,2550,eval_exact_match,0.988333,0.002357,3
levenshtein,2560,eval_exact_match,0.985,0.007071,3
levenshtein,2570,eval_exact_match,0.99,0.004082,3
levenshtein,2580,eval_exact_match,0.991667,0.006236,3
levenshtein,2590,eval_exact_match,0.988333,0.006236,3
levenshtein,2600,eval_exact_match,0.985,0.004082,3
levenshtein,2610,eval_exact_match,0.986667,0.006236,3
levenshtein,2620,eval_exact_match,0.986667,0.008498,3
levenshtein,2630,eval_exact_match,0.988333,0.002357,3
levenshtein,2640,eval_exact_match,0.988333,0.002357,3
levenshtein,2650,eval_exact_match,0.985,0.004082,3
levenshtein,2660,eval_exact_match,0.991667,0.004714,3
levenshtein,2670,eval_exact_match,0.988333,0.006236,3
levenshtein,2680,eval_exact_match,0.99,0.004082,3
levenshtein,2690,eval_exact_match,0.988333,0.002357,3
levenshtein,2700,eval_exact_match,0.983333,0.002357,3
levenshtein,2710,eval_exact_match,0.98,0.008165,3
levenshtein,2720,eval_exact_match,0.985,0.010801,3
levenshtein,2730,eval_exact_match,0.986667,0.006236,3
levenshtein,2740,eval_exact_match,0.986667,0.008498,3
levenshtein,2750,eval_exact_match,0.991667,0.006236,3
levenshtein,2760,eval_exact_match,0.983333,0.006236,3
levenshtein,2770,eval_exact_match,0.985,0.007071,3
levenshtein,2780,eval_exact_match,0.99,0.004082,3
levenshtein,2790,eval_exact_match,0.991667,0.006236,3
levenshtein,2800,eval_exact_match,0.986667,0.006236,3
levenshtein,2810,eval_exact_match,0.986667,0.006236,3
levenshtein,2820,eval_exact_match,0.988333,0.006236,3
levenshtein,2830,eval_exact_match,0.988333,0.006236,3
levenshtein,2840,eval_exact_match,0.981667,0.006236,3
levenshtein,2850,eval_exact_match,0.983333,0.009428,3
levenshtein,2860,eval_exact_match,0.986667,0.006236,3
levenshtein,2870,eval_exact_match,0.986667,0.008498,3
levenshtein,2880,eval_exact_match,0.988333,0.002357,3
levenshtein,2890,eval_exact_match,0.981667,0.004714,3
levenshtein,2900,eval_exact_match,0.983333,0.006236,3
levenshtein,2910,eval_exact_match,0.988333,0.009428,3
levenshtein,2920,eval_exact_match,0.983333,0.006236,3
levenshtein,2930,eval_exact_match,0.985,0.0,3
levenshtein,2940,eval_exact_match,0.985,0.007071,3
levenshtein,2950,eval_exact_match,0.983333,0.002357,3
levenshtein,2960,eval_exact_match,0.986667,0.006236,3
levenshtein,2970,eval_exact_match,0.988333,0.004714,3
levenshtein,2980,eval_exact_match,0.99,0.007071,3
levenshtein,2990,eval_exact_match,0.99,0.004082,3
levenshtein,0,eval_content_f1,0.956667,0.002867,3
levenshtein,10,eval_content_f1,0.950833,0.014659,3
levenshtein,20,eval_content_f1,0.954833,0.003704,3
levenshtein,30,eval_content_f1,0.961,0.00255,3
levenshtein,40,eval_content_f1,0.960667,0.004905,3
levenshtein,50,eval_content_f1,0.9655,0.002677,3
levenshtein,60,eval_content_f1,0.968167,0.000624,3
levenshtein,70,eval_content_f1,0.965,0.003559,3
levenshtein,80,eval_content_f1,0.967,0.003536,3
levenshtein,90,eval_content_f1,0.9725,0.005672,3
levenshtein,100,eval_content_f1,0.9715,0.007483,3
levenshtein,110,eval_content_f1,0.968667,0.001546,3
levenshtein,120,eval_content_f1,0.970667,0.003704,3
levenshtein,130,eval_content_f1,0.9745,0.003559,3
levenshtein,140,eval_content_f1,0.9755,0.001414,3
levenshtein,150,eval_content_f1,0.974667,0.00085,3
levenshtein,160,eval_content_f1,0.976167,0.000471,3
levenshtein,170,eval_content_f1,0.976833,0.001841,3
levenshtein,180,eval_content_f1,0.976667,0.001929,3
levenshtein,190,eval_content_f1,0.973167,0.004478,3
levenshtein,200,eval_content_f1,0.975167,0.003659,3
levenshtein,210,eval_content_f1,0.972167,0.004497,3
levenshtein,220,eval_content_f1,0.974,0.002944,3
levenshtein,230,eval_content_f1,0.975833,0.003325,3
levenshtein,240,eval_content_f1,0.969667,0.001027,3
levenshtein,250,eval_content_f1,0.972833,0.003424,3
levenshtein,260,eval_content_f1,0.9755,0.005212,3
levenshtein,270,eval_content_f1,0.9735,0.003189,3
levenshtein,280,eval_content_f1,0.9745,0.002273,3
levenshtein,290,eval_content_f1,0.974,0.003488,3
levenshtein,300,eval_content_f1,0.976333,0.004589,3
levenshtein,310,eval_content_f1,0.98,0.00108,3
levenshtein,320,eval_content_f1,0.978833,0.00165,3
levenshtein,330,eval_content_f1,0.978167,0.004589,3
levenshtein,340,eval_content_f1,0.9775,0.001414,3
levenshtein,350,eval_content_f1,0.9785,0.002858,3
levenshtein,360,eval_content_f1,0.977167,0.004478,3
levenshtein,370,eval_content_f1,0.981333,0.001179,3
levenshtein,380,eval_content_f1,0.9805,0.000816,3
levenshtein,390,eval_content_f1,0.9805,0.00255,3
levenshtein,400,eval_content_f1,0.981833,0.00165,3
levenshtein,410,eval_content_f1,0.982333,0.001247,3
levenshtein,420,eval_content_f1,0.979333,0.001929,3
levenshtein,430,eval_content_f1,0.980333,0.00165,3
levenshtein,440,eval_content_f1,0.9765,0.001472,3
levenshtein,450,eval_content_f1,0.980833,0.00085,3
levenshtein,460,eval_content_f1,0.981833,0.003424,3
levenshtein,470,eval_content_f1,0.9815,0.002273,3
levenshtein,480,eval_content_f1,0.983,0.003894,3
levenshtein,490,eval_content_f1,0.982667,0.003682,3
levenshtein,500,eval_content_f1,0.983,0.004143,3
levenshtein,510,eval_content_f1,0.984833,0.003274,3
levenshtein,520,eval_content_f1,0.984833,0.000624,3
levenshtein,530,eval_content_f1,0.985,0.000707,3
levenshtein,540,eval_content_f1,0.9835,0.001633,3
levenshtein,550,eval_content_f1,0.986667,0.005137,3
levenshtein,560,eval_content_f1,0.985333,0.004249,3
levenshtein,570,eval_content_f1,0.983111,0.002047,3
levenshtein,580,eval_content_f1,0.985,0.003342,3
levenshtein,590,eval_content_f1,0.986833,0.00085,3
levenshtein,600,eval_content_f1,0.9825,0.003082,3
levenshtein,610,eval_content_f1,0.988333,0.00388,3
levenshtein,620,eval_content_f1,0.981667,0.004836,3
levenshtein,630,eval_content_f1,0.982833,0.003424,3
levenshtein,640,eval_content_f1,0.9865,0.00178,3
levenshtein,650,eval_content_f1,0.987167,0.002593,3
levenshtein,660,eval_content_f1,0.986167,0.002321,3
levenshtein,670,eval_content_f1,0.985167,0.00352,3
levenshtein,680,eval_content_f1,0.9855,0.003742,3
levenshtein,690,eval_content_f1,0.984833,0.00165,3
levenshtein,700,eval_content_f1,0.988833,0.003118,3
levenshtein,710,eval_content_f1,0.987167,0.001247,3
levenshtein,720,eval_content_f1,0.988167,0.002718,3
levenshtein,730,eval_content_f1,0.987833,0.003704,3
levenshtein,740,eval_content_f1,0.989,0.003189,3
levenshtein,750,eval_content_f1,0.988167,0.003009,3
levenshtein,760,eval_content_f1,0.9885,0.001472,3
levenshtein,770,eval_content_f1,0.9865,0.001472,3
levenshtein,780,eval_content_f1,0.986833,0.002867,3
levenshtein,790,eval_content_f1,0.9895,0.004021,3
levenshtein,800,eval_content_f1,0.989333,0.003118,3
levenshtein,810,eval_content_f1,0.991667,0.001027,3
levenshtein,820,eval_content_f1,0.988167,0.000471,3
levenshtein,830,eval_content_f1,0.987333,0.002392,3
levenshtein,840,eval_content_f1,0.989167,0.002779,3
levenshtein,850,eval_content_f1,0.988667,0.002718,3
levenshtein,860,eval_content_f1,0.9875,0.002041,3
levenshtein,870,eval_content_f1,0.985667,0.002095,3
levenshtein,880,eval_content_f1,0.986833,0.00352,3
levenshtein,890,eval_content_f1,0.988,0.004143,3
levenshtein,900,eval_content_f1,0.988833,0.004714,3
levenshtein,910,eval_content_f1,0.988333,0.004714,3
levenshtein,920,eval_content_f1,0.989667,0.002718,3
levenshtein,930,eval_content_f1,0.984833,0.000624,3
levenshtein,940,eval_content_f1,0.986833,0.002392,3
levenshtein,950,eval_content_f1,0.988333,0.000624,3
levenshtein,960,eval_content_f1,0.985167,0.003171,3
levenshtein,970,eval_content_f1,0.987667,0.005265,3
levenshtein,980,eval_content_f1,0.988167,0.005072,3
levenshtein,990,eval_content_f1,0.987167,0.00352,3
levenshtein,1000,eval_content_f1,0.99,0.001871,3
levenshtein,1010,eval_content_f1,0.99,0.00108,3
levenshtein,1020,eval_content_f1,0.9875,0.001414,3
levenshtein,1030,eval_content_f1,0.986,0.00108,3
levenshtein,1040,eval_content_f1,0.986667,0.0017,3
levenshtein,1050,eval_content_f1,0.989,0.00108,3
levenshtein,1060,eval_content_f1,0.988667,0.002593,3
levenshtein,1070,eval_content_f1,0.990444,0.002869,3
levenshtein,1080,eval_content_f1,0.987444,0.002136,3
levenshtein,1090,eval_content_f1,0.988667,0.002461,3
levenshtein,1100,eval_content_f1,0.992,0.000408,3
levenshtein,1110,eval_content_f1,0.991167,0.001929,3
levenshtein,1120,eval_content_f1,0.989333,0.000471,3
levenshtein,1130,eval_content_f1,0.987667,0.002248,3
levenshtein,1140,eval_content_f1,0.986833,0.006018,3
levenshtein,1150,eval_content_f1,0.991,0.001472,3
levenshtein,1160,eval_content_f1,0.987083,0.004674,3
levenshtein,1170,eval_content_f1,0.987,0.001225,3
levenshtein,1180,eval_content_f1,0.989333,0.001841,3
levenshtein,1190,eval_content_f1,0.990134,0.00267,3
levenshtein,1200,eval_content_f1,0.990056,0.001077,3
levenshtein,1210,eval_content_f1,0.987361,0.001274,3
levenshtein,1220,eval_content_f1,0.989167,0.000236,3
levenshtein,1230,eval_content_f1,0.989833,0.001027,3
levenshtein,1240,eval_content_f1,0.990333,0.001027,3
levenshtein,1250,eval_content_f1,0.988417,0.001532,3
levenshtein,1260,eval_content_f1,0.990833,0.001247,3
levenshtein,1270,eval_content_f1,0.991139,0.003242,3
levenshtein,1280,eval_content_f1,0.989833,0.003472,3
levenshtein,1290,eval_content_f1,0.991167,0.003793,3
levenshtein,1300,eval_content_f1,0.991611,0.002047,3
levenshtein,1310,eval_content_f1,0.992333,0.000236,3
levenshtein,1320,eval_content_f1,0.990167,0.004028,3
levenshtein,1330,eval_content_f1,0.990667,0.002718,3
levenshtein,1340,eval_content_f1,0.993333,0.001546,3
levenshtein,1350,eval_content_f1,0.992167,0.002014,3
levenshtein,1360,eval_content_f1,0.990667,0.001247,3
levenshtein,1370,eval_content_f1,0.990333,0.001841,3
levenshtein,1380,eval_content_f1,0.991833,0.0017,3
levenshtein,1390,eval_content_f1,0.994667,0.001886,3
levenshtein,1400,eval_content_f1,0.991167,0.004403,3
levenshtein,1410,eval_content_f1,0.994833,0.001312,3
levenshtein,1420,eval_content_f1,0.993167,0.001546,3
levenshtein,1430,eval_content_f1,0.991833,0.003793,3
levenshtein,1440,eval_content_f1,0.993134,0.003488,3
levenshtein,1450,eval_content_f1,0.990242,0.004229,3
levenshtein,1460,eval_content_f1,0.991817,0.001722,3
levenshtein,1470,eval_content_f1,0.992409,0.001508,3
levenshtein,1480,eval_content_f1,0.991,0.002858,3
levenshtein,1490,eval_content_f1,0.989972,0.001834,3
levenshtein,1500,eval_content_f1,0.993667,0.001546,3
levenshtein,1510,eval_content_f1,0.9915,0.003559,3
levenshtein,1520,eval_content_f1,0.992,0.00178,3
levenshtein,1530,eval_content_f1,0.993333,0.002095,3
levenshtein,1540,eval_content_f1,0.992667,0.002392,3
levenshtein,1550,eval_content_f1,0.9905,0.003559,3
levenshtein,1560,eval_content_f1,0.991667,0.000471,3
levenshtein,1570,eval_content_f1,0.9935,0.00178,3
levenshtein,1580,eval_content_f1,0.993,0.00108,3
levenshtein,1590,eval_content_f1,0.98994,0.003151,3
levenshtein,1600,eval_content_f1,0.991515,0.001669,3
levenshtein,1610,eval_content_f1,0.992611,0.001846,3
levenshtein,1620,eval_content_f1,0.993,0.000816,3
levenshtein,1630,eval_content_f1,0.9935,0.00324,3
levenshtein,1640,eval_content_f1,0.991306,0.001469,3
levenshtein,1650,eval_content_f1,0.991742,0.001272,3
levenshtein,1660,eval_content_f1,0.993306,0.003685,3
levenshtein,1670,eval_content_f1,0.992306,0.000594,3
levenshtein,1680,eval_content_f1,0.993074,0.001135,3
levenshtein,1690,eval_content_f1,0.993027,0.002935,3
levenshtein,1700,eval_content_f1,0.995,0.002483,3
levenshtein,1710,eval_content_f1,0.993833,0.002321,3
levenshtein,1720,eval_content_f1,0.996667,0.00165,3
levenshtein,1730,eval_content_f1,0.996075,0.002722,3
levenshtein,1740,eval_content_f1,0.994897,0.002388,3
levenshtein,1750,eval_content_f1,0.996167,0.000624,3
levenshtein,1760,eval_content_f1,0.996167,0.001027,3
levenshtein,1770,eval_content_f1,0.994801,0.000988,3
levenshtein,1780,eval_content_f1,0.994306,0.000996,3
levenshtein,1790,eval_content_f1,0.9933,0.001564,3
levenshtein,1800,eval_content_f1,0.993139,0.004114,3
levenshtein,1810,eval_content_f1,0.9945,0.004082,3
levenshtein,1820,eval_content_f1,0.992258,0.002883,3
levenshtein,1830,eval_content_f1,0.992151,0.004924,3
levenshtein,1840,eval_content_f1,0.992778,0.002689,3
levenshtein,1850,eval_content_f1,0.991361,0.003928,3
levenshtein,1860,eval_content_f1,0.995944,0.001259,3
levenshtein,1870,eval_content_f1,0.994306,0.001288,3
levenshtein,1880,eval_content_f1,0.990139,0.003199,3
levenshtein,1890,eval_content_f1,0.991667,0.001027,3
levenshtein,1900,eval_content_f1,0.993667,0.002718,3
levenshtein,1910,eval_content_f1,0.992547,0.001199,3
levenshtein,1920,eval_content_f1,0.991264,0.00272,3
levenshtein,1930,eval_content_f1,0.992333,0.002461,3
levenshtein,1940,eval_content_f1,0.99,0.000816,3
levenshtein,1950,eval_content_f1,0.989575,0.00145,3
levenshtein,1960,eval_content_f1,0.992,0.00216,3
levenshtein,1970,eval_content_f1,0.993127,0.002817,3
levenshtein,1980,eval_content_f1,0.992167,0.002392,3
levenshtein,1990,eval_content_f1,0.993167,0.001886,3
levenshtein,2000,eval_content_f1,0.992968,0.003785,3
levenshtein,2010,eval_content_f1,0.993825,0.00228,3
levenshtein,2020,eval_content_f1,0.993583,0.002065,3
levenshtein,2030,eval_content_f1,0.993722,0.002065,3
levenshtein,2040,eval_content_f1,0.993806,0.002639,3
levenshtein,2050,eval_content_f1,0.9935,0.002944,3
levenshtein,2060,eval_content_f1,0.992833,0.003399,3
levenshtein,2070,eval_content_f1,0.993784,0.00234,3
levenshtein,2080,eval_content_f1,0.994333,0.001312,3
levenshtein,2090,eval_content_f1,0.994,0.003266,3
levenshtein,2100,eval_content_f1,0.992132,0.002605,3
levenshtein,2110,eval_content_f1,0.993483,0.003723,3
levenshtein,2120,eval_content_f1,0.994833,0.003274,3
levenshtein,2130,eval_content_f1,0.994648,0.002633,3
levenshtein,2140,eval_content_f1,0.995409,0.002206,3
levenshtein,2150,eval_content_f1,0.991815,0.003274,3
levenshtein,2160,eval_content_f1,0.993481,0.002108,3
levenshtein,2170,eval_content_f1,0.994149,0.00103,3
levenshtein,2180,eval_content_f1,0.995149,0.002609,3
levenshtein,2190,eval_content_f1,0.993983,0.002533,3
levenshtein,2200,eval_content_f1,0.996227,0.003343,3
levenshtein,2210,eval_content_f1,0.99539,0.00254,3
levenshtein,2220,eval_content_f1,0.994057,0.000703,3
levenshtein,2230,eval_content_f1,0.998148,0.000843,3
levenshtein,2240,eval_content_f1,0.997667,0.00085,3
levenshtein,2250,eval_content_f1,0.998667,0.001886,3
levenshtein,2260,eval_content_f1,0.999333,0.000624,3
levenshtein,2270,eval_content_f1,0.997909,0.000524,3
levenshtein,2280,eval_content_f1,0.997333,0.001434,3
levenshtein,2290,eval_content_f1,0.997833,0.00085,3
levenshtein,2300,eval_content_f1,0.996833,0.0017,3
levenshtein,2310,eval_content_f1,0.994333,0.003424,3
levenshtein,2320,eval_content_f1,0.994833,0.002718,3
levenshtein,2330,eval_content_f1,0.996167,0.002896,3
levenshtein,2340,eval_content_f1,0.996833,0.001247,3
levenshtein,2350,eval_content_f1,0.995,0.003488,3
levenshtein,2360,eval_content_f1,0.995667,0.001841,3
levenshtein,2370,eval_content_f1,0.995833,0.001434,3
levenshtein,2380,eval_content_f1,0.996667,0.002248,3
levenshtein,2390,eval_content_f1,0.9955,0.001633,3
levenshtein,2400,eval_content_f1,0.997278,0.000965,3
levenshtein,2410,eval_content_f1,0.997667,0.000624,3
levenshtein,2420,eval_content_f1,0.995919,0.001893,3
levenshtein,2430,eval_content_f1,0.996667,0.001027,3
levenshtein,2440,eval_content_f1,0.9975,0.000816,3
levenshtein,2450,eval_content_f1,0.998333,0.000471,3
levenshtein,2460,eval_content_f1,0.9965,0.002677,3
levenshtein,2470,eval_content_f1,0.995833,0.001841,3
levenshtein,2480,eval_content_f1,0.998833,0.000624,3
levenshtein,2490,eval_content_f1,0.9975,0.00178,3
levenshtein,2500,eval_content_f1,0.997833,0.001179,3
levenshtein,2510,eval_content_f1,0.998833,0.000943,3
levenshtein,2520,eval_content_f1,0.998167,0.001247,3
levenshtein,2530,eval_content_f1,0.996833,0.001841,3
levenshtein,2540,eval_content_f1,0.99651,0.002844,3
levenshtein,2550,eval_content_f1,0.998087,0.000712,3
levenshtein,2560,eval_content_f1,0.997333,0.001841,3
levenshtein,2570,eval_content_f1,0.998,0.00108,3
levenshtein,2580,eval_content_f1,0.997833,0.00165,3
levenshtein,2590,eval_content_f1,0.9965,0.001472,3
levenshtein,2600,eval_content_f1,0.996254,0.000348,3
levenshtein,2610,eval_content_f1,0.997333,0.001027,3
levenshtein,2620,eval_content_f1,0.997167,0.002248,3
levenshtein,2630,eval_content_f1,0.997611,0.000283,3
levenshtein,2640,eval_content_f1,0.997833,0.00085,3
levenshtein,2650,eval_content_f1,0.995801,0.001668,3
levenshtein,2660,eval_content_f1,0.998333,0.001027,3
levenshtein,2670,eval_content_f1,0.997,0.00178,3
levenshtein,2680,eval_content_f1,0.997833,0.001434,3
levenshtein,2690,eval_content_f1,0.997333,0.000471,3
levenshtein,2700,eval_content_f1,0.995333,0.000471,3
levenshtein,2710,eval_content_f1,0.995,0.00324,3
levenshtein,2720,eval_content_f1,0.996,0.003266,3
levenshtein,2730,eval_content_f1,0.996,0.00255,3
levenshtein,2740,eval_content_f1,0.995119,0.004544,3
levenshtein,2750,eval_content_f1,0.997833,0.00165,3
levenshtein,2760,eval_content_f1,0.9965,0.001871,3
levenshtein,2770,eval_content_f1,0.996333,0.002494,3
levenshtein,2780,eval_content_f1,0.9975,0.001472,3
levenshtein,2790,eval_content_f1,0.996278,0.003134,3
levenshtein,2800,eval_content_f1,0.995833,0.002718,3
levenshtein,2810,eval_content_f1,0.997012,0.001962,3
levenshtein,2820,eval_content_f1,0.997667,0.001027,3
levenshtein,2830,eval_content_f1,0.996919,0.002597,3
levenshtein,2840,eval_content_f1,0.994919,0.003027,3
levenshtein,2850,eval_content_f1,0.9955,0.003342,3
levenshtein,2860,eval_content_f1,0.996167,0.002656,3
levenshtein,2870,eval_content_f1,0.996167,0.002656,3
levenshtein,2880,eval_content_f1,0.996333,0.001247,3
levenshtein,2890,eval_content_f1,0.9935,0.004082,3
levenshtein,2900,eval_content_f1,0.996333,0.002392,3
levenshtein,2910,eval_content_f1,0.998667,0.001179,3
levenshtein,2920,eval_content_f1,0.997,0.000707,3
levenshtein,2930,eval_content_f1,0.9965,0.000707,3
levenshtein,2940,eval_content_f1,0.996333,0.002494,3
levenshtein,2950,eval_content_f1,0.995086,0.001735,3
levenshtein,2960,eval_content_f1,0.997167,0.001546,3
levenshtein,2970,eval_content_f1,0.997167,0.001247,3
levenshtein,2980,eval_content_f1,0.996667,0.003118,3
levenshtein,2990,eval_content_f1,0.997833,0.000943,3
levenshtein,0,reward_mean,0.656921,0.020853,3
levenshtein,1,reward_mean,0.654025,0.029205,3
levenshtein,2,reward_mean,0.631912,0.011045,3
levenshtein,3,reward_mean,0.632227,0.029549,3
levenshtein,4,reward_mean,0.654427,0.006821,3
levenshtein,5,reward_mean,0.633357,0.029115,3
levenshtein,6,reward_mean,0.623007,0.009262,3
levenshtein,7,reward_mean,0.613769,0.02245,3
levenshtein,8,reward_mean,0.608544,0.018576,3
levenshtein,9,reward_mean,0.617318,0.016638,3
levenshtein,10,reward_mean,0.625027,0.027237,3
levenshtein,11,reward_mean,0.640104,0.018099,3
levenshtein,12,reward_mean,0.620409,0.031793,3
levenshtein,13,reward_mean,0.637435,0.002622,3
levenshtein,14,reward_mean,0.626172,0.004419,3
levenshtein,15,reward_mean,0.633428,0.040128,3
levenshtein,16,reward_mean,0.629188,0.014237,3
levenshtein,17,reward_mean,0.648722,0.016258,3
levenshtein,18,reward_mean,0.651172,0.020885,3
levenshtein,19,reward_mean,0.61875,0.0257,3
levenshtein,20,reward_mean,0.651827,0.03127,3
levenshtein,21,reward_mean,0.658328,0.006474,3
levenshtein,22,reward_mean,0.645672,0.005228,3
levenshtein,23,reward_mean,0.667643,0.005759,3
levenshtein,24,reward_mean,0.623224,0.014175,3
levenshtein,25,reward_mean,0.644141,0.022435,3
levenshtein,26,reward_mean,0.671549,0.028979,3
levenshtein,27,reward_mean,0.644568,0.008649,3
levenshtein,28,reward_mean,0.652488,0.007294,3
levenshtein,29,reward_mean,0.663325,0.023961,3
levenshtein,30,reward_mean,0.647331,0.005343,3
levenshtein,31,reward_mean,0.672765,0.022991,3
levenshtein,32,reward_mean,0.677886,0.026518,3
levenshtein,33,reward_mean,0.656214,0.003871,3
levenshtein,34,reward_mean,0.675521,0.018491,3
levenshtein,35,reward_mean,0.661174,0.027413,3
levenshtein,36,reward_mean,0.655729,0.011421,3
levenshtein,37,reward_mean,0.658203,0.005823,3
levenshtein,38,reward_mean,0.681262,0.012719,3
levenshtein,39,reward_mean,0.65878,0.006644,3
levenshtein,40,reward_mean,0.68457,0.010366,3
levenshtein,41,reward_mean,0.665365,0.015951,3
levenshtein,42,reward_mean,0.680339,0.007867,3
levenshtein,43,reward_mean,0.66134,0.009647,3
levenshtein,44,reward_mean,0.675911,0.017885,3
levenshtein,45,reward_mean,0.661393,0.011972,3
levenshtein,46,reward_mean,0.664556,0.01117,3
levenshtein,47,reward_mean,0.64705,0.012443,3
levenshtein,48,reward_mean,0.663185,0.011987,3
levenshtein,49,reward_mean,0.672656,0.014289,3
levenshtein,50,reward_mean,0.679167,0.035575,3
levenshtein,51,reward_mean,0.66276,0.024592,3
levenshtein,52,reward_mean,0.681795,0.005634,3
levenshtein,53,reward_mean,0.644466,0.013767,3
levenshtein,54,reward_mean,0.664489,0.010898,3
levenshtein,55,reward_mean,0.655763,0.016279,3
levenshtein,56,reward_mean,0.663378,0.015383,3
levenshtein,57,reward_mean,0.663672,0.025895,3
levenshtein,58,reward_mean,0.667614,0.014475,3
levenshtein,59,reward_mean,0.666146,0.008596,3
levenshtein,60,reward_mean,0.673763,0.009489,3
levenshtein,61,reward_mean,0.690755,0.00802,3
levenshtein,62,reward_mean,0.671875,0.01109,3
levenshtein,63,reward_mean,0.67487,0.025872,3
levenshtein,64,reward_mean,0.673472,0.012554,3
levenshtein,65,reward_mean,0.68151,0.026111,3
levenshtein,66,reward_mean,0.67557,0.020854,3
levenshtein,67,reward_mean,0.696911,0.025945,3
levenshtein,68,reward_mean,0.661589,0.013874,3
levenshtein,69,reward_mean,0.660998,0.008686,3
levenshtein,70,reward_mean,0.658333,0.008806,3
levenshtein,71,reward_mean,0.671177,0.015729,3
levenshtein,72,reward_mean,0.688449,0.015879,3
levenshtein,73,reward_mean,0.68284,0.007017,3
levenshtein,74,reward_mean,0.688932,0.023159,3
levenshtein,75,reward_mean,0.66901,0.015383,3
levenshtein,76,reward_mean,0.683866,0.010631,3
levenshtein,77,reward_mean,0.685156,0.011535,3
levenshtein,78,reward_mean,0.686979,0.015852,3
levenshtein,79,reward_mean,0.69299,0.012029,3
levenshtein,80,reward_mean,0.696208,0.016138,3
levenshtein,81,reward_mean,0.694466,0.005972,3
levenshtein,82,reward_mean,0.672691,0.017654,3
levenshtein,83,reward_mean,0.702754,0.011738,3
levenshtein,84,reward_mean,0.690365,0.020175,3
levenshtein,85,reward_mean,0.677083,0.016994,3
levenshtein,86,reward_mean,0.68125,0.007189,3
levenshtein,87,reward_mean,0.668796,0.013007,3
levenshtein,88,reward_mean,0.690385,0.021406,3
levenshtein,89,reward_mean,0.686133,0.01767,3
levenshtein,90,reward_mean,0.706593,0.008833,3
levenshtein,91,reward_mean,0.697806,0.034685,3
levenshtein,92,reward_mean,0.692057,0.019183,3
levenshtein,93,reward_mean,0.682943,0.007918,3
levenshtein,94,reward_mean,0.682792,0.029111,3
levenshtein,95,reward_mean,0.690755,0.018256,3
levenshtein,96,reward_mean,0.71862,0.011386,3
levenshtein,97,reward_mean,0.696579,0.015063,3
levenshtein,98,reward_mean,0.690951,0.016051,3
levenshtein,99,reward_mean,0.690755,0.01319,3
levenshtein,100,reward_mean,0.693229,0.016696,3
levenshtein,101,reward_mean,0.685417,0.033026,3
levenshtein,102,reward_mean,0.694516,0.027179,3
levenshtein,103,reward_mean,0.698438,0.007473,3
levenshtein,104,reward_mean,0.676398,0.009853,3
levenshtein,105,reward_mean,0.670964,0.006293,3
levenshtein,106,reward_mean,0.708854,0.00549,3
levenshtein,107,reward_mean,0.686458,0.038276,3
levenshtein,108,reward_mean,0.707212,0.010111,3
levenshtein,109,reward_mean,0.690625,0.009478,3
levenshtein,110,reward_mean,0.689323,0.01604,3
levenshtein,111,reward_mean,0.702865,0.010391,3
levenshtein,112,reward_mean,0.700955,0.014016,3
levenshtein,113,reward_mean,0.709553,0.027407,3
levenshtein,114,reward_mean,0.683243,0.012604,3
levenshtein,115,reward_mean,0.703516,0.018375,3
levenshtein,116,reward_mean,0.698302,0.005217,3
levenshtein,117,reward_mean,0.696571,0.012412,3
levenshtein,118,reward_mean,0.689289,0.017584,3
levenshtein,119,reward_mean,0.697746,0.027483,3
levenshtein,120,reward_mean,0.690032,0.016821,3
levenshtein,121,reward_mean,0.66726,0.02295,3
levenshtein,122,reward_mean,0.693676,0.015051,3
levenshtein,123,reward_mean,0.719271,0.032092,3
levenshtein,124,reward_mean,0.695312,0.020739,3
levenshtein,125,reward_mean,0.695312,0.013262,3
levenshtein,126,reward_mean,0.676398,0.00598,3
levenshtein,127,reward_mean,0.709115,0.043378,3
levenshtein,128,reward_mean,0.698047,0.014682,3
levenshtein,129,reward_mean,0.697591,0.016054,3
levenshtein,130,reward_mean,0.714844,0.007224,3
levenshtein,131,reward_mean,0.711849,0.021022,3
levenshtein,132,reward_mean,0.697483,0.002773,3
levenshtein,133,reward_mean,0.711458,0.00759,3
levenshtein,134,reward_mean,0.697857,0.010351,3
levenshtein,135,reward_mean,0.707113,0.019103,3
levenshtein,136,reward_mean,0.706086,0.014247,3
levenshtein,137,reward_mean,0.711747,0.020513,3
levenshtein,138,reward_mean,0.726515,0.002038,3
levenshtein,139,reward_mean,0.702734,0.019408,3
levenshtein,140,reward_mean,0.710156,0.01119,3
levenshtein,141,reward_mean,0.697135,0.017094,3
levenshtein,142,reward_mean,0.70347,0.009199,3
levenshtein,143,reward_mean,0.682312,0.018815,3
levenshtein,144,reward_mean,0.702604,0.027919,3
levenshtein,145,reward_mean,0.704836,0.021738,3
levenshtein,146,reward_mean,0.709635,0.014893,3
levenshtein,147,reward_mean,0.702138,0.020273,3
levenshtein,148,reward_mean,0.709766,0.020797,3
levenshtein,149,reward_mean,0.685547,0.00616,3
levenshtein,150,reward_mean,0.672005,0.015264,3
levenshtein,151,reward_mean,0.682161,0.004101,3
levenshtein,152,reward_mean,0.70638,0.015839,3
levenshtein,153,reward_mean,0.708831,0.02156,3
levenshtein,154,reward_mean,0.712471,0.012968,3
levenshtein,155,reward_mean,0.73138,0.010317,3
levenshtein,156,reward_mean,0.707144,0.022061,3
levenshtein,157,reward_mean,0.720833,0.024466,3
levenshtein,158,reward_mean,0.693501,0.007037,3
levenshtein,159,reward_mean,0.715755,0.017876,3
levenshtein,160,reward_mean,0.700521,0.01319,3
levenshtein,161,reward_mean,0.693182,0.017347,3
levenshtein,162,reward_mean,0.696647,0.005429,3
levenshtein,163,reward_mean,0.710547,0.027249,3
levenshtein,164,reward_mean,0.710872,0.022095,3
levenshtein,165,reward_mean,0.723624,0.026274,3
levenshtein,166,reward_mean,0.698568,0.009889,3
levenshtein,167,reward_mean,0.711213,0.012045,3
levenshtein,168,reward_mean,0.695584,0.030993,3
levenshtein,169,reward_mean,0.695312,0.013498,3
levenshtein,170,reward_mean,0.714487,0.011224,3
levenshtein,171,reward_mean,0.709375,0.020985,3
levenshtein,172,reward_mean,0.712925,0.027383,3
levenshtein,173,reward_mean,0.706346,0.012953,3
levenshtein,174,reward_mean,0.690649,0.023549,3
levenshtein,175,reward_mean,0.689323,0.012309,3
levenshtein,176,reward_mean,0.73111,0.016848,3
levenshtein,177,reward_mean,0.722999,0.017424,3
levenshtein,178,reward_mean,0.713423,0.0217,3
levenshtein,179,reward_mean,0.707613,0.01002,3
levenshtein,180,reward_mean,0.703646,0.023613,3
levenshtein,181,reward_mean,0.722668,0.017536,3
levenshtein,182,reward_mean,0.709635,0.013359,3
levenshtein,183,reward_mean,0.70638,0.018351,3
levenshtein,184,reward_mean,0.691276,0.018026,3
levenshtein,185,reward_mean,0.709245,0.023924,3
levenshtein,186,reward_mean,0.716406,0.023531,3
levenshtein,187,reward_mean,0.734896,0.021186,3
levenshtein,188,reward_mean,0.701763,0.031014,3
levenshtein,189,reward_mean,0.724533,0.009084,3
levenshtein,190,reward_mean,0.71237,0.002558,3
levenshtein,191,reward_mean,0.71849,0.016836,3
levenshtein,192,reward_mean,0.716406,0.008457,3
levenshtein,193,reward_mean,0.743403,0.00319,3
levenshtein,194,reward_mean,0.706771,0.036536,3
levenshtein,195,reward_mean,0.72513,0.01522,3
levenshtein,196,reward_mean,0.730599,0.034177,3
levenshtein,197,reward_mean,0.732774,0.003973,3
levenshtein,198,reward_mean,0.707943,0.012823,3
levenshtein,199,reward_mean,0.72384,0.018942,3
levenshtein,200,reward_mean,0.721745,0.026513,3
levenshtein,201,reward_mean,0.728314,0.012722,3
levenshtein,202,reward_mean,0.7101,0.026301,3
levenshtein,203,reward_mean,0.692578,0.018696,3
levenshtein,204,reward_mean,0.709635,0.02964,3
levenshtein,205,reward_mean,0.703646,0.002894,3
levenshtein,206,reward_mean,0.708464,0.018533,3
levenshtein,207,reward_mean,0.722786,0.010208,3
levenshtein,208,reward_mean,0.707422,0.017128,3
levenshtein,209,reward_mean,0.724905,0.007326,3
levenshtein,210,reward_mean,0.720964,0.004648,3
levenshtein,211,reward_mean,0.711849,0.02457,3
levenshtein,212,reward_mean,0.701823,0.011488,3
levenshtein,213,reward_mean,0.707758,0.004797,3
levenshtein,214,reward_mean,0.705904,0.013175,3
levenshtein,215,reward_mean,0.697526,0.011457,3
levenshtein,216,reward_mean,0.717023,0.005478,3
levenshtein,217,reward_mean,0.724978,0.017412,3
levenshtein,218,reward_mean,0.729111,0.018666,3
levenshtein,219,reward_mean,0.730041,0.016725,3
levenshtein,220,reward_mean,0.714959,0.019697,3
levenshtein,221,reward_mean,0.685938,0.011272,3
levenshtein,222,reward_mean,0.719661,0.020876,3
levenshtein,223,reward_mean,0.738572,0.012418,3
levenshtein,224,reward_mean,0.703597,0.003689,3
levenshtein,225,reward_mean,0.730537,0.017362,3
levenshtein,226,reward_mean,0.722047,0.009024,3
levenshtein,227,reward_mean,0.726302,0.036592,3
levenshtein,228,reward_mean,0.720182,0.010464,3
levenshtein,229,reward_mean,0.720182,0.030626,3
levenshtein,230,reward_mean,0.717318,0.008325,3
levenshtein,231,reward_mean,0.733215,0.008815,3
levenshtein,232,reward_mean,0.712891,0.018507,3
levenshtein,233,reward_mean,0.717478,0.021616,3
levenshtein,234,reward_mean,0.714063,0.007675,3
levenshtein,235,reward_mean,0.727344,0.007224,3
levenshtein,236,reward_mean,0.735156,0.015333,3
levenshtein,237,reward_mean,0.726259,0.043422,3
levenshtein,238,reward_mean,0.705044,0.014761,3
levenshtein,239,reward_mean,0.72793,0.017889,3
levenshtein,240,reward_mean,0.730208,0.008134,3
levenshtein,241,reward_mean,0.736538,0.007595,3
levenshtein,242,reward_mean,0.730729,0.018032,3
levenshtein,243,reward_mean,0.707594,0.021591,3
levenshtein,244,reward_mean,0.717876,0.020728,3
levenshtein,245,reward_mean,0.716993,0.032899,3
levenshtein,246,reward_mean,0.725787,0.014358,3
levenshtein,247,reward_mean,0.711979,0.006088,3
levenshtein,248,reward_mean,0.739725,0.03212,3
levenshtein,249,reward_mean,0.732559,0.005081,3
levenshtein,250,reward_mean,0.734712,0.010049,3
levenshtein,251,reward_mean,0.719038,0.011018,3
levenshtein,252,reward_mean,0.730516,0.015154,3
levenshtein,253,reward_mean,0.748503,0.028399,3
levenshtein,254,reward_mean,0.718294,0.023221,3
levenshtein,255,reward_mean,0.717365,0.02699,3
levenshtein,256,reward_mean,0.738281,0.016976,3
levenshtein,257,reward_mean,0.737275,0.013413,3
levenshtein,258,reward_mean,0.724184,0.013016,3
levenshtein,259,reward_mean,0.715855,0.015106,3
levenshtein,260,reward_mean,0.732143,0.026553,3
levenshtein,261,reward_mean,0.728049,0.017252,3
levenshtein,262,reward_mean,0.715625,0.003141,3
levenshtein,263,reward_mean,0.728516,0.021566,3
levenshtein,264,reward_mean,0.721712,0.012934,3
levenshtein,265,reward_mean,0.722005,0.011013,3
levenshtein,266,reward_mean,0.696354,0.013757,3
levenshtein,267,reward_mean,0.713932,0.000487,3
levenshtein,268,reward_mean,0.718056,0.012242,3
levenshtein,269,reward_mean,0.72614,0.002341,3
levenshtein,270,reward_mean,0.714598,0.026178,3
levenshtein,271,reward_mean,0.729353,0.021312,3
levenshtein,272,reward_mean,0.725996,0.00773,3
levenshtein,273,reward_mean,0.72819,0.00901,3
levenshtein,274,reward_mean,0.727083,0.002963,3
levenshtein,275,reward_mean,0.736328,0.007734,3
levenshtein,276,reward_mean,0.74864,0.021198,3
levenshtein,277,reward_mean,0.718762,0.011036,3
levenshtein,278,reward_mean,0.736979,0.022229,3
levenshtein,279,reward_mean,0.753255,0.01447,3
levenshtein,280,reward_mean,0.735938,0.012674,3
levenshtein,281,reward_mean,0.726107,0.019132,3
levenshtein,282,reward_mean,0.750391,0.004219,3
levenshtein,283,reward_mean,0.76044,0.008162,3
levenshtein,284,reward_mean,0.740551,0.010639,3
levenshtein,285,reward_mean,0.73642,0.00942,3
levenshtein,286,reward_mean,0.74226,0.011565,3
levenshtein,287,reward_mean,0.739637,0.024242,3
levenshtein,288,reward_mean,0.729818,0.016012,3
levenshtein,289,reward_mean,0.732388,0.019449,3
levenshtein,290,reward_mean,0.703161,0.011177,3
levenshtein,291,reward_mean,0.715776,0.025237,3
levenshtein,292,reward_mean,0.73928,0.002065,3
levenshtein,293,reward_mean,0.730054,0.005585,3
levenshtein,294,reward_mean,0.726324,0.019696,3
levenshtein,295,reward_mean,0.731908,0.013822,3
levenshtein,296,reward_mean,0.724479,0.023809,3
levenshtein,297,reward_mean,0.739198,0.015502,3
levenshtein,298,reward_mean,0.695052,0.019323,3
levenshtein,299,reward_mean,0.746226,0.020958,3
levenshtein,300,reward_mean,0.72309,0.039524,3
levenshtein,301,reward_mean,0.750462,0.002063,3
levenshtein,302,reward_mean,0.737946,0.022875,3
levenshtein,303,reward_mean,0.718815,0.016124,3
levenshtein,304,reward_mean,0.7223,0.011738,3
levenshtein,305,reward_mean,0.714618,0.005527,3
levenshtein,306,reward_mean,0.745443,0.006004,3
levenshtein,307,reward_mean,0.744827,0.007685,3
levenshtein,308,reward_mean,0.715532,0.017734,3
levenshtein,309,reward_mean,0.719922,0.023388,3
levenshtein,310,reward_mean,0.748439,0.001914,3
levenshtein,311,reward_mean,0.741368,0.006234,3
levenshtein,312,reward_mean,0.727344,0.007103,3
levenshtein,313,reward_mean,0.746745,0.023132,3
levenshtein,314,reward_mean,0.740961,0.013494,3
levenshtein,315,reward_mean,0.713643,0.007348,3
levenshtein,316,reward_mean,0.728029,0.025944,3
levenshtein,317,reward_mean,0.703872,0.016093,3
levenshtein,318,reward_mean,0.72616,0.005734,3
levenshtein,319,reward_mean,0.734431,0.020195,3
levenshtein,320,reward_mean,0.720685,0.024973,3
levenshtein,321,reward_mean,0.749469,0.019692,3
levenshtein,322,reward_mean,0.760708,0.018829,3
levenshtein,323,reward_mean,0.725935,0.02333,3
levenshtein,324,reward_mean,0.74966,0.017088,3
levenshtein,325,reward_mean,0.739499,0.003167,3
levenshtein,326,reward_mean,0.721484,0.018047,3
levenshtein,327,reward_mean,0.73098,0.011402,3
levenshtein,328,reward_mean,0.723416,0.013777,3
levenshtein,329,reward_mean,0.730562,0.006568,3
levenshtein,330,reward_mean,0.739909,0.013477,3
levenshtein,331,reward_mean,0.754795,0.008978,3
levenshtein,332,reward_mean,0.715414,0.01636,3
levenshtein,333,reward_mean,0.733272,0.025861,3
levenshtein,334,reward_mean,0.742992,0.02035,3
levenshtein,335,reward_mean,0.754036,0.002558,3
levenshtein,336,reward_mean,0.734345,0.00941,3
levenshtein,337,reward_mean,0.739635,0.016428,3
levenshtein,338,reward_mean,0.728475,0.013022,3
levenshtein,339,reward_mean,0.735938,0.010443,3
levenshtein,340,reward_mean,0.725272,0.028054,3
levenshtein,341,reward_mean,0.758393,0.018102,3
levenshtein,342,reward_mean,0.731798,0.001275,3
levenshtein,343,reward_mean,0.75332,0.012329,3
levenshtein,344,reward_mean,0.738252,0.012628,3
levenshtein,345,reward_mean,0.716116,0.026711,3
levenshtein,346,reward_mean,0.747496,0.008473,3
levenshtein,347,reward_mean,0.769804,0.021173,3
levenshtein,348,reward_mean,0.731574,0.007959,3
levenshtein,349,reward_mean,0.740848,0.008045,3
levenshtein,350,reward_mean,0.762994,0.01562,3
levenshtein,351,reward_mean,0.745406,0.007873,3
levenshtein,352,reward_mean,0.751287,0.008429,3
levenshtein,353,reward_mean,0.747886,0.011845,3
levenshtein,354,reward_mean,0.757728,0.019038,3
levenshtein,355,reward_mean,0.739084,0.018052,3
levenshtein,356,reward_mean,0.755621,0.009524,3
levenshtein,357,reward_mean,0.727923,0.031687,3
levenshtein,358,reward_mean,0.740461,0.030646,3
levenshtein,359,reward_mean,0.754622,0.014628,3
levenshtein,360,reward_mean,0.761849,0.020869,3
levenshtein,361,reward_mean,0.748828,0.016276,3
levenshtein,362,reward_mean,0.737618,0.016175,3
levenshtein,363,reward_mean,0.766905,0.003145,3
levenshtein,364,reward_mean,0.754287,0.006381,3
levenshtein,365,reward_mean,0.762109,0.01119,3
levenshtein,366,reward_mean,0.732106,0.016536,3
levenshtein,367,reward_mean,0.731843,0.028477,3
levenshtein,368,reward_mean,0.750429,0.010385,3
levenshtein,369,reward_mean,0.727241,0.01729,3
levenshtein,370,reward_mean,0.730729,0.00622,3
levenshtein,371,reward_mean,0.740603,0.022399,3
levenshtein,372,reward_mean,0.758221,0.017786,3
levenshtein,373,reward_mean,0.72526,0.002307,3
levenshtein,374,reward_mean,0.756055,0.006425,3
levenshtein,375,reward_mean,0.7497,0.016722,3
levenshtein,376,reward_mean,0.752083,0.021372,3
levenshtein,377,reward_mean,0.743294,0.021973,3
levenshtein,378,reward_mean,0.737464,0.008343,3
levenshtein,379,reward_mean,0.743496,0.01751,3
levenshtein,380,reward_mean,0.7358,0.026799,3
levenshtein,381,reward_mean,0.738728,0.020913,3
levenshtein,382,reward_mean,0.750971,0.010671,3
levenshtein,383,reward_mean,0.772799,0.016422,3
levenshtein,384,reward_mean,0.755029,0.014072,3
levenshtein,385,reward_mean,0.747917,0.036561,3
levenshtein,386,reward_mean,0.744364,0.018145,3
levenshtein,387,reward_mean,0.755541,0.01573,3
levenshtein,388,reward_mean,0.721097,0.014905,3
levenshtein,389,reward_mean,0.751953,0.01271,3
levenshtein,390,reward_mean,0.75638,0.007191,3
levenshtein,391,reward_mean,0.753144,0.015636,3
levenshtein,392,reward_mean,0.76533,0.006733,3
levenshtein,393,reward_mean,0.74428,0.014541,3
levenshtein,394,reward_mean,0.734482,0.007246,3
levenshtein,395,reward_mean,0.775067,0.00636,3
levenshtein,396,reward_mean,0.741016,0.0023,3
levenshtein,397,reward_mean,0.756933,0.010689,3
levenshtein,398,reward_mean,0.74897,0.02593,3
levenshtein,399,reward_mean,0.752995,0.012542,3
levenshtein,400,reward_mean,0.757096,0.009993,3
levenshtein,401,reward_mean,0.762634,0.029446,3
levenshtein,402,reward_mean,0.755051,0.011871,3
levenshtein,403,reward_mean,0.740312,0.002115,3
levenshtein,404,reward_mean,0.743917,0.018505,3
levenshtein,405,reward_mean,0.745103,0.012901,3
levenshtein,406,reward_mean,0.746117,0.006867,3
levenshtein,407,reward_mean,0.738802,0.011032,3
levenshtein,408,reward_mean,0.754793,0.019967,3
levenshtein,409,reward_mean,0.747917,0.008416,3
levenshtein,410,reward_mean,0.72312,0.014979,3
levenshtein,411,reward_mean,0.737984,0.01063,3
levenshtein,412,reward_mean,0.755718,0.016248,3
levenshtein,413,reward_mean,0.757292,0.019706,3
levenshtein,414,reward_mean,0.747266,0.011801,3
levenshtein,415,reward_mean,0.741483,0.02935,3
levenshtein,416,reward_mean,0.733484,0.018905,3
levenshtein,417,reward_mean,0.748958,0.013109,3
levenshtein,418,reward_mean,0.747786,0.005619,3
levenshtein,419,reward_mean,0.742841,0.01643,3
levenshtein,420,reward_mean,0.754993,0.007376,3
levenshtein,421,reward_mean,0.755378,0.003415,3
levenshtein,422,reward_mean,0.756918,0.026605,3
levenshtein,423,reward_mean,0.736225,0.025859,3
levenshtein,424,reward_mean,0.737968,0.00885,3
levenshtein,425,reward_mean,0.761695,0.019742,3
levenshtein,426,reward_mean,0.743476,0.013236,3
levenshtein,427,reward_mean,0.736882,0.007918,3
levenshtein,428,reward_mean,0.759759,0.017691,3
levenshtein,429,reward_mean,0.753402,0.006006,3
levenshtein,430,reward_mean,0.757045,0.017121,3
levenshtein,431,reward_mean,0.757943,0.009602,3
levenshtein,432,reward_mean,0.757642,0.028803,3
levenshtein,433,reward_mean,0.727604,0.021465,3
levenshtein,434,reward_mean,0.74974,0.015019,3
levenshtein,435,reward_mean,0.742708,0.012088,3
levenshtein,436,reward_mean,0.776554,0.012909,3
levenshtein,437,reward_mean,0.747591,0.005777,3
levenshtein,438,reward_mean,0.767345,0.005968,3
levenshtein,439,reward_mean,0.745071,0.016601,3
levenshtein,440,reward_mean,0.751598,0.030469,3
levenshtein,441,reward_mean,0.745322,0.018016,3
levenshtein,442,reward_mean,0.740004,0.023219,3
levenshtein,443,reward_mean,0.767981,0.015271,3
levenshtein,444,reward_mean,0.756517,0.021908,3
levenshtein,445,reward_mean,0.752515,0.003737,3
levenshtein,446,reward_mean,0.748754,0.017686,3
levenshtein,447,reward_mean,0.760593,0.018855,3
levenshtein,448,reward_mean,0.756209,0.019418,3
levenshtein,449,reward_mean,0.766798,0.005134,3
levenshtein,450,reward_mean,0.770608,0.025772,3
levenshtein,451,reward_mean,0.745631,0.033779,3
levenshtein,452,reward_mean,0.744866,0.014642,3
levenshtein,453,reward_mean,0.748545,0.009762,3
levenshtein,454,reward_mean,0.730784,0.031019,3
levenshtein,455,reward_mean,0.747851,0.027081,3
levenshtein,456,reward_mean,0.744922,0.00575,3
levenshtein,457,reward_mean,0.749709,0.018429,3
levenshtein,458,reward_mean,0.756684,0.009251,3
levenshtein,459,reward_mean,0.740142,0.013478,3
levenshtein,460,reward_mean,0.758085,0.021076,3
levenshtein,461,reward_mean,0.753185,0.026161,3
levenshtein,462,reward_mean,0.760581,0.026201,3
levenshtein,463,reward_mean,0.758984,0.008493,3
levenshtein,464,reward_mean,0.740099,0.001866,3
levenshtein,465,reward_mean,0.746259,0.020633,3
levenshtein,466,reward_mean,0.765112,0.01228,3
levenshtein,467,reward_mean,0.736608,0.011835,3
levenshtein,468,reward_mean,0.744027,0.013526,3
levenshtein,469,reward_mean,0.736239,0.019983,3
levenshtein,470,reward_mean,0.763771,0.022656,3
levenshtein,471,reward_mean,0.749231,0.019096,3
levenshtein,472,reward_mean,0.770755,0.023499,3
levenshtein,473,reward_mean,0.747221,0.000552,3
levenshtein,474,reward_mean,0.760639,0.019367,3
levenshtein,475,reward_mean,0.756789,0.015003,3
levenshtein,476,reward_mean,0.768672,0.008408,3
levenshtein,477,reward_mean,0.763672,0.030938,3
levenshtein,478,reward_mean,0.76875,0.008138,3
levenshtein,479,reward_mean,0.766412,0.007068,3
levenshtein,480,reward_mean,0.755042,0.017381,3
levenshtein,481,reward_mean,0.771895,0.017327,3
levenshtein,482,reward_mean,0.748722,0.007379,3
levenshtein,483,reward_mean,0.734803,0.016301,3
levenshtein,484,reward_mean,0.749077,0.01151,3
levenshtein,485,reward_mean,0.772028,0.004763,3
levenshtein,486,reward_mean,0.766818,0.006388,3
levenshtein,487,reward_mean,0.76358,0.022132,3
levenshtein,488,reward_mean,0.751971,0.015674,3
levenshtein,489,reward_mean,0.752724,0.019811,3
levenshtein,490,reward_mean,0.75022,0.031377,3
levenshtein,491,reward_mean,0.780894,0.010264,3
levenshtein,492,reward_mean,0.743798,0.017202,3
levenshtein,493,reward_mean,0.741131,0.009435,3
levenshtein,494,reward_mean,0.768947,0.019702,3
levenshtein,495,reward_mean,0.767475,0.033929,3
levenshtein,496,reward_mean,0.753214,0.007552,3
levenshtein,497,reward_mean,0.766502,0.010417,3
levenshtein,498,reward_mean,0.777563,0.004831,3
levenshtein,499,reward_mean,0.746181,0.01919,3
levenshtein,500,reward_mean,0.778857,0.030828,3
levenshtein,501,reward_mean,0.752771,0.018331,3
levenshtein,502,reward_mean,0.754539,0.025517,3
levenshtein,503,reward_mean,0.778587,0.005438,3
levenshtein,504,reward_mean,0.742795,0.033514,3
levenshtein,505,reward_mean,0.756841,0.007717,3
levenshtein,506,reward_mean,0.761977,0.013725,3
levenshtein,507,reward_mean,0.778234,0.012844,3
levenshtein,508,reward_mean,0.76311,0.016639,3
levenshtein,509,reward_mean,0.754841,0.013274,3
levenshtein,510,reward_mean,0.77143,0.002172,3
levenshtein,511,reward_mean,0.759065,0.020518,3
levenshtein,512,reward_mean,0.760653,0.016473,3
levenshtein,513,reward_mean,0.743158,0.015647,3
levenshtein,514,reward_mean,0.731113,0.012636,3
levenshtein,515,reward_mean,0.776327,0.016673,3
levenshtein,516,reward_mean,0.753842,0.008436,3
levenshtein,517,reward_mean,0.752762,0.014985,3
levenshtein,518,reward_mean,0.773568,0.008713,3
levenshtein,519,reward_mean,0.753272,0.019463,3
levenshtein,520,reward_mean,0.761719,0.014289,3
levenshtein,521,reward_mean,0.757929,0.023784,3
levenshtein,522,reward_mean,0.754443,0.016502,3
levenshtein,523,reward_mean,0.768178,0.006696,3
levenshtein,524,reward_mean,0.753061,0.028222,3
levenshtein,525,reward_mean,0.779812,0.011108,3
levenshtein,526,reward_mean,0.762069,0.017064,3
levenshtein,527,reward_mean,0.766513,0.028747,3
levenshtein,528,reward_mean,0.772837,0.010519,3
levenshtein,529,reward_mean,0.744975,0.012439,3
levenshtein,530,reward_mean,0.767578,0.022237,3
levenshtein,531,reward_mean,0.779448,0.025191,3
levenshtein,532,reward_mean,0.774403,0.01687,3
levenshtein,533,reward_mean,0.768282,0.019572,3
levenshtein,534,reward_mean,0.740942,0.011228,3
levenshtein,535,reward_mean,0.767708,0.016702,3
levenshtein,536,reward_mean,0.764066,0.025635,3
levenshtein,537,reward_mean,0.755035,0.0174,3
levenshtein,538,reward_mean,0.756806,0.025127,3
levenshtein,539,reward_mean,0.764223,0.004754,3
levenshtein,540,reward_mean,0.758268,0.019462,3
levenshtein,541,reward_mean,0.744584,0.012887,3
levenshtein,542,reward_mean,0.780478,0.017854,3
levenshtein,543,reward_mean,0.744509,0.021651,3
levenshtein,544,reward_mean,0.745639,0.006705,3
levenshtein,545,reward_mean,0.785643,0.011288,3
levenshtein,546,reward_mean,0.756216,0.010329,3
levenshtein,547,reward_mean,0.76156,0.011903,3
levenshtein,548,reward_mean,0.755373,0.018898,3
levenshtein,549,reward_mean,0.745916,0.016282,3
levenshtein,550,reward_mean,0.76447,0.028617,3
levenshtein,551,reward_mean,0.765206,0.009109,3
levenshtein,552,reward_mean,0.752436,0.023234,3
levenshtein,553,reward_mean,0.754918,0.000771,3
levenshtein,554,reward_mean,0.767674,0.025724,3
levenshtein,555,reward_mean,0.766465,0.011306,3
levenshtein,556,reward_mean,0.74952,0.011819,3
levenshtein,557,reward_mean,0.754209,0.011943,3
levenshtein,558,reward_mean,0.781268,0.009504,3
levenshtein,559,reward_mean,0.752344,0.011887,3
levenshtein,560,reward_mean,0.762158,0.007754,3
levenshtein,561,reward_mean,0.761015,0.035714,3
levenshtein,562,reward_mean,0.767205,0.028414,3
levenshtein,563,reward_mean,0.759953,0.015686,3
levenshtein,564,reward_mean,0.754899,0.025816,3
levenshtein,565,reward_mean,0.780339,0.00838,3
levenshtein,566,reward_mean,0.777144,0.011852,3
levenshtein,567,reward_mean,0.764265,0.034995,3
levenshtein,568,reward_mean,0.771974,0.006136,3
levenshtein,569,reward_mean,0.77971,0.017411,3
levenshtein,570,reward_mean,0.78506,0.008336,3
levenshtein,571,reward_mean,0.777826,0.009528,3
levenshtein,572,reward_mean,0.789216,0.014878,3
levenshtein,573,reward_mean,0.77298,0.016134,3
levenshtein,574,reward_mean,0.769567,0.013738,3
levenshtein,575,reward_mean,0.749595,0.008946,3
levenshtein,576,reward_mean,0.778101,0.016131,3
levenshtein,577,reward_mean,0.785387,0.025831,3
levenshtein,578,reward_mean,0.756373,0.016279,3
levenshtein,579,reward_mean,0.751754,0.010334,3
levenshtein,580,reward_mean,0.79215,0.019514,3
levenshtein,581,reward_mean,0.771938,0.00889,3
levenshtein,582,reward_mean,0.773191,0.007194,3
levenshtein,583,reward_mean,0.766464,0.004881,3
levenshtein,584,reward_mean,0.774896,0.011136,3
levenshtein,585,reward_mean,0.770898,0.020303,3
levenshtein,586,reward_mean,0.764435,0.00967,3
levenshtein,587,reward_mean,0.788426,0.026548,3
levenshtein,588,reward_mean,0.754808,0.003535,3
levenshtein,589,reward_mean,0.778314,0.022954,3
levenshtein,590,reward_mean,0.761621,0.010268,3
levenshtein,591,reward_mean,0.793984,0.014282,3
levenshtein,592,reward_mean,0.759325,0.014633,3
levenshtein,593,reward_mean,0.75971,0.017704,3
levenshtein,594,reward_mean,0.766786,0.018093,3
levenshtein,595,reward_mean,0.767908,0.008684,3
levenshtein,596,reward_mean,0.765055,0.018509,3
levenshtein,597,reward_mean,0.783672,0.00236,3
levenshtein,598,reward_mean,0.749685,0.008777,3
levenshtein,599,reward_mean,0.749878,0.012455,3
levenshtein,600,reward_mean,0.757856,0.023993,3
levenshtein,601,reward_mean,0.75765,0.023912,3
levenshtein,602,reward_mean,0.787297,0.01091,3
levenshtein,603,reward_mean,0.745508,0.011238,3
levenshtein,604,reward_mean,0.744034,0.012903,3
levenshtein,605,reward_mean,0.784109,0.011248,3
levenshtein,606,reward_mean,0.776891,0.004655,3
levenshtein,607,reward_mean,0.760497,0.038747,3
levenshtein,608,reward_mean,0.752527,0.019484,3
levenshtein,609,reward_mean,0.781974,0.016935,3
levenshtein,610,reward_mean,0.762079,0.028712,3
levenshtein,611,reward_mean,0.775038,0.013034,3
levenshtein,612,reward_mean,0.751074,0.008605,3
levenshtein,613,reward_mean,0.747454,0.002754,3
levenshtein,614,reward_mean,0.762566,0.026607,3
levenshtein,615,reward_mean,0.778092,0.024771,3
levenshtein,616,reward_mean,0.772472,0.012763,3
levenshtein,617,reward_mean,0.775201,0.010998,3
levenshtein,618,reward_mean,0.773321,0.014775,3
levenshtein,619,reward_mean,0.768735,0.000351,3
levenshtein,620,reward_mean,0.752038,0.011997,3
levenshtein,621,reward_mean,0.778305,0.00863,3
levenshtein,622,reward_mean,0.783689,0.010128,3
levenshtein,623,reward_mean,0.75535,0.020953,3
levenshtein,624,reward_mean,0.761719,0.025221,3
levenshtein,625,reward_mean,0.763655,0.011668,3
levenshtein,626,reward_mean,0.77392,0.028221,3
levenshtein,627,reward_mean,0.791337,0.01226,3
levenshtein,628,reward_mean,0.769406,0.013031,3
levenshtein,629,reward_mean,0.756828,0.008485,3
levenshtein,630,reward_mean,0.772348,0.004893,3
levenshtein,631,reward_mean,0.783299,0.011247,3
levenshtein,632,reward_mean,0.774983,0.01274,3
levenshtein,633,reward_mean,0.764858,0.024949,3
levenshtein,634,reward_mean,0.772305,0.004471,3
levenshtein,635,reward_mean,0.753351,0.016387,3
levenshtein,636,reward_mean,0.78848,0.010366,3
levenshtein,637,reward_mean,0.792357,0.021363,3
levenshtein,638,reward_mean,0.77568,0.033999,3
levenshtein,639,reward_mean,0.789394,0.023418,3
levenshtein,640,reward_mean,0.776663,0.005356,3
levenshtein,641,reward_mean,0.760329,0.023456,3
levenshtein,642,reward_mean,0.771683,0.004261,3
levenshtein,643,reward_mean,0.792583,0.003468,3
levenshtein,644,reward_mean,0.787197,0.008535,3
levenshtein,645,reward_mean,0.762664,0.019672,3
levenshtein,646,reward_mean,0.754769,0.031076,3
levenshtein,647,reward_mean,0.788204,0.00613,3
levenshtein,648,reward_mean,0.760168,0.006502,3
levenshtein,649,reward_mean,0.765916,0.022496,3
levenshtein,650,reward_mean,0.77321,0.015506,3
levenshtein,651,reward_mean,0.792646,0.010453,3
levenshtein,652,reward_mean,0.80145,0.017621,3
levenshtein,653,reward_mean,0.774844,0.010984,3
levenshtein,654,reward_mean,0.783896,0.00955,3
levenshtein,655,reward_mean,0.780494,0.025721,3
levenshtein,656,reward_mean,0.774685,0.008807,3
levenshtein,657,reward_mean,0.75808,0.005124,3
levenshtein,658,reward_mean,0.765615,0.010035,3
levenshtein,659,reward_mean,0.774496,0.004299,3
levenshtein,660,reward_mean,0.775587,0.023369,3
levenshtein,661,reward_mean,0.766173,0.015049,3
levenshtein,662,reward_mean,0.773753,0.030722,3
levenshtein,663,reward_mean,0.765622,0.018963,3
levenshtein,664,reward_mean,0.759249,0.015891,3
levenshtein,665,reward_mean,0.773984,0.002371,3
levenshtein,666,reward_mean,0.784541,0.011606,3
levenshtein,667,reward_mean,0.776229,0.012857,3
levenshtein,668,reward_mean,0.782899,0.00857,3
levenshtein,669,reward_mean,0.784045,0.012094,3
levenshtein,670,reward_mean,0.789918,0.017853,3
levenshtein,671,reward_mean,0.770073,0.01058,3
levenshtein,672,reward_mean,0.777646,0.016722,3
levenshtein,673,reward_mean,0.758034,0.012864,3
levenshtein,674,reward_mean,0.774814,0.021624,3
levenshtein,675,reward_mean,0.74288,0.020379,3
levenshtein,676,reward_mean,0.76659,0.013381,3
levenshtein,677,reward_mean,0.773961,0.016555,3
levenshtein,678,reward_mean,0.788138,0.032707,3
levenshtein,679,reward_mean,0.772168,0.01022,3
levenshtein,680,reward_mean,0.778865,0.019072,3
levenshtein,681,reward_mean,0.777502,0.00573,3
levenshtein,682,reward_mean,0.785019,0.008844,3
levenshtein,683,reward_mean,0.786993,0.021545,3
levenshtein,684,reward_mean,0.778392,0.016909,3
levenshtein,685,reward_mean,0.766812,0.006933,3
levenshtein,686,reward_mean,0.778989,0.021474,3
levenshtein,687,reward_mean,0.782504,0.022932,3
levenshtein,688,reward_mean,0.769283,0.017847,3
levenshtein,689,reward_mean,0.784182,0.027375,3
levenshtein,690,reward_mean,0.764695,0.007451,3
levenshtein,691,reward_mean,0.776011,0.004348,3
levenshtein,692,reward_mean,0.781396,0.030599,3
levenshtein,693,reward_mean,0.770621,0.019692,3
levenshtein,694,reward_mean,0.791443,0.013137,3
levenshtein,695,reward_mean,0.77906,0.020171,3
levenshtein,696,reward_mean,0.767954,0.010253,3
levenshtein,697,reward_mean,0.776752,0.006224,3
levenshtein,698,reward_mean,0.795889,0.009922,3
levenshtein,699,reward_mean,0.766874,0.009882,3
levenshtein,700,reward_mean,0.793266,0.015164,3
levenshtein,701,reward_mean,0.79278,0.013519,3
levenshtein,702,reward_mean,0.780954,0.018464,3
levenshtein,703,reward_mean,0.781399,0.012989,3
levenshtein,704,reward_mean,0.762616,0.008104,3
levenshtein,705,reward_mean,0.771268,0.009392,3
levenshtein,706,reward_mean,0.780526,0.026504,3
levenshtein,707,reward_mean,0.77506,0.008861,3
levenshtein,708,reward_mean,0.797534,0.006037,3
levenshtein,709,reward_mean,0.758793,0.019159,3
levenshtein,710,reward_mean,0.77124,0.018952,3
levenshtein,711,reward_mean,0.801935,0.012836,3
levenshtein,712,reward_mean,0.777217,0.014913,3
levenshtein,713,reward_mean,0.757983,0.017291,3
levenshtein,714,reward_mean,0.770928,0.019839,3
levenshtein,715,reward_mean,0.786507,0.014545,3
levenshtein,716,reward_mean,0.785113,0.023127,3
levenshtein,717,reward_mean,0.771074,0.015691,3
levenshtein,718,reward_mean,0.773812,0.01942,3
levenshtein,719,reward_mean,0.790844,0.026985,3
levenshtein,720,reward_mean,0.766396,0.011349,3
levenshtein,721,reward_mean,0.747653,0.012261,3
levenshtein,722,reward_mean,0.779339,0.013889,3
levenshtein,723,reward_mean,0.793467,0.012917,3
levenshtein,724,reward_mean,0.766305,0.013397,3
levenshtein,725,reward_mean,0.771003,0.021137,3
levenshtein,726,reward_mean,0.769058,0.012954,3
levenshtein,727,reward_mean,0.781613,0.015723,3
levenshtein,728,reward_mean,0.786081,0.008678,3
levenshtein,729,reward_mean,0.787644,0.009729,3
levenshtein,730,reward_mean,0.779882,0.013033,3
levenshtein,731,reward_mean,0.781552,0.024949,3
levenshtein,732,reward_mean,0.768466,0.022212,3
levenshtein,733,reward_mean,0.786398,0.005492,3
levenshtein,734,reward_mean,0.786976,0.015837,3
levenshtein,735,reward_mean,0.789376,0.024053,3
levenshtein,736,reward_mean,0.778722,0.016834,3
levenshtein,737,reward_mean,0.771411,0.016119,3
levenshtein,738,reward_mean,0.780941,0.023626,3
levenshtein,739,reward_mean,0.794522,0.003942,3
levenshtein,740,reward_mean,0.786348,0.007171,3
levenshtein,741,reward_mean,0.763674,0.01544,3
levenshtein,742,reward_mean,0.783813,0.009828,3
levenshtein,743,reward_mean,0.787616,0.014906,3
levenshtein,744,reward_mean,0.791231,0.003813,3
levenshtein,745,reward_mean,0.801981,0.00975,3
levenshtein,746,reward_mean,0.787015,0.001582,3
levenshtein,747,reward_mean,0.767403,0.001782,3
levenshtein,748,reward_mean,0.795404,0.024067,3
levenshtein,749,reward_mean,0.775521,0.009728,3
levenshtein,750,reward_mean,0.778299,0.025484,3
levenshtein,751,reward_mean,0.776286,0.006291,3
levenshtein,752,reward_mean,0.774273,0.005019,3
levenshtein,753,reward_mean,0.772088,0.014172,3
levenshtein,754,reward_mean,0.782851,0.010039,3
levenshtein,755,reward_mean,0.804358,0.005576,3
levenshtein,756,reward_mean,0.781727,0.022037,3
levenshtein,757,reward_mean,0.775487,0.006989,3
levenshtein,758,reward_mean,0.785501,0.017228,3
levenshtein,759,reward_mean,0.766746,0.008489,3
levenshtein,760,reward_mean,0.777063,0.025452,3
levenshtein,761,reward_mean,0.780228,0.005865,3
levenshtein,762,reward_mean,0.779735,0.002486,3
levenshtein,763,reward_mean,0.774529,0.011499,3
levenshtein,764,reward_mean,0.786396,0.006335,3
levenshtein,765,reward_mean,0.790652,0.006795,3
levenshtein,766,reward_mean,0.784605,0.015026,3
levenshtein,767,reward_mean,0.796229,0.03025,3
levenshtein,768,reward_mean,0.789158,0.024434,3
levenshtein,769,reward_mean,0.76643,0.018619,3
levenshtein,770,reward_mean,0.787825,0.019105,3
levenshtein,771,reward_mean,0.764554,0.020397,3
levenshtein,772,reward_mean,0.787799,0.009185,3
levenshtein,773,reward_mean,0.781376,0.004532,3
levenshtein,774,reward_mean,0.790549,0.005621,3
levenshtein,775,reward_mean,0.793642,0.021179,3
levenshtein,776,reward_mean,0.782536,0.004526,3
levenshtein,777,reward_mean,0.782045,0.020893,3
levenshtein,778,reward_mean,0.784168,0.025948,3
levenshtein,779,reward_mean,0.760658,0.015794,3
levenshtein,780,reward_mean,0.770668,0.004043,3
levenshtein,781,reward_mean,0.776815,0.021225,3
levenshtein,782,reward_mean,0.762406,0.014882,3
levenshtein,783,reward_mean,0.763131,0.018572,3
levenshtein,784,reward_mean,0.803295,0.018951,3
levenshtein,785,reward_mean,0.779695,0.011654,3
levenshtein,786,reward_mean,0.773259,0.010522,3
levenshtein,787,reward_mean,0.782115,0.017109,3
levenshtein,788,reward_mean,0.756791,0.017343,3
levenshtein,789,reward_mean,0.775235,0.013304,3
levenshtein,790,reward_mean,0.79235,0.020845,3
levenshtein,791,reward_mean,0.813391,0.034652,3
levenshtein,792,reward_mean,0.773184,0.015338,3
levenshtein,793,reward_mean,0.786846,0.0203,3
levenshtein,794,reward_mean,0.777319,0.040418,3
levenshtein,795,reward_mean,0.788735,0.01354,3
levenshtein,796,reward_mean,0.793359,0.005846,3
levenshtein,797,reward_mean,0.7791,0.012906,3
levenshtein,798,reward_mean,0.765084,0.01043,3
levenshtein,799,reward_mean,0.773781,0.031319,3
levenshtein,800,reward_mean,0.771522,0.018697,3
levenshtein,801,reward_mean,0.766404,0.013683,3
levenshtein,802,reward_mean,0.788756,0.007244,3
levenshtein,803,reward_mean,0.778168,0.006071,3
levenshtein,804,reward_mean,0.781768,0.010758,3
levenshtein,805,reward_mean,0.779055,0.048082,3
levenshtein,806,reward_mean,0.773569,0.023671,3
levenshtein,807,reward_mean,0.793638,0.005094,3
levenshtein,808,reward_mean,0.813848,0.009818,3
levenshtein,809,reward_mean,0.776219,0.013418,3
levenshtein,810,reward_mean,0.761506,0.016161,3
levenshtein,811,reward_mean,0.758393,0.017758,3
levenshtein,812,reward_mean,0.780323,0.006851,3
levenshtein,813,reward_mean,0.772531,0.016373,3
levenshtein,814,reward_mean,0.773717,0.006022,3
levenshtein,815,reward_mean,0.798733,0.01104,3
levenshtein,816,reward_mean,0.797523,0.008119,3
levenshtein,817,reward_mean,0.774515,0.029166,3
levenshtein,818,reward_mean,0.781141,0.023291,3
levenshtein,819,reward_mean,0.781826,0.008598,3
levenshtein,820,reward_mean,0.794413,0.026325,3
levenshtein,821,reward_mean,0.787513,0.022448,3
levenshtein,822,reward_mean,0.791604,0.024055,3
levenshtein,823,reward_mean,0.783524,0.013557,3
levenshtein,824,reward_mean,0.775708,0.02075,3
levenshtein,825,reward_mean,0.789315,0.033241,3
levenshtein,826,reward_mean,0.810121,0.009369,3
levenshtein,827,reward_mean,0.780165,0.033215,3
levenshtein,828,reward_mean,0.771321,0.010535,3
levenshtein,829,reward_mean,0.789699,0.055357,3
levenshtein,830,reward_mean,0.778478,0.02001,3
levenshtein,831,reward_mean,0.799203,0.021062,3
levenshtein,832,reward_mean,0.772265,0.011826,3
levenshtein,833,reward_mean,0.797005,0.005302,3
levenshtein,834,reward_mean,0.797324,0.010971,3
levenshtein,835,reward_mean,0.809559,0.007738,3
levenshtein,836,reward_mean,0.776558,0.015876,3
levenshtein,837,reward_mean,0.777863,0.008617,3
levenshtein,838,reward_mean,0.784846,0.021558,3
levenshtein,839,reward_mean,0.801017,0.018384,3
levenshtein,840,reward_mean,0.785388,0.00727,3
levenshtein,841,reward_mean,0.798403,0.004325,3
levenshtein,842,reward_mean,0.800501,0.02372,3
levenshtein,843,reward_mean,0.795293,0.006039,3
levenshtein,844,reward_mean,0.792518,0.032931,3
levenshtein,845,reward_mean,0.787383,0.015555,3
levenshtein,846,reward_mean,0.784245,0.015825,3
levenshtein,847,reward_mean,0.785091,0.02523,3
levenshtein,848,reward_mean,0.788235,0.000264,3
levenshtein,849,reward_mean,0.783469,0.025688,3
levenshtein,850,reward_mean,0.796092,0.010127,3
levenshtein,851,reward_mean,0.777765,0.018953,3
levenshtein,852,reward_mean,0.784948,0.006188,3
levenshtein,853,reward_mean,0.775378,0.006739,3
levenshtein,854,reward_mean,0.776328,0.005034,3
levenshtein,855,reward_mean,0.795084,0.024531,3
levenshtein,856,reward_mean,0.778268,0.024366,3
levenshtein,857,reward_mean,0.766422,0.017931,3
levenshtein,858,reward_mean,0.783202,0.019789,3
levenshtein,859,reward_mean,0.813534,0.010511,3
levenshtein,860,reward_mean,0.795995,0.008572,3
levenshtein,861,reward_mean,0.808265,0.007511,3
levenshtein,862,reward_mean,0.794958,0.020153,3
levenshtein,863,reward_mean,0.767222,0.01594,3
levenshtein,864,reward_mean,0.795815,0.012184,3
levenshtein,865,reward_mean,0.779459,0.011278,3
levenshtein,866,reward_mean,0.794764,0.032632,3
levenshtein,867,reward_mean,0.778772,0.011329,3
levenshtein,868,reward_mean,0.792057,0.02562,3
levenshtein,869,reward_mean,0.777596,0.007235,3
levenshtein,870,reward_mean,0.810143,0.013867,3
levenshtein,871,reward_mean,0.798842,0.016846,3
levenshtein,872,reward_mean,0.79501,0.013832,3
levenshtein,873,reward_mean,0.797324,0.009049,3
levenshtein,874,reward_mean,0.787703,0.004095,3
levenshtein,875,reward_mean,0.796431,0.012637,3
levenshtein,876,reward_mean,0.795673,0.01331,3
levenshtein,877,reward_mean,0.789842,0.012859,3
levenshtein,878,reward_mean,0.781857,0.008073,3
levenshtein,879,reward_mean,0.775583,0.009193,3
levenshtein,880,reward_mean,0.777664,0.026703,3
levenshtein,881,reward_mean,0.786061,0.010875,3
levenshtein,882,reward_mean,0.766179,0.007965,3
levenshtein,883,reward_mean,0.789615,0.016505,3
levenshtein,884,reward_mean,0.794713,0.013357,3
levenshtein,885,reward_mean,0.790329,0.027293,3
levenshtein,886,reward_mean,0.777779,0.008365,3
levenshtein,887,reward_mean,0.794312,0.010511,3
levenshtein,888,reward_mean,0.791778,0.025985,3
levenshtein,889,reward_mean,0.786116,0.023237,3
levenshtein,890,reward_mean,0.800556,0.019658,3
levenshtein,891,reward_mean,0.814622,0.016432,3
levenshtein,892,reward_mean,0.776955,0.029415,3
levenshtein,893,reward_mean,0.802195,0.022838,3
levenshtein,894,reward_mean,0.796459,0.022422,3
levenshtein,895,reward_mean,0.804262,0.010144,3
levenshtein,896,reward_mean,0.791964,0.011792,3
levenshtein,897,reward_mean,0.787176,0.02297,3
levenshtein,898,reward_mean,0.792786,0.023636,3
levenshtein,899,reward_mean,0.791332,0.014301,3
levenshtein,900,reward_mean,0.797639,0.010661,3
levenshtein,901,reward_mean,0.799395,0.015887,3
levenshtein,902,reward_mean,0.77264,0.023842,3
levenshtein,903,reward_mean,0.798264,0.002193,3
levenshtein,904,reward_mean,0.786519,0.00769,3
levenshtein,905,reward_mean,0.786451,0.018073,3
levenshtein,906,reward_mean,0.771256,0.025376,3
levenshtein,907,reward_mean,0.795422,0.00913,3
levenshtein,908,reward_mean,0.802406,0.008698,3
levenshtein,909,reward_mean,0.781846,0.005726,3
levenshtein,910,reward_mean,0.799312,0.009079,3
levenshtein,911,reward_mean,0.790965,0.031773,3
levenshtein,912,reward_mean,0.779624,0.010475,3
levenshtein,913,reward_mean,0.793314,0.022733,3
levenshtein,914,reward_mean,0.777931,0.007812,3
levenshtein,915,reward_mean,0.792405,0.011692,3
levenshtein,916,reward_mean,0.795622,0.010731,3
levenshtein,917,reward_mean,0.794457,0.021633,3
levenshtein,918,reward_mean,0.800699,0.001302,3
levenshtein,919,reward_mean,0.799868,0.005891,3
levenshtein,920,reward_mean,0.793329,0.026348,3
levenshtein,921,reward_mean,0.786054,0.00124,3
levenshtein,922,reward_mean,0.795678,0.010995,3
levenshtein,923,reward_mean,0.797746,0.015365,3
levenshtein,924,reward_mean,0.779761,0.028336,3
levenshtein,925,reward_mean,0.802191,0.015233,3
levenshtein,926,reward_mean,0.79048,0.006524,3
levenshtein,927,reward_mean,0.780521,0.019762,3
levenshtein,928,reward_mean,0.792092,0.005775,3
levenshtein,929,reward_mean,0.814039,0.01211,3
levenshtein,930,reward_mean,0.777043,0.016089,3
levenshtein,931,reward_mean,0.784733,0.027003,3
levenshtein,932,reward_mean,0.789799,0.012741,3
levenshtein,933,reward_mean,0.794816,0.01037,3
levenshtein,934,reward_mean,0.783086,0.015655,3
levenshtein,935,reward_mean,0.802511,0.003192,3
levenshtein,936,reward_mean,0.793315,0.023247,3
levenshtein,937,reward_mean,0.807878,0.020563,3
levenshtein,938,reward_mean,0.788121,0.025951,3
levenshtein,939,reward_mean,0.806587,0.032696,3
levenshtein,940,reward_mean,0.787948,0.01796,3
levenshtein,941,reward_mean,0.790003,0.040471,3
levenshtein,942,reward_mean,0.777711,0.020669,3
levenshtein,943,reward_mean,0.781858,0.018005,3
levenshtein,944,reward_mean,0.821078,0.023428,3
levenshtein,945,reward_mean,0.777208,0.01966,3
levenshtein,946,reward_mean,0.77605,0.012835,3
levenshtein,947,reward_mean,0.803097,0.004858,3
levenshtein,948,reward_mean,0.780554,0.019027,3
levenshtein,949,reward_mean,0.766646,0.033855,3
levenshtein,950,reward_mean,0.792527,0.020611,3
levenshtein,951,reward_mean,0.788852,0.007493,3
levenshtein,952,reward_mean,0.788041,0.022092,3
levenshtein,953,reward_mean,0.788262,0.006911,3
levenshtein,954,reward_mean,0.780857,0.008135,3
levenshtein,955,reward_mean,0.796099,0.013324,3
levenshtein,956,reward_mean,0.808434,0.011692,3
levenshtein,957,reward_mean,0.796562,0.021335,3
levenshtein,958,reward_mean,0.793684,0.010627,3
levenshtein,959,reward_mean,0.788695,0.019423,3
levenshtein,960,reward_mean,0.808091,0.018277,3
levenshtein,961,reward_mean,0.795009,0.024005,3
levenshtein,962,reward_mean,0.787412,0.006674,3
levenshtein,963,reward_mean,0.820767,0.015185,3
levenshtein,964,reward_mean,0.790292,0.017792,3
levenshtein,965,reward_mean,0.802618,0.019398,3
levenshtein,966,reward_mean,0.796181,0.011653,3
levenshtein,967,reward_mean,0.803181,0.016941,3
levenshtein,968,reward_mean,0.805538,0.013263,3
levenshtein,969,reward_mean,0.791288,0.012632,3
levenshtein,970,reward_mean,0.796735,0.017986,3
levenshtein,971,reward_mean,0.8182,0.009629,3
levenshtein,972,reward_mean,0.805197,0.0133,3
levenshtein,973,reward_mean,0.799577,0.016819,3
levenshtein,974,reward_mean,0.804307,0.006362,3
levenshtein,975,reward_mean,0.800979,0.017881,3
levenshtein,976,reward_mean,0.776658,0.016908,3
levenshtein,977,reward_mean,0.792707,0.018165,3
levenshtein,978,reward_mean,0.782713,0.006878,3
levenshtein,979,reward_mean,0.783063,0.016227,3
levenshtein,980,reward_mean,0.811168,0.023062,3
levenshtein,981,reward_mean,0.800475,0.013327,3
levenshtein,982,reward_mean,0.805225,0.018043,3
levenshtein,983,reward_mean,0.81344,0.023342,3
levenshtein,984,reward_mean,0.797839,0.010266,3
levenshtein,985,reward_mean,0.802084,0.01114,3
levenshtein,986,reward_mean,0.796749,0.011115,3
levenshtein,987,reward_mean,0.797085,0.009421,3
levenshtein,988,reward_mean,0.795013,0.021402,3
levenshtein,989,reward_mean,0.795542,0.016088,3
levenshtein,990,reward_mean,0.795636,0.001762,3
levenshtein,991,reward_mean,0.80875,0.033777,3
levenshtein,992,reward_mean,0.795798,0.014266,3
levenshtein,993,reward_mean,0.800898,0.006743,3
levenshtein,994,reward_mean,0.788939,0.01359,3
levenshtein,995,reward_mean,0.796791,0.010799,3
levenshtein,996,reward_mean,0.786699,0.004427,3
levenshtein,997,reward_mean,0.77944,0.024244,3
levenshtein,998,reward_mean,0.795507,0.012203,3
levenshtein,999,reward_mean,0.816341,0.020808,3
levenshtein,1000,reward_mean,0.791734,0.009915,3
levenshtein,1001,reward_mean,0.807249,0.009376,3
levenshtein,1002,reward_mean,0.794696,0.01885,3
levenshtein,1003,reward_mean,0.801618,0.01417,3
levenshtein,1004,reward_mean,0.779208,0.013006,3
levenshtein,1005,reward_mean,0.815179,0.001369,3
levenshtein,1006,reward_mean,0.805427,0.008322,3
levenshtein,1007,reward_mean,0.815714,0.009748,3
levenshtein,1008,reward_mean,0.808873,0.008971,3
levenshtein,1009,reward_mean,0.801209,0.023737,3
levenshtein,1010,reward_mean,0.78225,0.01229,3
levenshtein,1011,reward_mean,0.796718,0.006358,3
levenshtein,1012,reward_mean,0.814904,0.020314,3
levenshtein,1013,reward_mean,0.80002,0.016582,3
levenshtein,1014,reward_mean,0.799527,0.010879,3
levenshtein,1015,reward_mean,0.804206,0.020637,3
levenshtein,1016,reward_mean,0.78494,0.026911,3
levenshtein,1017,reward_mean,0.782179,0.022962,3
levenshtein,1018,reward_mean,0.81276,0.003793,3
levenshtein,1019,reward_mean,0.787376,0.020304,3
levenshtein,1020,reward_mean,0.811753,0.011442,3
levenshtein,1021,reward_mean,0.804226,0.004519,3
levenshtein,1022,reward_mean,0.796339,0.028506,3
levenshtein,1023,reward_mean,0.783342,0.010584,3
levenshtein,1024,reward_mean,0.773826,0.021211,3
levenshtein,1025,reward_mean,0.798232,0.008165,3
levenshtein,1026,reward_mean,0.78377,0.012471,3
levenshtein,1027,reward_mean,0.7995,0.01128,3
levenshtein,1028,reward_mean,0.807536,0.017194,3
levenshtein,1029,reward_mean,0.79741,0.023861,3
levenshtein,1030,reward_mean,0.819795,0.016196,3
levenshtein,1031,reward_mean,0.767146,0.011596,3
levenshtein,1032,reward_mean,0.813517,0.030062,3
levenshtein,1033,reward_mean,0.795344,0.018558,3
levenshtein,1034,reward_mean,0.811323,0.00798,3
levenshtein,1035,reward_mean,0.786289,0.016526,3
levenshtein,1036,reward_mean,0.811968,0.023205,3
levenshtein,1037,reward_mean,0.803807,0.015755,3
levenshtein,1038,reward_mean,0.80062,0.021124,3
levenshtein,1039,reward_mean,0.810984,0.019486,3
levenshtein,1040,reward_mean,0.796378,0.005084,3
levenshtein,1041,reward_mean,0.812468,0.018286,3
levenshtein,1042,reward_mean,0.794139,0.013014,3
levenshtein,1043,reward_mean,0.798384,0.007135,3
levenshtein,1044,reward_mean,0.807591,0.017762,3
levenshtein,1045,reward_mean,0.813919,0.009242,3
levenshtein,1046,reward_mean,0.802491,0.035218,3
levenshtein,1047,reward_mean,0.817374,0.011947,3
levenshtein,1048,reward_mean,0.818758,0.016955,3
levenshtein,1049,reward_mean,0.793028,0.009559,3
levenshtein,1050,reward_mean,0.80074,0.017176,3
levenshtein,1051,reward_mean,0.808625,0.001916,3
levenshtein,1052,reward_mean,0.817159,0.02401,3
levenshtein,1053,reward_mean,0.826359,0.004544,3
levenshtein,1054,reward_mean,0.801966,0.026993,3
levenshtein,1055,reward_mean,0.813509,0.012754,3
levenshtein,1056,reward_mean,0.790019,0.01661,3
levenshtein,1057,reward_mean,0.801377,0.014572,3
levenshtein,1058,reward_mean,0.817249,0.015887,3
levenshtein,1059,reward_mean,0.807537,0.008667,3
levenshtein,1060,reward_mean,0.797963,0.011893,3
levenshtein,1061,reward_mean,0.779016,0.035692,3
levenshtein,1062,reward_mean,0.799217,0.012192,3
levenshtein,1063,reward_mean,0.809613,0.028888,3
levenshtein,1064,reward_mean,0.803319,0.010356,3
levenshtein,1065,reward_mean,0.803652,0.017855,3
levenshtein,1066,reward_mean,0.812471,0.02563,3
levenshtein,1067,reward_mean,0.80464,0.035612,3
levenshtein,1068,reward_mean,0.823589,0.018927,3
levenshtein,1069,reward_mean,0.822172,0.009019,3
levenshtein,1070,reward_mean,0.785501,0.019082,3
levenshtein,1071,reward_mean,0.806333,0.013902,3
levenshtein,1072,reward_mean,0.798429,0.008118,3
levenshtein,1073,reward_mean,0.787246,0.003409,3
levenshtein,1074,reward_mean,0.796908,0.009426,3
levenshtein,1075,reward_mean,0.816787,0.015218,3
levenshtein,1076,reward_mean,0.828303,0.014167,3
levenshtein,1077,reward_mean,0.821683,0.021806,3
levenshtein,1078,reward_mean,0.796505,0.006827,3
levenshtein,1079,reward_mean,0.80728,0.002359,3
levenshtein,1080,reward_mean,0.827421,0.011335,3
levenshtein,1081,reward_mean,0.789284,0.02977,3
levenshtein,1082,reward_mean,0.816579,0.019307,3
levenshtein,1083,reward_mean,0.813266,0.023524,3
levenshtein,1084,reward_mean,0.800105,0.006542,3
levenshtein,1085,reward_mean,0.790959,0.016968,3
levenshtein,1086,reward_mean,0.798544,0.024914,3
levenshtein,1087,reward_mean,0.797393,0.017796,3
levenshtein,1088,reward_mean,0.811599,0.022171,3
levenshtein,1089,reward_mean,0.815311,0.013849,3
levenshtein,1090,reward_mean,0.798546,0.035615,3
levenshtein,1091,reward_mean,0.808776,0.018807,3
levenshtein,1092,reward_mean,0.799675,0.030792,3
levenshtein,1093,reward_mean,0.809939,0.022844,3
levenshtein,1094,reward_mean,0.835865,0.009435,3
levenshtein,1095,reward_mean,0.825092,0.015642,3
levenshtein,1096,reward_mean,0.78137,0.01018,3
levenshtein,1097,reward_mean,0.797527,0.006267,3
levenshtein,1098,reward_mean,0.809431,0.023515,3
levenshtein,1099,reward_mean,0.804023,0.022776,3
levenshtein,1100,reward_mean,0.790257,0.02792,3
levenshtein,1101,reward_mean,0.783587,0.00952,3
levenshtein,1102,reward_mean,0.812357,0.011511,3
levenshtein,1103,reward_mean,0.800722,0.013962,3
levenshtein,1104,reward_mean,0.799501,0.010549,3
levenshtein,1105,reward_mean,0.84003,0.013992,3
levenshtein,1106,reward_mean,0.797944,0.004554,3
levenshtein,1107,reward_mean,0.812351,0.029015,3
levenshtein,1108,reward_mean,0.805072,0.009377,3
levenshtein,1109,reward_mean,0.815629,0.007393,3
levenshtein,1110,reward_mean,0.816815,0.008368,3
levenshtein,1111,reward_mean,0.820915,0.008803,3
levenshtein,1112,reward_mean,0.801915,0.007309,3
levenshtein,1113,reward_mean,0.78331,0.015078,3
levenshtein,1114,reward_mean,0.811769,0.017929,3
levenshtein,1115,reward_mean,0.805324,0.016193,3
levenshtein,1116,reward_mean,0.783135,0.020888,3
levenshtein,1117,reward_mean,0.805663,0.014194,3
levenshtein,1118,reward_mean,0.798047,0.009944,3
levenshtein,1119,reward_mean,0.809215,0.017235,3
levenshtein,1120,reward_mean,0.81363,0.01895,3
levenshtein,1121,reward_mean,0.825641,0.013415,3
levenshtein,1122,reward_mean,0.806515,0.029971,3
levenshtein,1123,reward_mean,0.806546,0.005256,3
levenshtein,1124,reward_mean,0.811128,0.012174,3
levenshtein,1125,reward_mean,0.796894,0.026972,3
levenshtein,1126,reward_mean,0.789476,0.024671,3
levenshtein,1127,reward_mean,0.817308,0.01213,3
levenshtein,1128,reward_mean,0.790625,0.013533,3
levenshtein,1129,reward_mean,0.806779,0.013544,3
levenshtein,1130,reward_mean,0.785205,0.020032,3
levenshtein,1131,reward_mean,0.800902,0.015211,3
levenshtein,1132,reward_mean,0.804892,0.029234,3
levenshtein,1133,reward_mean,0.797314,0.007205,3
levenshtein,1134,reward_mean,0.823365,0.012837,3
levenshtein,1135,reward_mean,0.784586,0.012705,3
levenshtein,1136,reward_mean,0.801246,0.021061,3
levenshtein,1137,reward_mean,0.819877,0.025154,3
levenshtein,1138,reward_mean,0.810607,0.021207,3
levenshtein,1139,reward_mean,0.825545,0.001841,3
levenshtein,1140,reward_mean,0.812028,0.027393,3
levenshtein,1141,reward_mean,0.822598,0.029444,3
levenshtein,1142,reward_mean,0.813909,0.01922,3
levenshtein,1143,reward_mean,0.797527,0.013164,3
levenshtein,1144,reward_mean,0.818364,0.012584,3
levenshtein,1145,reward_mean,0.827515,0.009,3
levenshtein,1146,reward_mean,0.774046,0.005046,3
levenshtein,1147,reward_mean,0.813535,0.018892,3
levenshtein,1148,reward_mean,0.811172,0.014221,3
levenshtein,1149,reward_mean,0.812145,0.004261,3
levenshtein,1150,reward_mean,0.809077,0.011841,3
levenshtein,1151,reward_mean,0.80306,0.014403,3
levenshtein,1152,reward_mean,0.785578,0.031402,3
levenshtein,1153,reward_mean,0.80754,0.02627,3
levenshtein,1154,reward_mean,0.807074,0.022965,3
levenshtein,1155,reward_mean,0.810482,0.015488,3
levenshtein,1156,reward_mean,0.791941,0.016736,3
levenshtein,1157,reward_mean,0.806772,0.014953,3
levenshtein,1158,reward_mean,0.807703,0.005996,3
levenshtein,1159,reward_mean,0.821377,0.008477,3
levenshtein,1160,reward_mean,0.788906,0.002984,3
levenshtein,1161,reward_mean,0.796312,0.003556,3
levenshtein,1162,reward_mean,0.800532,0.005356,3
levenshtein,1163,reward_mean,0.815469,0.01115,3
levenshtein,1164,reward_mean,0.816282,0.016331,3
levenshtein,1165,reward_mean,0.812991,0.022393,3
levenshtein,1166,reward_mean,0.814292,0.034621,3
levenshtein,1167,reward_mean,0.804636,0.006264,3
levenshtein,1168,reward_mean,0.804363,0.002195,3
levenshtein,1169,reward_mean,0.811656,0.007911,3
levenshtein,1170,reward_mean,0.806468,0.014769,3
levenshtein,1171,reward_mean,0.797049,0.017716,3
levenshtein,1172,reward_mean,0.820004,0.019578,3
levenshtein,1173,reward_mean,0.796462,0.017371,3
levenshtein,1174,reward_mean,0.795841,0.020717,3
levenshtein,1175,reward_mean,0.79,0.012154,3
levenshtein,1176,reward_mean,0.808001,0.011849,3
levenshtein,1177,reward_mean,0.797586,0.012932,3
levenshtein,1178,reward_mean,0.80743,0.004871,3
levenshtein,1179,reward_mean,0.804386,0.007899,3
levenshtein,1180,reward_mean,0.83129,0.028088,3
levenshtein,1181,reward_mean,0.804934,0.006833,3
levenshtein,1182,reward_mean,0.782517,0.012857,3
levenshtein,1183,reward_mean,0.798457,0.015168,3
levenshtein,1184,reward_mean,0.819673,0.008914,3
levenshtein,1185,reward_mean,0.815183,0.015846,3
levenshtein,1186,reward_mean,0.810084,0.007046,3
levenshtein,1187,reward_mean,0.819943,0.009924,3
levenshtein,1188,reward_mean,0.799154,0.021331,3
levenshtein,1189,reward_mean,0.820261,0.006066,3
levenshtein,1190,reward_mean,0.82044,0.015666,3
levenshtein,1191,reward_mean,0.812759,0.022837,3
levenshtein,1192,reward_mean,0.811953,0.00444,3
levenshtein,1193,reward_mean,0.81258,0.019246,3
levenshtein,1194,reward_mean,0.821776,0.011375,3
levenshtein,1195,reward_mean,0.819489,0.018514,3
levenshtein,1196,reward_mean,0.816713,0.017684,3
levenshtein,1197,reward_mean,0.813823,0.01085,3
levenshtein,1198,reward_mean,0.814519,0.018644,3
levenshtein,1199,reward_mean,0.825862,0.019607,3
levenshtein,1200,reward_mean,0.791476,0.003358,3
levenshtein,1201,reward_mean,0.78985,0.016175,3
levenshtein,1202,reward_mean,0.806244,0.013266,3
levenshtein,1203,reward_mean,0.812321,0.007131,3
levenshtein,1204,reward_mean,0.82409,0.028675,3
levenshtein,1205,reward_mean,0.802065,0.001718,3
levenshtein,1206,reward_mean,0.814043,0.020615,3
levenshtein,1207,reward_mean,0.821243,0.009574,3
levenshtein,1208,reward_mean,0.798893,0.016813,3
levenshtein,1209,reward_mean,0.809014,0.021976,3
levenshtein,1210,reward_mean,0.812795,0.027932,3
levenshtein,1211,reward_mean,0.806783,0.022393,3
levenshtein,1212,reward_mean,0.804084,0.025706,3
levenshtein,1213,reward_mean,0.811846,0.025531,3
levenshtein,1214,reward_mean,0.822269,0.01786,3
levenshtein,1215,reward_mean,0.810687,0.004198,3
levenshtein,1216,reward_mean,0.80917,0.010309,3
levenshtein,1217,reward_mean,0.811683,0.016914,3
levenshtein,1218,reward_mean,0.806799,0.018146,3
levenshtein,1219,reward_mean,0.810916,0.002937,3
levenshtein,1220,reward_mean,0.810713,0.017015,3
levenshtein,1221,reward_mean,0.808778,0.006521,3
levenshtein,1222,reward_mean,0.796249,0.010695,3
levenshtein,1223,reward_mean,0.800591,0.012953,3
levenshtein,1224,reward_mean,0.788375,0.007965,3
levenshtein,1225,reward_mean,0.812514,0.006135,3
levenshtein,1226,reward_mean,0.808777,0.019813,3
levenshtein,1227,reward_mean,0.815376,0.017528,3
levenshtein,1228,reward_mean,0.807952,0.020632,3
levenshtein,1229,reward_mean,0.820772,0.011562,3
levenshtein,1230,reward_mean,0.821109,0.012935,3
levenshtein,1231,reward_mean,0.802357,0.01218,3
levenshtein,1232,reward_mean,0.827783,0.018121,3
levenshtein,1233,reward_mean,0.81996,0.01767,3
levenshtein,1234,reward_mean,0.808481,0.022699,3
levenshtein,1235,reward_mean,0.793656,0.029177,3
levenshtein,1236,reward_mean,0.787314,0.015401,3
levenshtein,1237,reward_mean,0.8047,0.009363,3
levenshtein,1238,reward_mean,0.810216,0.007094,3
levenshtein,1239,reward_mean,0.802425,0.014134,3
levenshtein,1240,reward_mean,0.799149,0.010294,3
levenshtein,1241,reward_mean,0.795763,0.007864,3
levenshtein,1242,reward_mean,0.800221,0.010466,3
levenshtein,1243,reward_mean,0.825986,0.006622,3
levenshtein,1244,reward_mean,0.814447,0.008446,3
levenshtein,1245,reward_mean,0.817768,0.005214,3
levenshtein,1246,reward_mean,0.815167,0.006659,3
levenshtein,1247,reward_mean,0.817486,0.011786,3
levenshtein,1248,reward_mean,0.824348,0.008157,3
levenshtein,1249,reward_mean,0.820219,0.018094,3
levenshtein,1250,reward_mean,0.793885,0.021829,3
levenshtein,1251,reward_mean,0.817786,0.004798,3
levenshtein,1252,reward_mean,0.823894,0.023522,3
levenshtein,1253,reward_mean,0.82974,0.027721,3
levenshtein,1254,reward_mean,0.809996,0.023812,3
levenshtein,1255,reward_mean,0.81945,0.015068,3
levenshtein,1256,reward_mean,0.827277,0.018706,3
levenshtein,1257,reward_mean,0.809788,0.03389,3
levenshtein,1258,reward_mean,0.825053,0.0104,3
levenshtein,1259,reward_mean,0.827038,0.016352,3
levenshtein,1260,reward_mean,0.8287,0.010525,3
levenshtein,1261,reward_mean,0.807971,0.013828,3
levenshtein,1262,reward_mean,0.814609,0.003715,3
levenshtein,1263,reward_mean,0.822561,0.004695,3
levenshtein,1264,reward_mean,0.815764,0.016973,3
levenshtein,1265,reward_mean,0.790429,0.014267,3
levenshtein,1266,reward_mean,0.799156,0.024223,3
levenshtein,1267,reward_mean,0.827324,0.003098,3
levenshtein,1268,reward_mean,0.824462,0.00809,3
levenshtein,1269,reward_mean,0.796939,0.017065,3
levenshtein,1270,reward_mean,0.805027,0.014217,3
levenshtein,1271,reward_mean,0.820426,0.012178,3
levenshtein,1272,reward_mean,0.796191,0.007103,3
levenshtein,1273,reward_mean,0.805213,0.002677,3
levenshtein,1274,reward_mean,0.821789,0.015885,3
levenshtein,1275,reward_mean,0.801687,0.011332,3
levenshtein,1276,reward_mean,0.800385,0.032929,3
levenshtein,1277,reward_mean,0.834096,0.024397,3
levenshtein,1278,reward_mean,0.828376,0.030588,3
levenshtein,1279,reward_mean,0.803214,0.007047,3
levenshtein,1280,reward_mean,0.805119,0.005774,3
levenshtein,1281,reward_mean,0.82473,0.020125,3
levenshtein,1282,reward_mean,0.807016,0.012337,3
levenshtein,1283,reward_mean,0.802864,0.022944,3
levenshtein,1284,reward_mean,0.803531,0.012234,3
levenshtein,1285,reward_mean,0.809346,0.011302,3
levenshtein,1286,reward_mean,0.806476,0.016128,3
levenshtein,1287,reward_mean,0.815681,0.006561,3
levenshtein,1288,reward_mean,0.79704,0.00807,3
levenshtein,1289,reward_mean,0.825785,0.01678,3
levenshtein,1290,reward_mean,0.82139,0.007533,3
levenshtein,1291,reward_mean,0.816619,0.016691,3
levenshtein,1292,reward_mean,0.803198,0.014099,3
levenshtein,1293,reward_mean,0.826843,0.01873,3
levenshtein,1294,reward_mean,0.840617,0.010272,3
levenshtein,1295,reward_mean,0.828127,0.023265,3
levenshtein,1296,reward_mean,0.809239,0.019567,3
levenshtein,1297,reward_mean,0.821684,0.01512,3
levenshtein,1298,reward_mean,0.818994,0.015722,3
levenshtein,1299,reward_mean,0.829851,0.006333,3
levenshtein,1300,reward_mean,0.807486,0.00712,3
levenshtein,1301,reward_mean,0.835262,0.0208,3
levenshtein,1302,reward_mean,0.80729,0.007781,3
levenshtein,1303,reward_mean,0.813182,0.014981,3
levenshtein,1304,reward_mean,0.798809,0.012079,3
levenshtein,1305,reward_mean,0.820251,0.009514,3
levenshtein,1306,reward_mean,0.81464,0.007048,3
levenshtein,1307,reward_mean,0.823807,0.020202,3
levenshtein,1308,reward_mean,0.809187,0.025322,3
levenshtein,1309,reward_mean,0.824926,0.022153,3
levenshtein,1310,reward_mean,0.818038,0.012585,3
levenshtein,1311,reward_mean,0.808177,0.011706,3
levenshtein,1312,reward_mean,0.83173,0.005873,3
levenshtein,1313,reward_mean,0.820114,0.012506,3
levenshtein,1314,reward_mean,0.806994,0.008544,3
levenshtein,1315,reward_mean,0.820334,0.011596,3
levenshtein,1316,reward_mean,0.83684,0.016893,3
levenshtein,1317,reward_mean,0.814407,0.01253,3
levenshtein,1318,reward_mean,0.812353,0.009117,3
levenshtein,1319,reward_mean,0.820856,0.022788,3
levenshtein,1320,reward_mean,0.812501,0.002581,3
levenshtein,1321,reward_mean,0.834342,0.013434,3
levenshtein,1322,reward_mean,0.808491,0.017553,3
levenshtein,1323,reward_mean,0.815579,0.004671,3
levenshtein,1324,reward_mean,0.83444,0.012131,3
levenshtein,1325,reward_mean,0.824362,0.019126,3
levenshtein,1326,reward_mean,0.82196,0.013833,3
levenshtein,1327,reward_mean,0.817536,0.012218,3
levenshtein,1328,reward_mean,0.81295,0.027294,3
levenshtein,1329,reward_mean,0.836,0.012208,3
levenshtein,1330,reward_mean,0.842483,0.005259,3
levenshtein,1331,reward_mean,0.825052,0.007685,3
levenshtein,1332,reward_mean,0.819296,0.016321,3
levenshtein,1333,reward_mean,0.787422,0.011863,3
levenshtein,1334,reward_mean,0.8158,0.014052,3
levenshtein,1335,reward_mean,0.799544,0.008979,3
levenshtein,1336,reward_mean,0.839261,0.016942,3
levenshtein,1337,reward_mean,0.818113,0.009799,3
levenshtein,1338,reward_mean,0.818132,0.008206,3
levenshtein,1339,reward_mean,0.803492,0.004067,3
levenshtein,1340,reward_mean,0.816216,0.013406,3
levenshtein,1341,reward_mean,0.821891,0.016333,3
levenshtein,1342,reward_mean,0.813038,0.007553,3
levenshtein,1343,reward_mean,0.811861,0.034443,3
levenshtein,1344,reward_mean,0.829594,0.007079,3
levenshtein,1345,reward_mean,0.815058,0.007908,3
levenshtein,1346,reward_mean,0.801727,0.003337,3
levenshtein,1347,reward_mean,0.787441,0.014524,3
levenshtein,1348,reward_mean,0.815516,0.033544,3
levenshtein,1349,reward_mean,0.803343,0.020702,3
levenshtein,1350,reward_mean,0.820122,0.020664,3
levenshtein,1351,reward_mean,0.819225,0.023659,3
levenshtein,1352,reward_mean,0.826258,0.023307,3
levenshtein,1353,reward_mean,0.826732,0.01088,3
levenshtein,1354,reward_mean,0.798683,0.015885,3
levenshtein,1355,reward_mean,0.816112,0.023612,3
levenshtein,1356,reward_mean,0.785961,0.017728,3
levenshtein,1357,reward_mean,0.812871,0.017717,3
levenshtein,1358,reward_mean,0.811483,0.01881,3
levenshtein,1359,reward_mean,0.834896,0.020928,3
levenshtein,1360,reward_mean,0.816114,0.010594,3
levenshtein,1361,reward_mean,0.819395,0.014206,3
levenshtein,1362,reward_mean,0.816514,0.01007,3
levenshtein,1363,reward_mean,0.817623,0.024865,3
levenshtein,1364,reward_mean,0.799526,0.015954,3
levenshtein,1365,reward_mean,0.836395,0.005188,3
levenshtein,1366,reward_mean,0.822552,0.011656,3
levenshtein,1367,reward_mean,0.824216,0.007566,3
levenshtein,1368,reward_mean,0.808118,0.011281,3
levenshtein,1369,reward_mean,0.806117,0.009356,3
levenshtein,1370,reward_mean,0.830417,0.012401,3
levenshtein,1371,reward_mean,0.80099,0.010562,3
levenshtein,1372,reward_mean,0.815823,0.02533,3
levenshtein,1373,reward_mean,0.835352,0.014894,3
levenshtein,1374,reward_mean,0.812111,0.009866,3
levenshtein,1375,reward_mean,0.830822,0.010746,3
levenshtein,1376,reward_mean,0.819342,0.027983,3
levenshtein,1377,reward_mean,0.829024,0.020307,3
levenshtein,1378,reward_mean,0.81237,0.012443,3
levenshtein,1379,reward_mean,0.827558,0.01424,3
levenshtein,1380,reward_mean,0.821655,0.010825,3
levenshtein,1381,reward_mean,0.816982,0.010714,3
levenshtein,1382,reward_mean,0.825351,0.013305,3
levenshtein,1383,reward_mean,0.820216,0.011907,3
levenshtein,1384,reward_mean,0.804769,0.014687,3
levenshtein,1385,reward_mean,0.813381,0.013334,3
levenshtein,1386,reward_mean,0.808595,0.011464,3
levenshtein,1387,reward_mean,0.809942,0.016421,3
levenshtein,1388,reward_mean,0.823211,0.016196,3
levenshtein,1389,reward_mean,0.813547,0.003368,3
levenshtein,1390,reward_mean,0.815293,0.024996,3
levenshtein,1391,reward_mean,0.807559,0.009055,3
levenshtein,1392,reward_mean,0.803133,0.014743,3
levenshtein,1393,reward_mean,0.81584,0.003618,3
levenshtein,1394,reward_mean,0.818742,0.013189,3
levenshtein,1395,reward_mean,0.822723,0.005518,3
levenshtein,1396,reward_mean,0.827313,0.011011,3
levenshtein,1397,reward_mean,0.823672,0.00761,3
levenshtein,1398,reward_mean,0.82682,0.018468,3
levenshtein,1399,reward_mean,0.814817,0.010244,3
levenshtein,1400,reward_mean,0.827526,0.0082,3
levenshtein,1401,reward_mean,0.807243,0.003968,3
levenshtein,1402,reward_mean,0.818799,0.002711,3
levenshtein,1403,reward_mean,0.813762,0.010969,3
levenshtein,1404,reward_mean,0.818745,0.01293,3
levenshtein,1405,reward_mean,0.810329,0.0196,3
levenshtein,1406,reward_mean,0.811198,0.016586,3
levenshtein,1407,reward_mean,0.83068,0.018646,3
levenshtein,1408,reward_mean,0.825684,0.024915,3
levenshtein,1409,reward_mean,0.824797,0.006566,3
levenshtein,1410,reward_mean,0.805263,0.007821,3
levenshtein,1411,reward_mean,0.795313,0.01886,3
levenshtein,1412,reward_mean,0.812913,0.009309,3
levenshtein,1413,reward_mean,0.803884,0.014184,3
levenshtein,1414,reward_mean,0.812635,0.018201,3
levenshtein,1415,reward_mean,0.806017,0.018986,3
levenshtein,1416,reward_mean,0.83322,0.005186,3
levenshtein,1417,reward_mean,0.813823,0.013093,3
levenshtein,1418,reward_mean,0.802953,0.007841,3
levenshtein,1419,reward_mean,0.817585,0.007655,3
levenshtein,1420,reward_mean,0.838121,0.002918,3
levenshtein,1421,reward_mean,0.834951,0.015607,3
levenshtein,1422,reward_mean,0.833611,0.001609,3
levenshtein,1423,reward_mean,0.799082,0.007404,3
levenshtein,1424,reward_mean,0.819976,0.016369,3
levenshtein,1425,reward_mean,0.789798,0.01825,3
levenshtein,1426,reward_mean,0.808126,0.009061,3
levenshtein,1427,reward_mean,0.810868,0.005624,3
levenshtein,1428,reward_mean,0.831852,0.027973,3
levenshtein,1429,reward_mean,0.822605,0.012765,3
levenshtein,1430,reward_mean,0.818732,0.026689,3
levenshtein,1431,reward_mean,0.811401,0.00319,3
levenshtein,1432,reward_mean,0.814177,0.032252,3
levenshtein,1433,reward_mean,0.834407,0.025765,3
levenshtein,1434,reward_mean,0.819424,0.017623,3
levenshtein,1435,reward_mean,0.81589,0.010265,3
levenshtein,1436,reward_mean,0.806649,0.016462,3
levenshtein,1437,reward_mean,0.830996,0.010543,3
levenshtein,1438,reward_mean,0.823102,0.018551,3
levenshtein,1439,reward_mean,0.827337,0.01003,3
levenshtein,1440,reward_mean,0.812886,0.016832,3
levenshtein,1441,reward_mean,0.827848,0.00892,3
levenshtein,1442,reward_mean,0.806182,0.001771,3
levenshtein,1443,reward_mean,0.797851,0.006666,3
levenshtein,1444,reward_mean,0.799491,0.009433,3
levenshtein,1445,reward_mean,0.835025,0.010063,3
levenshtein,1446,reward_mean,0.828639,0.006831,3
levenshtein,1447,reward_mean,0.825415,0.013679,3
levenshtein,1448,reward_mean,0.818256,0.015028,3
levenshtein,1449,reward_mean,0.812152,0.018252,3
levenshtein,1450,reward_mean,0.809633,0.015537,3
levenshtein,1451,reward_mean,0.803571,0.017409,3
levenshtein,1452,reward_mean,0.821013,0.019349,3
levenshtein,1453,reward_mean,0.819143,0.009489,3
levenshtein,1454,reward_mean,0.803992,0.019357,3
levenshtein,1455,reward_mean,0.831471,0.001956,3
levenshtein,1456,reward_mean,0.820701,0.020897,3
levenshtein,1457,reward_mean,0.828076,0.012212,3
levenshtein,1458,reward_mean,0.83089,0.012014,3
levenshtein,1459,reward_mean,0.836157,0.010289,3
levenshtein,1460,reward_mean,0.828751,0.00412,3
levenshtein,1461,reward_mean,0.831885,0.012173,3
levenshtein,1462,reward_mean,0.827654,0.012821,3
levenshtein,1463,reward_mean,0.832221,0.009862,3
levenshtein,1464,reward_mean,0.815697,0.024051,3
levenshtein,1465,reward_mean,0.813356,0.021013,3
levenshtein,1466,reward_mean,0.817895,0.011254,3
levenshtein,1467,reward_mean,0.817865,0.013634,3
levenshtein,1468,reward_mean,0.831411,0.014936,3
levenshtein,1469,reward_mean,0.828516,0.020159,3
levenshtein,1470,reward_mean,0.823617,0.008377,3
levenshtein,1471,reward_mean,0.82357,0.027137,3
levenshtein,1472,reward_mean,0.840154,0.003324,3
levenshtein,1473,reward_mean,0.839517,0.010452,3
levenshtein,1474,reward_mean,0.809046,0.017303,3
levenshtein,1475,reward_mean,0.818289,0.012803,3
levenshtein,1476,reward_mean,0.82292,0.011808,3
levenshtein,1477,reward_mean,0.82857,0.006231,3
levenshtein,1478,reward_mean,0.839187,0.008108,3
levenshtein,1479,reward_mean,0.807422,0.011718,3
levenshtein,1480,reward_mean,0.810608,0.011285,3
levenshtein,1481,reward_mean,0.828829,0.013798,3
levenshtein,1482,reward_mean,0.837881,0.012142,3
levenshtein,1483,reward_mean,0.827578,0.008776,3
levenshtein,1484,reward_mean,0.851127,0.01001,3
levenshtein,1485,reward_mean,0.808359,0.008273,3
levenshtein,1486,reward_mean,0.831264,0.020829,3
levenshtein,1487,reward_mean,0.82583,0.01307,3
levenshtein,1488,reward_mean,0.835588,0.013028,3
levenshtein,1489,reward_mean,0.816725,0.015496,3
levenshtein,1490,reward_mean,0.838747,0.013376,3
levenshtein,1491,reward_mean,0.826737,0.014829,3
levenshtein,1492,reward_mean,0.82371,0.016975,3
levenshtein,1493,reward_mean,0.818078,0.009631,3
levenshtein,1494,reward_mean,0.829268,0.006022,3
levenshtein,1495,reward_mean,0.82388,0.008603,3
levenshtein,1496,reward_mean,0.816407,0.007854,3
levenshtein,1497,reward_mean,0.815157,0.010117,3
levenshtein,1498,reward_mean,0.821288,0.005822,3
levenshtein,1499,reward_mean,0.820191,0.004703,3
levenshtein,1500,reward_mean,0.816787,0.011866,3
levenshtein,1501,reward_mean,0.833469,0.008039,3
levenshtein,1502,reward_mean,0.823026,0.00688,3
levenshtein,1503,reward_mean,0.819565,0.005676,3
levenshtein,1504,reward_mean,0.820255,0.015855,3
levenshtein,1505,reward_mean,0.82043,0.029099,3
levenshtein,1506,reward_mean,0.825984,0.012152,3
levenshtein,1507,reward_mean,0.842791,0.002256,3
levenshtein,1508,reward_mean,0.832691,0.008418,3
levenshtein,1509,reward_mean,0.829997,0.016878,3
levenshtein,1510,reward_mean,0.819774,0.014934,3
levenshtein,1511,reward_mean,0.805375,0.014327,3
levenshtein,1512,reward_mean,0.829315,0.027111,3
levenshtein,1513,reward_mean,0.837411,0.011409,3
levenshtein,1514,reward_mean,0.830641,0.023543,3
levenshtein,1515,reward_mean,0.822129,0.010419,3
levenshtein,1516,reward_mean,0.828434,0.015092,3
levenshtein,1517,reward_mean,0.81724,0.006667,3
levenshtein,1518,reward_mean,0.809611,0.003686,3
levenshtein,1519,reward_mean,0.813846,0.016765,3
levenshtein,1520,reward_mean,0.829758,0.01148,3
levenshtein,1521,reward_mean,0.843411,0.007071,3
levenshtein,1522,reward_mean,0.82208,0.007757,3
levenshtein,1523,reward_mean,0.813355,0.010116,3
levenshtein,1524,reward_mean,0.815961,0.000937,3
levenshtein,1525,reward_mean,0.83997,0.009187,3
levenshtein,1526,reward_mean,0.839821,0.012678,3
levenshtein,1527,reward_mean,0.825658,0.008241,3
levenshtein,1528,reward_mean,0.832542,0.029982,3
levenshtein,1529,reward_mean,0.82047,0.009681,3
levenshtein,1530,reward_mean,0.819351,0.02143,3
levenshtein,1531,reward_mean,0.833986,0.007462,3
levenshtein,1532,reward_mean,0.818357,0.0073,3
levenshtein,1533,reward_mean,0.827452,0.018945,3
levenshtein,1534,reward_mean,0.837268,0.01067,3
levenshtein,1535,reward_mean,0.823912,0.023215,3
levenshtein,1536,reward_mean,0.837217,0.012981,3
levenshtein,1537,reward_mean,0.820877,0.023429,3
levenshtein,1538,reward_mean,0.828319,0.010081,3
levenshtein,1539,reward_mean,0.835679,0.005177,3
levenshtein,1540,reward_mean,0.817432,0.00539,3
levenshtein,1541,reward_mean,0.825452,0.005791,3
levenshtein,1542,reward_mean,0.839015,0.014245,3
levenshtein,1543,reward_mean,0.816907,0.007254,3
levenshtein,1544,reward_mean,0.830073,0.014335,3
levenshtein,1545,reward_mean,0.834391,0.02643,3
levenshtein,1546,reward_mean,0.830317,0.024369,3
levenshtein,1547,reward_mean,0.820305,0.006994,3
levenshtein,1548,reward_mean,0.837564,0.01612,3
levenshtein,1549,reward_mean,0.832202,0.020991,3
levenshtein,1550,reward_mean,0.829894,0.011435,3
levenshtein,1551,reward_mean,0.822298,0.00334,3
levenshtein,1552,reward_mean,0.828948,0.006828,3
levenshtein,1553,reward_mean,0.813915,0.019809,3
levenshtein,1554,reward_mean,0.84314,0.01558,3
levenshtein,1555,reward_mean,0.830745,0.025976,3
levenshtein,1556,reward_mean,0.831953,0.024189,3
levenshtein,1557,reward_mean,0.825693,0.017023,3
levenshtein,1558,reward_mean,0.807702,0.011073,3
levenshtein,1559,reward_mean,0.827209,0.014887,3
levenshtein,1560,reward_mean,0.835045,0.023465,3
levenshtein,1561,reward_mean,0.79405,0.010056,3
levenshtein,1562,reward_mean,0.820107,0.019736,3
levenshtein,1563,reward_mean,0.819266,0.012375,3
levenshtein,1564,reward_mean,0.831262,0.015018,3
levenshtein,1565,reward_mean,0.84164,0.009843,3
levenshtein,1566,reward_mean,0.829777,0.011155,3
levenshtein,1567,reward_mean,0.815486,0.008507,3
levenshtein,1568,reward_mean,0.849385,0.020254,3
levenshtein,1569,reward_mean,0.837933,0.017428,3
levenshtein,1570,reward_mean,0.819612,0.009569,3
levenshtein,1571,reward_mean,0.834926,0.027747,3
levenshtein,1572,reward_mean,0.824554,0.004481,3
levenshtein,1573,reward_mean,0.823128,0.007745,3
levenshtein,1574,reward_mean,0.827806,0.011379,3
levenshtein,1575,reward_mean,0.829707,0.016593,3
levenshtein,1576,reward_mean,0.847924,0.013634,3
levenshtein,1577,reward_mean,0.815133,0.019011,3
levenshtein,1578,reward_mean,0.823188,0.014713,3
levenshtein,1579,reward_mean,0.843358,0.012432,3
levenshtein,1580,reward_mean,0.822665,0.002661,3
levenshtein,1581,reward_mean,0.839617,0.004011,3
levenshtein,1582,reward_mean,0.830884,0.02061,3
levenshtein,1583,reward_mean,0.822798,0.019642,3
levenshtein,1584,reward_mean,0.837067,0.001729,3
levenshtein,1585,reward_mean,0.823144,0.017283,3
levenshtein,1586,reward_mean,0.857668,0.026936,3
levenshtein,1587,reward_mean,0.817173,0.007218,3
levenshtein,1588,reward_mean,0.811421,0.008689,3
levenshtein,1589,reward_mean,0.792662,0.01894,3
levenshtein,1590,reward_mean,0.825664,0.023718,3
levenshtein,1591,reward_mean,0.823783,0.016171,3
levenshtein,1592,reward_mean,0.817848,0.015387,3
levenshtein,1593,reward_mean,0.824035,0.010779,3
levenshtein,1594,reward_mean,0.849522,0.009742,3
levenshtein,1595,reward_mean,0.812511,0.013816,3
levenshtein,1596,reward_mean,0.835708,0.021792,3
levenshtein,1597,reward_mean,0.83911,0.005972,3
levenshtein,1598,reward_mean,0.850649,0.01766,3
levenshtein,1599,reward_mean,0.83152,0.006909,3
levenshtein,1600,reward_mean,0.843221,0.021313,3
levenshtein,1601,reward_mean,0.809477,0.016375,3
levenshtein,1602,reward_mean,0.821161,0.00647,3
levenshtein,1603,reward_mean,0.828226,0.007861,3
levenshtein,1604,reward_mean,0.833552,0.016416,3
levenshtein,1605,reward_mean,0.845109,0.007986,3
levenshtein,1606,reward_mean,0.816215,0.009395,3
levenshtein,1607,reward_mean,0.8398,0.017686,3
levenshtein,1608,reward_mean,0.851472,0.010129,3
levenshtein,1609,reward_mean,0.819365,0.02651,3
levenshtein,1610,reward_mean,0.850787,0.028601,3
levenshtein,1611,reward_mean,0.810625,0.015721,3
levenshtein,1612,reward_mean,0.843971,0.015192,3
levenshtein,1613,reward_mean,0.826353,0.005401,3
levenshtein,1614,reward_mean,0.833175,0.027893,3
levenshtein,1615,reward_mean,0.809043,0.01141,3
levenshtein,1616,reward_mean,0.819959,0.021557,3
levenshtein,1617,reward_mean,0.822565,0.01911,3
levenshtein,1618,reward_mean,0.815385,0.011666,3
levenshtein,1619,reward_mean,0.825381,0.014259,3
levenshtein,1620,reward_mean,0.812074,0.015742,3
levenshtein,1621,reward_mean,0.824842,0.012876,3
levenshtein,1622,reward_mean,0.836417,0.001917,3
levenshtein,1623,reward_mean,0.829562,0.017965,3
levenshtein,1624,reward_mean,0.829215,0.013184,3
levenshtein,1625,reward_mean,0.806608,0.004905,3
levenshtein,1626,reward_mean,0.835966,0.011047,3
levenshtein,1627,reward_mean,0.827423,0.007548,3
levenshtein,1628,reward_mean,0.819739,0.011456,3
levenshtein,1629,reward_mean,0.82589,0.013019,3
levenshtein,1630,reward_mean,0.850737,0.012334,3
levenshtein,1631,reward_mean,0.819035,0.038316,3
levenshtein,1632,reward_mean,0.83072,0.017007,3
levenshtein,1633,reward_mean,0.825164,0.010345,3
levenshtein,1634,reward_mean,0.825146,0.019408,3
levenshtein,1635,reward_mean,0.826331,0.009137,3
levenshtein,1636,reward_mean,0.823142,0.008494,3
levenshtein,1637,reward_mean,0.811936,0.010279,3
levenshtein,1638,reward_mean,0.824319,0.015892,3
levenshtein,1639,reward_mean,0.84615,0.005275,3
levenshtein,1640,reward_mean,0.817459,0.001107,3
levenshtein,1641,reward_mean,0.83583,0.005692,3
levenshtein,1642,reward_mean,0.82623,0.02504,3
levenshtein,1643,reward_mean,0.837841,0.003614,3
levenshtein,1644,reward_mean,0.832609,0.010521,3
levenshtein,1645,reward_mean,0.828516,0.011481,3
levenshtein,1646,reward_mean,0.80206,0.007398,3
levenshtein,1647,reward_mean,0.823205,0.013232,3
levenshtein,1648,reward_mean,0.829123,0.013189,3
levenshtein,1649,reward_mean,0.820881,0.01029,3
levenshtein,1650,reward_mean,0.808276,0.007591,3
levenshtein,1651,reward_mean,0.839568,0.007627,3
levenshtein,1652,reward_mean,0.823456,0.004569,3
levenshtein,1653,reward_mean,0.835407,0.011167,3
levenshtein,1654,reward_mean,0.830825,0.009221,3
levenshtein,1655,reward_mean,0.820146,0.004842,3
levenshtein,1656,reward_mean,0.824529,0.020912,3
levenshtein,1657,reward_mean,0.839966,0.021774,3
levenshtein,1658,reward_mean,0.836197,0.012804,3
levenshtein,1659,reward_mean,0.833827,0.019827,3
levenshtein,1660,reward_mean,0.832667,0.008879,3
levenshtein,1661,reward_mean,0.834027,0.01276,3
levenshtein,1662,reward_mean,0.840091,0.00228,3
levenshtein,1663,reward_mean,0.820142,0.015146,3
levenshtein,1664,reward_mean,0.837938,0.012343,3
levenshtein,1665,reward_mean,0.834917,0.037718,3
levenshtein,1666,reward_mean,0.815912,0.01295,3
levenshtein,1667,reward_mean,0.828621,0.007828,3
levenshtein,1668,reward_mean,0.831364,0.005008,3
levenshtein,1669,reward_mean,0.814854,0.033535,3
levenshtein,1670,reward_mean,0.827644,0.013902,3
levenshtein,1671,reward_mean,0.822216,0.001063,3
levenshtein,1672,reward_mean,0.814022,0.018903,3
levenshtein,1673,reward_mean,0.818915,0.01125,3
levenshtein,1674,reward_mean,0.841025,0.020149,3
levenshtein,1675,reward_mean,0.822014,0.011751,3
levenshtein,1676,reward_mean,0.815418,0.015926,3
levenshtein,1677,reward_mean,0.845975,0.005678,3
levenshtein,1678,reward_mean,0.837935,0.013123,3
levenshtein,1679,reward_mean,0.824521,0.012739,3
levenshtein,1680,reward_mean,0.85539,0.017993,3
levenshtein,1681,reward_mean,0.823556,0.023319,3
levenshtein,1682,reward_mean,0.823585,0.011851,3
levenshtein,1683,reward_mean,0.828412,0.020331,3
levenshtein,1684,reward_mean,0.816877,0.010572,3
levenshtein,1685,reward_mean,0.82607,0.008161,3
levenshtein,1686,reward_mean,0.827778,0.009499,3
levenshtein,1687,reward_mean,0.814914,0.018191,3
levenshtein,1688,reward_mean,0.814413,0.018165,3
levenshtein,1689,reward_mean,0.855315,0.013825,3
levenshtein,1690,reward_mean,0.80945,0.018996,3
levenshtein,1691,reward_mean,0.810863,0.022318,3
levenshtein,1692,reward_mean,0.819861,0.004371,3
levenshtein,1693,reward_mean,0.829272,0.006696,3
levenshtein,1694,reward_mean,0.834288,0.00561,3
levenshtein,1695,reward_mean,0.830117,0.013339,3
levenshtein,1696,reward_mean,0.798707,0.011551,3
levenshtein,1697,reward_mean,0.846584,0.006174,3
levenshtein,1698,reward_mean,0.810865,0.00998,3
levenshtein,1699,reward_mean,0.841068,0.01067,3
levenshtein,1700,reward_mean,0.843209,0.017264,3
levenshtein,1701,reward_mean,0.812199,0.021393,3
levenshtein,1702,reward_mean,0.839378,0.002333,3
levenshtein,1703,reward_mean,0.817959,0.013208,3
levenshtein,1704,reward_mean,0.827317,0.011887,3
levenshtein,1705,reward_mean,0.816657,0.006451,3
levenshtein,1706,reward_mean,0.828161,0.012573,3
levenshtein,1707,reward_mean,0.821034,0.02196,3
levenshtein,1708,reward_mean,0.834291,0.016593,3
levenshtein,1709,reward_mean,0.830731,0.018035,3
levenshtein,1710,reward_mean,0.818087,0.002597,3
levenshtein,1711,reward_mean,0.834267,0.019891,3
levenshtein,1712,reward_mean,0.820275,0.002843,3
levenshtein,1713,reward_mean,0.847817,0.007672,3
levenshtein,1714,reward_mean,0.856422,0.011285,3
levenshtein,1715,reward_mean,0.85295,0.016014,3
levenshtein,1716,reward_mean,0.836047,0.012712,3
levenshtein,1717,reward_mean,0.837602,0.020022,3
levenshtein,1718,reward_mean,0.823579,0.003918,3
levenshtein,1719,reward_mean,0.843442,0.013769,3
levenshtein,1720,reward_mean,0.839154,0.010816,3
levenshtein,1721,reward_mean,0.845001,0.010137,3
levenshtein,1722,reward_mean,0.864311,0.02386,3
levenshtein,1723,reward_mean,0.834086,0.015982,3
levenshtein,1724,reward_mean,0.830288,0.023444,3
levenshtein,1725,reward_mean,0.851697,0.012835,3
levenshtein,1726,reward_mean,0.829093,0.029513,3
levenshtein,1727,reward_mean,0.830535,0.01512,3
levenshtein,1728,reward_mean,0.821342,0.020012,3
levenshtein,1729,reward_mean,0.821767,0.018212,3
levenshtein,1730,reward_mean,0.847635,0.001425,3
levenshtein,1731,reward_mean,0.833538,0.010511,3
levenshtein,1732,reward_mean,0.814866,0.008534,3
levenshtein,1733,reward_mean,0.819975,0.025318,3
levenshtein,1734,reward_mean,0.810456,0.002075,3
levenshtein,1735,reward_mean,0.820454,0.017534,3
levenshtein,1736,reward_mean,0.84227,0.018719,3
levenshtein,1737,reward_mean,0.829628,0.006182,3
levenshtein,1738,reward_mean,0.832466,0.012615,3
levenshtein,1739,reward_mean,0.843176,0.014465,3
levenshtein,1740,reward_mean,0.821899,0.021722,3
levenshtein,1741,reward_mean,0.843965,0.007213,3
levenshtein,1742,reward_mean,0.823239,0.002469,3
levenshtein,1743,reward_mean,0.839164,0.021659,3
levenshtein,1744,reward_mean,0.835192,0.019186,3
levenshtein,1745,reward_mean,0.843659,0.004504,3
levenshtein,1746,reward_mean,0.838999,0.008957,3
levenshtein,1747,reward_mean,0.834442,0.015642,3
levenshtein,1748,reward_mean,0.82018,0.027632,3
levenshtein,1749,reward_mean,0.83224,0.00518,3
levenshtein,1750,reward_mean,0.858393,0.01709,3
levenshtein,1751,reward_mean,0.841489,0.014615,3
levenshtein,1752,reward_mean,0.838559,0.00918,3
levenshtein,1753,reward_mean,0.849992,0.016583,3
levenshtein,1754,reward_mean,0.829604,0.017392,3
levenshtein,1755,reward_mean,0.846011,0.012641,3
levenshtein,1756,reward_mean,0.832505,0.020126,3
levenshtein,1757,reward_mean,0.83748,0.010425,3
levenshtein,1758,reward_mean,0.8273,0.006683,3
levenshtein,1759,reward_mean,0.832583,0.018086,3
levenshtein,1760,reward_mean,0.82461,0.013096,3
levenshtein,1761,reward_mean,0.83799,0.004111,3
levenshtein,1762,reward_mean,0.840424,0.035968,3
levenshtein,1763,reward_mean,0.835768,0.007296,3
levenshtein,1764,reward_mean,0.832888,0.001496,3
levenshtein,1765,reward_mean,0.84499,0.020495,3
levenshtein,1766,reward_mean,0.832579,0.005701,3
levenshtein,1767,reward_mean,0.84,0.018171,3
levenshtein,1768,reward_mean,0.830971,0.008058,3
levenshtein,1769,reward_mean,0.830551,0.004377,3
levenshtein,1770,reward_mean,0.839658,0.015169,3
levenshtein,1771,reward_mean,0.844254,0.007972,3
levenshtein,1772,reward_mean,0.832351,0.019875,3
levenshtein,1773,reward_mean,0.831329,0.01268,3
levenshtein,1774,reward_mean,0.820806,0.01083,3
levenshtein,1775,reward_mean,0.832877,0.004356,3
levenshtein,1776,reward_mean,0.839205,0.002822,3
levenshtein,1777,reward_mean,0.853361,0.010604,3
levenshtein,1778,reward_mean,0.816879,0.02094,3
levenshtein,1779,reward_mean,0.835385,0.01258,3
levenshtein,1780,reward_mean,0.833914,0.010644,3
levenshtein,1781,reward_mean,0.836502,0.009593,3
levenshtein,1782,reward_mean,0.842951,0.012209,3
levenshtein,1783,reward_mean,0.811571,0.023217,3
levenshtein,1784,reward_mean,0.845062,0.006131,3
levenshtein,1785,reward_mean,0.832691,0.016367,3
levenshtein,1786,reward_mean,0.826656,0.004615,3
levenshtein,1787,reward_mean,0.822363,0.020959,3
levenshtein,1788,reward_mean,0.832602,0.005479,3
levenshtein,1789,reward_mean,0.821875,0.00663,3
levenshtein,1790,reward_mean,0.827803,0.006474,3
levenshtein,1791,reward_mean,0.838318,0.018918,3
levenshtein,1792,reward_mean,0.823675,0.013805,3
levenshtein,1793,reward_mean,0.816052,0.015552,3
levenshtein,1794,reward_mean,0.844699,0.013626,3
levenshtein,1795,reward_mean,0.835731,0.00345,3
levenshtein,1796,reward_mean,0.824233,0.009319,3
levenshtein,1797,reward_mean,0.837156,0.021446,3
levenshtein,1798,reward_mean,0.819006,0.012105,3
levenshtein,1799,reward_mean,0.835043,0.017658,3
levenshtein,1800,reward_mean,0.843323,0.009366,3
levenshtein,1801,reward_mean,0.839416,0.028636,3
levenshtein,1802,reward_mean,0.850614,0.015537,3
levenshtein,1803,reward_mean,0.844244,0.00468,3
levenshtein,1804,reward_mean,0.833759,0.014527,3
levenshtein,1805,reward_mean,0.847577,0.025558,3
levenshtein,1806,reward_mean,0.854312,0.027826,3
levenshtein,1807,reward_mean,0.835372,0.01335,3
levenshtein,1808,reward_mean,0.841867,0.015594,3
levenshtein,1809,reward_mean,0.831668,0.004059,3
levenshtein,1810,reward_mean,0.847587,0.014695,3
levenshtein,1811,reward_mean,0.829728,0.003368,3
levenshtein,1812,reward_mean,0.837297,0.003627,3
levenshtein,1813,reward_mean,0.818598,0.009491,3
levenshtein,1814,reward_mean,0.840933,0.012506,3
levenshtein,1815,reward_mean,0.832579,0.005166,3
levenshtein,1816,reward_mean,0.819264,0.012748,3
levenshtein,1817,reward_mean,0.830805,0.005855,3
levenshtein,1818,reward_mean,0.847409,0.002623,3
levenshtein,1819,reward_mean,0.829668,0.009772,3
levenshtein,1820,reward_mean,0.83313,0.002687,3
levenshtein,1821,reward_mean,0.823322,0.026633,3
levenshtein,1822,reward_mean,0.86884,0.008846,3
levenshtein,1823,reward_mean,0.834914,0.009821,3
levenshtein,1824,reward_mean,0.830416,0.011001,3
levenshtein,1825,reward_mean,0.83575,0.005864,3
levenshtein,1826,reward_mean,0.842856,0.016426,3
levenshtein,1827,reward_mean,0.831556,0.020089,3
levenshtein,1828,reward_mean,0.842698,0.006449,3
levenshtein,1829,reward_mean,0.836592,0.012151,3
levenshtein,1830,reward_mean,0.83875,0.01771,3
levenshtein,1831,reward_mean,0.835497,0.010988,3
levenshtein,1832,reward_mean,0.831547,0.005306,3
levenshtein,1833,reward_mean,0.843097,0.017661,3
levenshtein,1834,reward_mean,0.829485,0.011894,3
levenshtein,1835,reward_mean,0.835563,0.007791,3
levenshtein,1836,reward_mean,0.842048,0.012284,3
levenshtein,1837,reward_mean,0.854958,0.008011,3
levenshtein,1838,reward_mean,0.85041,0.014171,3
levenshtein,1839,reward_mean,0.842699,0.017739,3
levenshtein,1840,reward_mean,0.829699,0.016732,3
levenshtein,1841,reward_mean,0.823176,0.011097,3
levenshtein,1842,reward_mean,0.829826,0.012149,3
levenshtein,1843,reward_mean,0.818755,0.008663,3
levenshtein,1844,reward_mean,0.821762,0.011714,3
levenshtein,1845,reward_mean,0.858199,0.013932,3
levenshtein,1846,reward_mean,0.828911,0.015937,3
levenshtein,1847,reward_mean,0.816519,0.008514,3
levenshtein,1848,reward_mean,0.842766,0.007787,3
levenshtein,1849,reward_mean,0.830363,0.013771,3
levenshtein,1850,reward_mean,0.841593,0.018448,3
levenshtein,1851,reward_mean,0.828743,0.015428,3
levenshtein,1852,reward_mean,0.850362,0.015993,3
levenshtein,1853,reward_mean,0.821997,0.010565,3
levenshtein,1854,reward_mean,0.853327,0.015069,3
levenshtein,1855,reward_mean,0.817666,0.022921,3
levenshtein,1856,reward_mean,0.849349,0.008317,3
levenshtein,1857,reward_mean,0.842608,0.011608,3
levenshtein,1858,reward_mean,0.830529,0.012799,3
levenshtein,1859,reward_mean,0.840807,0.019664,3
levenshtein,1860,reward_mean,0.8338,0.018277,3
levenshtein,1861,reward_mean,0.824838,0.007346,3
levenshtein,1862,reward_mean,0.84003,0.026826,3
levenshtein,1863,reward_mean,0.84882,0.003998,3
levenshtein,1864,reward_mean,0.844738,0.021077,3
levenshtein,1865,reward_mean,0.831546,0.003773,3
levenshtein,1866,reward_mean,0.829164,0.007274,3
levenshtein,1867,reward_mean,0.824429,0.014887,3
levenshtein,1868,reward_mean,0.855551,0.022415,3
levenshtein,1869,reward_mean,0.813197,0.027972,3
levenshtein,1870,reward_mean,0.825747,0.026179,3
levenshtein,1871,reward_mean,0.825083,0.012783,3
levenshtein,1872,reward_mean,0.810708,0.009316,3
levenshtein,1873,reward_mean,0.824871,0.018192,3
levenshtein,1874,reward_mean,0.85187,0.006331,3
levenshtein,1875,reward_mean,0.85143,0.011214,3
levenshtein,1876,reward_mean,0.823795,0.014748,3
levenshtein,1877,reward_mean,0.842966,0.016664,3
levenshtein,1878,reward_mean,0.836416,0.008108,3
levenshtein,1879,reward_mean,0.833369,0.015477,3
levenshtein,1880,reward_mean,0.824038,0.013519,3
levenshtein,1881,reward_mean,0.826482,0.012827,3
levenshtein,1882,reward_mean,0.847716,0.022333,3
levenshtein,1883,reward_mean,0.845938,0.010921,3
levenshtein,1884,reward_mean,0.848482,0.004398,3
levenshtein,1885,reward_mean,0.835094,0.027462,3
levenshtein,1886,reward_mean,0.837372,0.008558,3
levenshtein,1887,reward_mean,0.836151,0.006181,3
levenshtein,1888,reward_mean,0.844522,0.003907,3
levenshtein,1889,reward_mean,0.841175,0.012542,3
levenshtein,1890,reward_mean,0.843849,0.014697,3
levenshtein,1891,reward_mean,0.819792,0.013048,3
levenshtein,1892,reward_mean,0.837002,0.007729,3
levenshtein,1893,reward_mean,0.84778,0.022211,3
levenshtein,1894,reward_mean,0.837381,0.005565,3
levenshtein,1895,reward_mean,0.824124,0.019544,3
levenshtein,1896,reward_mean,0.831587,0.009398,3
levenshtein,1897,reward_mean,0.835739,0.011622,3
levenshtein,1898,reward_mean,0.837977,0.012165,3
levenshtein,1899,reward_mean,0.834992,0.013568,3
levenshtein,1900,reward_mean,0.826745,0.010019,3
levenshtein,1901,reward_mean,0.843687,0.018146,3
levenshtein,1902,reward_mean,0.837388,0.00901,3
levenshtein,1903,reward_mean,0.843739,0.006161,3
levenshtein,1904,reward_mean,0.837477,0.016183,3
levenshtein,1905,reward_mean,0.832465,0.030636,3
levenshtein,1906,reward_mean,0.839373,0.015766,3
levenshtein,1907,reward_mean,0.830869,0.009837,3
levenshtein,1908,reward_mean,0.856046,0.007258,3
levenshtein,1909,reward_mean,0.8347,0.002038,3
levenshtein,1910,reward_mean,0.824878,0.019387,3
levenshtein,1911,reward_mean,0.860851,0.004427,3
levenshtein,1912,reward_mean,0.833987,0.020848,3
levenshtein,1913,reward_mean,0.83159,0.023253,3
levenshtein,1914,reward_mean,0.850628,0.016838,3
levenshtein,1915,reward_mean,0.823765,0.015087,3
levenshtein,1916,reward_mean,0.820597,0.013378,3
levenshtein,1917,reward_mean,0.851827,0.015863,3
levenshtein,1918,reward_mean,0.855595,0.01874,3
levenshtein,1919,reward_mean,0.819338,0.033423,3
levenshtein,1920,reward_mean,0.847046,0.012701,3
levenshtein,1921,reward_mean,0.827488,0.001402,3
levenshtein,1922,reward_mean,0.819567,0.005463,3
levenshtein,1923,reward_mean,0.855912,0.002652,3
levenshtein,1924,reward_mean,0.837212,0.024454,3
levenshtein,1925,reward_mean,0.845129,0.008231,3
levenshtein,1926,reward_mean,0.839954,0.019957,3
levenshtein,1927,reward_mean,0.835767,0.011172,3
levenshtein,1928,reward_mean,0.842354,0.018323,3
levenshtein,1929,reward_mean,0.844968,0.00919,3
levenshtein,1930,reward_mean,0.853657,0.011798,3
levenshtein,1931,reward_mean,0.859346,0.009536,3
levenshtein,1932,reward_mean,0.842036,0.027444,3
levenshtein,1933,reward_mean,0.853001,0.014028,3
levenshtein,1934,reward_mean,0.852694,0.009994,3
levenshtein,1935,reward_mean,0.840868,0.001228,3
levenshtein,1936,reward_mean,0.839748,0.006185,3
levenshtein,1937,reward_mean,0.834772,0.009424,3
levenshtein,1938,reward_mean,0.839484,0.014871,3
levenshtein,1939,reward_mean,0.837484,0.011302,3
levenshtein,1940,reward_mean,0.834367,0.002674,3
levenshtein,1941,reward_mean,0.833407,0.013768,3
levenshtein,1942,reward_mean,0.846878,0.001851,3
levenshtein,1943,reward_mean,0.830599,0.008409,3
levenshtein,1944,reward_mean,0.839683,0.010688,3
levenshtein,1945,reward_mean,0.84468,0.014677,3
levenshtein,1946,reward_mean,0.83493,0.008785,3
levenshtein,1947,reward_mean,0.846929,0.004176,3
levenshtein,1948,reward_mean,0.851792,0.024081,3
levenshtein,1949,reward_mean,0.850121,0.018088,3
levenshtein,1950,reward_mean,0.831125,0.025033,3
levenshtein,1951,reward_mean,0.845273,0.011533,3
levenshtein,1952,reward_mean,0.844802,0.006483,3
levenshtein,1953,reward_mean,0.835045,0.009157,3
levenshtein,1954,reward_mean,0.834344,0.011734,3
levenshtein,1955,reward_mean,0.84566,0.006806,3
levenshtein,1956,reward_mean,0.820182,0.018695,3
levenshtein,1957,reward_mean,0.83945,0.010189,3
levenshtein,1958,reward_mean,0.84512,0.018993,3
levenshtein,1959,reward_mean,0.840584,0.028562,3
levenshtein,1960,reward_mean,0.83927,0.015235,3
levenshtein,1961,reward_mean,0.831856,0.014288,3
levenshtein,1962,reward_mean,0.82718,0.00662,3
levenshtein,1963,reward_mean,0.84214,0.007909,3
levenshtein,1964,reward_mean,0.851946,0.021683,3
levenshtein,1965,reward_mean,0.837797,0.004455,3
levenshtein,1966,reward_mean,0.851059,0.02195,3
levenshtein,1967,reward_mean,0.849809,0.007682,3
levenshtein,1968,reward_mean,0.83571,0.013877,3
levenshtein,1969,reward_mean,0.844815,0.006327,3
levenshtein,1970,reward_mean,0.853849,0.012656,3
levenshtein,1971,reward_mean,0.839698,0.00589,3
levenshtein,1972,reward_mean,0.847625,0.016965,3
levenshtein,1973,reward_mean,0.868403,0.021394,3
levenshtein,1974,reward_mean,0.841423,0.016806,3
levenshtein,1975,reward_mean,0.852681,0.008858,3
levenshtein,1976,reward_mean,0.851586,0.010983,3
levenshtein,1977,reward_mean,0.839156,0.004703,3
levenshtein,1978,reward_mean,0.847865,0.012296,3
levenshtein,1979,reward_mean,0.84294,0.018698,3
levenshtein,1980,reward_mean,0.841386,0.000524,3
levenshtein,1981,reward_mean,0.848312,0.020772,3
levenshtein,1982,reward_mean,0.840439,0.010764,3
levenshtein,1983,reward_mean,0.842937,0.010751,3
levenshtein,1984,reward_mean,0.835056,0.014148,3
levenshtein,1985,reward_mean,0.839139,0.005301,3
levenshtein,1986,reward_mean,0.833796,0.015781,3
levenshtein,1987,reward_mean,0.838279,0.022764,3
levenshtein,1988,reward_mean,0.846878,0.019951,3
levenshtein,1989,reward_mean,0.836924,0.006668,3
levenshtein,1990,reward_mean,0.852951,0.009395,3
levenshtein,1991,reward_mean,0.839436,0.020501,3
levenshtein,1992,reward_mean,0.834582,0.007329,3
levenshtein,1993,reward_mean,0.835922,0.02615,3
levenshtein,1994,reward_mean,0.83839,0.007864,3
levenshtein,1995,reward_mean,0.855522,0.008328,3
levenshtein,1996,reward_mean,0.828183,0.021712,3
levenshtein,1997,reward_mean,0.816807,0.023101,3
levenshtein,1998,reward_mean,0.833688,0.01457,3
levenshtein,1999,reward_mean,0.846793,0.017362,3
levenshtein,2000,reward_mean,0.854638,0.002693,3
levenshtein,2001,reward_mean,0.843346,0.029842,3
levenshtein,2002,reward_mean,0.835386,0.006212,3
levenshtein,2003,reward_mean,0.842869,0.025452,3
levenshtein,2004,reward_mean,0.831459,0.019214,3
levenshtein,2005,reward_mean,0.844037,0.009769,3
levenshtein,2006,reward_mean,0.832608,0.016567,3
levenshtein,2007,reward_mean,0.848082,0.009687,3
levenshtein,2008,reward_mean,0.842123,0.028865,3
levenshtein,2009,reward_mean,0.867603,0.005567,3
levenshtein,2010,reward_mean,0.840889,0.025304,3
levenshtein,2011,reward_mean,0.839464,0.005391,3
levenshtein,2012,reward_mean,0.835639,0.009415,3
levenshtein,2013,reward_mean,0.8419,0.020086,3
levenshtein,2014,reward_mean,0.857639,0.021215,3
levenshtein,2015,reward_mean,0.838404,0.020218,3
levenshtein,2016,reward_mean,0.860305,0.022829,3
levenshtein,2017,reward_mean,0.855757,0.008934,3
levenshtein,2018,reward_mean,0.85289,0.011651,3
levenshtein,2019,reward_mean,0.869275,0.005551,3
levenshtein,2020,reward_mean,0.834315,0.022523,3
levenshtein,2021,reward_mean,0.856157,0.020212,3
levenshtein,2022,reward_mean,0.831948,0.009926,3
levenshtein,2023,reward_mean,0.831343,0.011624,3
levenshtein,2024,reward_mean,0.833924,0.021875,3
levenshtein,2025,reward_mean,0.858604,0.01559,3
levenshtein,2026,reward_mean,0.834993,0.007908,3
levenshtein,2027,reward_mean,0.82553,0.003257,3
levenshtein,2028,reward_mean,0.826599,0.012474,3
levenshtein,2029,reward_mean,0.829542,0.009996,3
levenshtein,2030,reward_mean,0.830112,0.019054,3
levenshtein,2031,reward_mean,0.830745,0.024675,3
levenshtein,2032,reward_mean,0.85152,0.007914,3
levenshtein,2033,reward_mean,0.838699,0.018054,3
levenshtein,2034,reward_mean,0.82379,0.018364,3
levenshtein,2035,reward_mean,0.834019,0.023809,3
levenshtein,2036,reward_mean,0.842766,0.00978,3
levenshtein,2037,reward_mean,0.854472,0.016158,3
levenshtein,2038,reward_mean,0.83821,0.011148,3
levenshtein,2039,reward_mean,0.844495,0.01258,3
levenshtein,2040,reward_mean,0.849749,0.003821,3
levenshtein,2041,reward_mean,0.852737,0.009286,3
levenshtein,2042,reward_mean,0.818081,0.01451,3
levenshtein,2043,reward_mean,0.846468,0.001356,3
levenshtein,2044,reward_mean,0.847787,0.018384,3
levenshtein,2045,reward_mean,0.837622,0.014561,3
levenshtein,2046,reward_mean,0.846752,0.011388,3
levenshtein,2047,reward_mean,0.822267,0.026087,3
levenshtein,2048,reward_mean,0.852041,0.013551,3
levenshtein,2049,reward_mean,0.84252,0.025327,3
levenshtein,2050,reward_mean,0.847724,0.017887,3
levenshtein,2051,reward_mean,0.847694,0.01294,3
levenshtein,2052,reward_mean,0.845842,0.020902,3
levenshtein,2053,reward_mean,0.826387,0.014484,3
levenshtein,2054,reward_mean,0.837126,0.013582,3
levenshtein,2055,reward_mean,0.861024,0.017556,3
levenshtein,2056,reward_mean,0.83339,0.015628,3
levenshtein,2057,reward_mean,0.843731,0.011907,3
levenshtein,2058,reward_mean,0.843635,0.010719,3
levenshtein,2059,reward_mean,0.840087,0.024132,3
levenshtein,2060,reward_mean,0.864445,0.0186,3
levenshtein,2061,reward_mean,0.824774,0.00839,3
levenshtein,2062,reward_mean,0.838279,0.014716,3
levenshtein,2063,reward_mean,0.828817,0.01232,3
levenshtein,2064,reward_mean,0.864516,0.004859,3
levenshtein,2065,reward_mean,0.850399,0.014132,3
levenshtein,2066,reward_mean,0.838733,0.018705,3
levenshtein,2067,reward_mean,0.818563,0.0153,3
levenshtein,2068,reward_mean,0.827591,0.009023,3
levenshtein,2069,reward_mean,0.83843,0.009961,3
levenshtein,2070,reward_mean,0.853461,0.004484,3
levenshtein,2071,reward_mean,0.824859,0.007189,3
levenshtein,2072,reward_mean,0.840646,0.003206,3
levenshtein,2073,reward_mean,0.845673,0.019869,3
levenshtein,2074,reward_mean,0.84114,0.018489,3
levenshtein,2075,reward_mean,0.842835,0.012388,3
levenshtein,2076,reward_mean,0.829336,0.020506,3
levenshtein,2077,reward_mean,0.83592,0.011954,3
levenshtein,2078,reward_mean,0.848807,0.021175,3
levenshtein,2079,reward_mean,0.845802,0.006799,3
levenshtein,2080,reward_mean,0.82308,0.021203,3
levenshtein,2081,reward_mean,0.826367,0.011156,3
levenshtein,2082,reward_mean,0.865063,0.007838,3
levenshtein,2083,reward_mean,0.834541,0.01888,3
levenshtein,2084,reward_mean,0.85537,0.023032,3
levenshtein,2085,reward_mean,0.841177,0.007168,3
levenshtein,2086,reward_mean,0.842385,0.01605,3
levenshtein,2087,reward_mean,0.847605,0.012466,3
levenshtein,2088,reward_mean,0.830548,0.018089,3
levenshtein,2089,reward_mean,0.840627,0.010405,3
levenshtein,2090,reward_mean,0.841204,0.018237,3
levenshtein,2091,reward_mean,0.832015,0.010287,3
levenshtein,2092,reward_mean,0.848217,0.027087,3
levenshtein,2093,reward_mean,0.837224,0.013678,3
levenshtein,2094,reward_mean,0.858014,0.003643,3
levenshtein,2095,reward_mean,0.850555,0.00819,3
levenshtein,2096,reward_mean,0.85043,0.028143,3
levenshtein,2097,reward_mean,0.856115,0.006276,3
levenshtein,2098,reward_mean,0.841612,0.016755,3
levenshtein,2099,reward_mean,0.867144,0.009906,3
levenshtein,2100,reward_mean,0.825191,0.011542,3
levenshtein,2101,reward_mean,0.858757,0.009836,3
levenshtein,2102,reward_mean,0.864704,0.00243,3
levenshtein,2103,reward_mean,0.869612,0.017752,3
levenshtein,2104,reward_mean,0.827589,0.006976,3
levenshtein,2105,reward_mean,0.848664,0.006691,3
levenshtein,2106,reward_mean,0.861636,0.002159,3
levenshtein,2107,reward_mean,0.833019,0.022113,3
levenshtein,2108,reward_mean,0.86036,0.014274,3
levenshtein,2109,reward_mean,0.837917,0.007512,3
levenshtein,2110,reward_mean,0.843868,0.020477,3
levenshtein,2111,reward_mean,0.848973,0.011948,3
levenshtein,2112,reward_mean,0.850694,0.005596,3
levenshtein,2113,reward_mean,0.843729,0.022906,3
levenshtein,2114,reward_mean,0.843117,0.005832,3
levenshtein,2115,reward_mean,0.851655,0.005628,3
levenshtein,2116,reward_mean,0.846441,0.01214,3
levenshtein,2117,reward_mean,0.834144,0.02042,3
levenshtein,2118,reward_mean,0.859346,0.012536,3
levenshtein,2119,reward_mean,0.854084,0.004485,3
levenshtein,2120,reward_mean,0.846145,0.014716,3
levenshtein,2121,reward_mean,0.837173,0.008394,3
levenshtein,2122,reward_mean,0.853185,0.006921,3
levenshtein,2123,reward_mean,0.827746,0.014231,3
levenshtein,2124,reward_mean,0.843542,0.004772,3
levenshtein,2125,reward_mean,0.842458,0.001085,3
levenshtein,2126,reward_mean,0.84284,0.010555,3
levenshtein,2127,reward_mean,0.864411,0.010052,3
levenshtein,2128,reward_mean,0.855684,0.007122,3
levenshtein,2129,reward_mean,0.834341,0.018528,3
levenshtein,2130,reward_mean,0.854973,0.018224,3
levenshtein,2131,reward_mean,0.85006,0.005089,3
levenshtein,2132,reward_mean,0.849976,0.01929,3
levenshtein,2133,reward_mean,0.854601,0.016668,3
levenshtein,2134,reward_mean,0.838638,0.005782,3
levenshtein,2135,reward_mean,0.826943,0.012265,3
levenshtein,2136,reward_mean,0.849689,0.009158,3
levenshtein,2137,reward_mean,0.848512,0.015995,3
levenshtein,2138,reward_mean,0.853009,0.004015,3
levenshtein,2139,reward_mean,0.847221,0.010695,3
levenshtein,2140,reward_mean,0.866457,0.01105,3
levenshtein,2141,reward_mean,0.840406,0.0279,3
levenshtein,2142,reward_mean,0.852864,0.016416,3
levenshtein,2143,reward_mean,0.850385,0.005555,3
levenshtein,2144,reward_mean,0.843941,0.012663,3
levenshtein,2145,reward_mean,0.86963,0.007637,3
levenshtein,2146,reward_mean,0.839519,0.000589,3
levenshtein,2147,reward_mean,0.882741,0.011605,3
levenshtein,2148,reward_mean,0.845296,0.007876,3
levenshtein,2149,reward_mean,0.850787,0.022093,3
levenshtein,2150,reward_mean,0.846871,0.007516,3
levenshtein,2151,reward_mean,0.853898,0.005969,3
levenshtein,2152,reward_mean,0.848666,0.009923,3
levenshtein,2153,reward_mean,0.854785,0.009068,3
levenshtein,2154,reward_mean,0.835384,0.010318,3
levenshtein,2155,reward_mean,0.85338,0.00919,3
levenshtein,2156,reward_mean,0.849005,0.012301,3
levenshtein,2157,reward_mean,0.861772,0.009365,3
levenshtein,2158,reward_mean,0.845141,0.002918,3
levenshtein,2159,reward_mean,0.855625,0.020741,3
levenshtein,2160,reward_mean,0.846027,0.020589,3
levenshtein,2161,reward_mean,0.834258,0.012698,3
levenshtein,2162,reward_mean,0.855552,0.015115,3
levenshtein,2163,reward_mean,0.842971,0.007176,3
levenshtein,2164,reward_mean,0.846051,0.018593,3
levenshtein,2165,reward_mean,0.844042,0.012413,3
levenshtein,2166,reward_mean,0.863338,0.012959,3
levenshtein,2167,reward_mean,0.863439,0.023577,3
levenshtein,2168,reward_mean,0.857312,0.008415,3
levenshtein,2169,reward_mean,0.858479,0.005244,3
levenshtein,2170,reward_mean,0.85903,0.023599,3
levenshtein,2171,reward_mean,0.849617,0.021112,3
levenshtein,2172,reward_mean,0.859557,0.005518,3
levenshtein,2173,reward_mean,0.831233,0.017975,3
levenshtein,2174,reward_mean,0.83471,0.007925,3
levenshtein,2175,reward_mean,0.842937,0.008877,3
levenshtein,2176,reward_mean,0.826695,0.014301,3
levenshtein,2177,reward_mean,0.861472,0.012427,3
levenshtein,2178,reward_mean,0.842568,0.026326,3
levenshtein,2179,reward_mean,0.859384,0.001402,3
levenshtein,2180,reward_mean,0.84605,0.023912,3
levenshtein,2181,reward_mean,0.840719,0.015068,3
levenshtein,2182,reward_mean,0.866702,0.010214,3
levenshtein,2183,reward_mean,0.84468,0.015001,3
levenshtein,2184,reward_mean,0.849464,0.018957,3
levenshtein,2185,reward_mean,0.822238,0.0205,3
levenshtein,2186,reward_mean,0.85699,0.017314,3
levenshtein,2187,reward_mean,0.848331,0.012741,3
levenshtein,2188,reward_mean,0.867352,0.019386,3
levenshtein,2189,reward_mean,0.837751,0.01182,3
levenshtein,2190,reward_mean,0.816794,0.017775,3
levenshtein,2191,reward_mean,0.842342,0.019875,3
levenshtein,2192,reward_mean,0.824595,0.017557,3
levenshtein,2193,reward_mean,0.845143,0.015176,3
levenshtein,2194,reward_mean,0.841842,0.012153,3
levenshtein,2195,reward_mean,0.84983,0.011885,3
levenshtein,2196,reward_mean,0.83788,0.02468,3
levenshtein,2197,reward_mean,0.832936,0.006842,3
levenshtein,2198,reward_mean,0.851893,0.003379,3
levenshtein,2199,reward_mean,0.833208,0.006187,3
levenshtein,2200,reward_mean,0.854164,0.009476,3
levenshtein,2201,reward_mean,0.858979,0.019494,3
levenshtein,2202,reward_mean,0.858417,0.005627,3
levenshtein,2203,reward_mean,0.842813,0.014026,3
levenshtein,2204,reward_mean,0.85421,0.014888,3
levenshtein,2205,reward_mean,0.847648,0.006009,3
levenshtein,2206,reward_mean,0.857089,0.010219,3
levenshtein,2207,reward_mean,0.842771,0.006514,3
levenshtein,2208,reward_mean,0.84526,0.018819,3
levenshtein,2209,reward_mean,0.821779,0.021213,3
levenshtein,2210,reward_mean,0.849873,0.015516,3
levenshtein,2211,reward_mean,0.843016,0.008303,3
levenshtein,2212,reward_mean,0.825737,0.0222,3
levenshtein,2213,reward_mean,0.847808,0.001902,3
levenshtein,2214,reward_mean,0.836856,0.007979,3
levenshtein,2215,reward_mean,0.864754,0.018684,3
levenshtein,2216,reward_mean,0.850422,0.024443,3
levenshtein,2217,reward_mean,0.848196,0.01103,3
levenshtein,2218,reward_mean,0.852908,0.004312,3
levenshtein,2219,reward_mean,0.860531,0.019098,3
levenshtein,2220,reward_mean,0.859234,0.001121,3
levenshtein,2221,reward_mean,0.862582,0.009502,3
levenshtein,2222,reward_mean,0.852246,0.011907,3
levenshtein,2223,reward_mean,0.840501,0.018472,3
levenshtein,2224,reward_mean,0.839041,0.023923,3
levenshtein,2225,reward_mean,0.845238,0.015538,3
levenshtein,2226,reward_mean,0.834867,0.017385,3
levenshtein,2227,reward_mean,0.848004,0.008318,3
levenshtein,2228,reward_mean,0.855608,0.020639,3
levenshtein,2229,reward_mean,0.849266,0.013458,3
levenshtein,2230,reward_mean,0.846404,0.017623,3
levenshtein,2231,reward_mean,0.841677,0.005608,3
levenshtein,2232,reward_mean,0.837507,0.017815,3
levenshtein,2233,reward_mean,0.838516,0.007486,3
levenshtein,2234,reward_mean,0.855282,0.010823,3
levenshtein,2235,reward_mean,0.854633,0.007313,3
levenshtein,2236,reward_mean,0.850555,0.021982,3
levenshtein,2237,reward_mean,0.829013,0.023708,3
levenshtein,2238,reward_mean,0.843346,0.0221,3
levenshtein,2239,reward_mean,0.857976,0.005398,3
levenshtein,2240,reward_mean,0.846797,0.01119,3
levenshtein,2241,reward_mean,0.834742,0.019651,3
levenshtein,2242,reward_mean,0.855847,0.009709,3
levenshtein,2243,reward_mean,0.84466,0.006727,3
levenshtein,2244,reward_mean,0.840544,0.019413,3
levenshtein,2245,reward_mean,0.841899,0.019511,3
levenshtein,2246,reward_mean,0.865488,0.011421,3
levenshtein,2247,reward_mean,0.846871,0.011303,3
levenshtein,2248,reward_mean,0.851108,0.013592,3
levenshtein,2249,reward_mean,0.832471,0.012436,3
levenshtein,2250,reward_mean,0.841003,0.020377,3
levenshtein,2251,reward_mean,0.851091,0.020507,3
levenshtein,2252,reward_mean,0.858212,0.016604,3
levenshtein,2253,reward_mean,0.847426,0.014004,3
levenshtein,2254,reward_mean,0.829955,0.026804,3
levenshtein,2255,reward_mean,0.848955,0.013023,3
levenshtein,2256,reward_mean,0.85741,0.005797,3
levenshtein,2257,reward_mean,0.826104,0.011119,3
levenshtein,2258,reward_mean,0.849308,0.011043,3
levenshtein,2259,reward_mean,0.836635,0.011237,3
levenshtein,2260,reward_mean,0.853422,0.013743,3
levenshtein,2261,reward_mean,0.853225,0.019485,3
levenshtein,2262,reward_mean,0.863862,0.015884,3
levenshtein,2263,reward_mean,0.853884,0.001785,3
levenshtein,2264,reward_mean,0.85004,0.013824,3
levenshtein,2265,reward_mean,0.868655,0.008882,3
levenshtein,2266,reward_mean,0.862884,0.012971,3
levenshtein,2267,reward_mean,0.851723,0.018675,3
levenshtein,2268,reward_mean,0.857496,0.015135,3
levenshtein,2269,reward_mean,0.852406,0.019675,3
levenshtein,2270,reward_mean,0.850128,0.012891,3
levenshtein,2271,reward_mean,0.866958,0.014802,3
levenshtein,2272,reward_mean,0.859237,0.010625,3
levenshtein,2273,reward_mean,0.832197,0.012349,3
levenshtein,2274,reward_mean,0.8582,0.012519,3
levenshtein,2275,reward_mean,0.838855,0.007628,3
levenshtein,2276,reward_mean,0.850357,0.021331,3
levenshtein,2277,reward_mean,0.839122,0.010191,3
levenshtein,2278,reward_mean,0.857381,0.015833,3
levenshtein,2279,reward_mean,0.849316,0.019848,3
levenshtein,2280,reward_mean,0.857009,0.021949,3
levenshtein,2281,reward_mean,0.859127,0.023537,3
levenshtein,2282,reward_mean,0.837031,0.006129,3
levenshtein,2283,reward_mean,0.855401,0.015883,3
levenshtein,2284,reward_mean,0.836699,0.009698,3
levenshtein,2285,reward_mean,0.859289,0.00956,3
levenshtein,2286,reward_mean,0.859917,0.012252,3
levenshtein,2287,reward_mean,0.836326,0.030341,3
levenshtein,2288,reward_mean,0.835378,0.019532,3
levenshtein,2289,reward_mean,0.854492,0.016997,3
levenshtein,2290,reward_mean,0.845551,0.01995,3
levenshtein,2291,reward_mean,0.847213,0.013246,3
levenshtein,2292,reward_mean,0.833405,0.009901,3
levenshtein,2293,reward_mean,0.840815,0.013933,3
levenshtein,2294,reward_mean,0.837752,0.007959,3
levenshtein,2295,reward_mean,0.858299,0.01211,3
levenshtein,2296,reward_mean,0.837963,0.01688,3
levenshtein,2297,reward_mean,0.848862,0.01123,3
levenshtein,2298,reward_mean,0.862192,0.009071,3
levenshtein,2299,reward_mean,0.860598,0.014229,3
levenshtein,2300,reward_mean,0.860554,0.024327,3
levenshtein,2301,reward_mean,0.856739,0.011656,3
levenshtein,2302,reward_mean,0.862157,0.010745,3
levenshtein,2303,reward_mean,0.846673,0.011178,3
levenshtein,2304,reward_mean,0.852668,0.010021,3
levenshtein,2305,reward_mean,0.832568,0.013641,3
levenshtein,2306,reward_mean,0.856009,0.019141,3
levenshtein,2307,reward_mean,0.83026,0.020053,3
levenshtein,2308,reward_mean,0.869179,0.014194,3
levenshtein,2309,reward_mean,0.856552,0.014495,3
levenshtein,2310,reward_mean,0.848702,0.00722,3
levenshtein,2311,reward_mean,0.844993,0.006716,3
levenshtein,2312,reward_mean,0.837371,0.012979,3
levenshtein,2313,reward_mean,0.835722,0.012655,3
levenshtein,2314,reward_mean,0.858562,0.004205,3
levenshtein,2315,reward_mean,0.846626,0.003168,3
levenshtein,2316,reward_mean,0.85637,0.008675,3
levenshtein,2317,reward_mean,0.851064,0.005343,3
levenshtein,2318,reward_mean,0.839687,0.017506,3
levenshtein,2319,reward_mean,0.862868,0.012392,3
levenshtein,2320,reward_mean,0.851142,0.015067,3
levenshtein,2321,reward_mean,0.848744,0.011829,3
levenshtein,2322,reward_mean,0.850026,0.022481,3
levenshtein,2323,reward_mean,0.860869,0.023634,3
levenshtein,2324,reward_mean,0.861368,0.005933,3
levenshtein,2325,reward_mean,0.844532,0.014673,3
levenshtein,2326,reward_mean,0.836721,0.008466,3
levenshtein,2327,reward_mean,0.863051,0.018354,3
levenshtein,2328,reward_mean,0.860834,0.007952,3
levenshtein,2329,reward_mean,0.851542,0.01923,3
levenshtein,2330,reward_mean,0.847972,0.013274,3
levenshtein,2331,reward_mean,0.849676,0.024053,3
levenshtein,2332,reward_mean,0.856843,0.010012,3
levenshtein,2333,reward_mean,0.842631,0.013717,3
levenshtein,2334,reward_mean,0.847977,0.016264,3
levenshtein,2335,reward_mean,0.85449,0.022979,3
levenshtein,2336,reward_mean,0.839612,0.011484,3
levenshtein,2337,reward_mean,0.844775,0.00579,3
levenshtein,2338,reward_mean,0.823624,0.017539,3
levenshtein,2339,reward_mean,0.839434,0.010604,3
levenshtein,2340,reward_mean,0.870621,0.01049,3
levenshtein,2341,reward_mean,0.851072,0.010292,3
levenshtein,2342,reward_mean,0.835781,0.009343,3
levenshtein,2343,reward_mean,0.850955,0.021635,3
levenshtein,2344,reward_mean,0.848408,0.013865,3
levenshtein,2345,reward_mean,0.845846,0.029883,3
levenshtein,2346,reward_mean,0.836753,0.004282,3
levenshtein,2347,reward_mean,0.864706,0.011791,3
levenshtein,2348,reward_mean,0.856625,0.025912,3
levenshtein,2349,reward_mean,0.844839,0.01584,3
levenshtein,2350,reward_mean,0.831402,0.005016,3
levenshtein,2351,reward_mean,0.849851,0.005906,3
levenshtein,2352,reward_mean,0.839378,0.022369,3
levenshtein,2353,reward_mean,0.854882,0.017166,3
levenshtein,2354,reward_mean,0.870081,0.017062,3
levenshtein,2355,reward_mean,0.846789,0.02573,3
levenshtein,2356,reward_mean,0.853357,0.020834,3
levenshtein,2357,reward_mean,0.841859,0.012487,3
levenshtein,2358,reward_mean,0.848974,0.014169,3
levenshtein,2359,reward_mean,0.864888,0.007859,3
levenshtein,2360,reward_mean,0.841695,0.017673,3
levenshtein,2361,reward_mean,0.845953,0.00731,3
levenshtein,2362,reward_mean,0.846735,0.013458,3
levenshtein,2363,reward_mean,0.868769,0.013938,3
levenshtein,2364,reward_mean,0.843288,0.003536,3
levenshtein,2365,reward_mean,0.849973,0.004849,3
levenshtein,2366,reward_mean,0.854864,0.018433,3
levenshtein,2367,reward_mean,0.84267,0.01558,3
levenshtein,2368,reward_mean,0.825802,0.025882,3
levenshtein,2369,reward_mean,0.839034,0.027131,3
levenshtein,2370,reward_mean,0.828635,0.013651,3
levenshtein,2371,reward_mean,0.850136,0.007933,3
levenshtein,2372,reward_mean,0.85454,0.015607,3
levenshtein,2373,reward_mean,0.851128,0.006502,3
levenshtein,2374,reward_mean,0.837654,0.010286,3
levenshtein,2375,reward_mean,0.863427,0.017785,3
levenshtein,2376,reward_mean,0.854075,0.023692,3
levenshtein,2377,reward_mean,0.8648,0.015663,3
levenshtein,2378,reward_mean,0.847969,0.015398,3
levenshtein,2379,reward_mean,0.851085,0.016298,3
levenshtein,2380,reward_mean,0.838182,0.016744,3
levenshtein,2381,reward_mean,0.850777,0.020917,3
levenshtein,2382,reward_mean,0.84178,0.003447,3
levenshtein,2383,reward_mean,0.844696,0.006746,3
levenshtein,2384,reward_mean,0.82963,0.015772,3
levenshtein,2385,reward_mean,0.841667,0.007162,3
levenshtein,2386,reward_mean,0.847659,0.006431,3
levenshtein,2387,reward_mean,0.846587,0.013756,3
levenshtein,2388,reward_mean,0.840991,0.006653,3
levenshtein,2389,reward_mean,0.838931,0.022279,3
levenshtein,2390,reward_mean,0.847945,0.016153,3
levenshtein,2391,reward_mean,0.843772,0.007573,3
levenshtein,2392,reward_mean,0.854354,0.006913,3
levenshtein,2393,reward_mean,0.836816,0.010637,3
levenshtein,2394,reward_mean,0.853367,0.01682,3
levenshtein,2395,reward_mean,0.833054,0.021324,3
levenshtein,2396,reward_mean,0.861227,0.019977,3
levenshtein,2397,reward_mean,0.847218,0.009672,3
levenshtein,2398,reward_mean,0.840437,0.024451,3
levenshtein,2399,reward_mean,0.868087,0.008225,3
levenshtein,2400,reward_mean,0.850679,0.012135,3
levenshtein,2401,reward_mean,0.836145,0.006772,3
levenshtein,2402,reward_mean,0.851007,0.017706,3
levenshtein,2403,reward_mean,0.853523,0.014259,3
levenshtein,2404,reward_mean,0.847626,0.020633,3
levenshtein,2405,reward_mean,0.846173,0.011878,3
levenshtein,2406,reward_mean,0.86722,0.010408,3
levenshtein,2407,reward_mean,0.856477,0.005974,3
levenshtein,2408,reward_mean,0.876172,0.017793,3
levenshtein,2409,reward_mean,0.849728,0.020025,3
levenshtein,2410,reward_mean,0.846995,0.02074,3
levenshtein,2411,reward_mean,0.846716,0.032226,3
levenshtein,2412,reward_mean,0.861499,0.026192,3
levenshtein,2413,reward_mean,0.857778,0.010339,3
levenshtein,2414,reward_mean,0.84592,0.013227,3
levenshtein,2415,reward_mean,0.846375,0.011426,3
levenshtein,2416,reward_mean,0.842095,0.002058,3
levenshtein,2417,reward_mean,0.84639,0.024861,3
levenshtein,2418,reward_mean,0.857072,0.011076,3
levenshtein,2419,reward_mean,0.843413,0.016254,3
levenshtein,2420,reward_mean,0.8471,0.02529,3
levenshtein,2421,reward_mean,0.850868,0.024101,3
levenshtein,2422,reward_mean,0.843213,0.015102,3
levenshtein,2423,reward_mean,0.843203,0.023949,3
levenshtein,2424,reward_mean,0.855051,0.008585,3
levenshtein,2425,reward_mean,0.866708,0.02685,3
levenshtein,2426,reward_mean,0.842087,0.031843,3
levenshtein,2427,reward_mean,0.848459,0.013423,3
levenshtein,2428,reward_mean,0.851446,0.021361,3
levenshtein,2429,reward_mean,0.845925,0.005577,3
levenshtein,2430,reward_mean,0.873408,0.022712,3
levenshtein,2431,reward_mean,0.862277,0.00978,3
levenshtein,2432,reward_mean,0.870184,0.010371,3
levenshtein,2433,reward_mean,0.865085,0.013026,3
levenshtein,2434,reward_mean,0.846001,0.014685,3
levenshtein,2435,reward_mean,0.856597,0.005123,3
levenshtein,2436,reward_mean,0.841791,0.008574,3
levenshtein,2437,reward_mean,0.875436,0.015073,3
levenshtein,2438,reward_mean,0.845867,0.013187,3
levenshtein,2439,reward_mean,0.852606,0.017569,3
levenshtein,2440,reward_mean,0.860746,0.00663,3
levenshtein,2441,reward_mean,0.832997,0.00651,3
levenshtein,2442,reward_mean,0.865026,0.024856,3
levenshtein,2443,reward_mean,0.83866,0.011328,3
levenshtein,2444,reward_mean,0.861553,0.016732,3
levenshtein,2445,reward_mean,0.864712,0.017478,3
levenshtein,2446,reward_mean,0.84587,0.013358,3
levenshtein,2447,reward_mean,0.857414,0.020188,3
levenshtein,2448,reward_mean,0.879413,0.024435,3
levenshtein,2449,reward_mean,0.852024,0.020773,3
levenshtein,2450,reward_mean,0.860017,0.027113,3
levenshtein,2451,reward_mean,0.85028,0.008967,3
levenshtein,2452,reward_mean,0.846535,0.009907,3
levenshtein,2453,reward_mean,0.85785,0.014711,3
levenshtein,2454,reward_mean,0.867108,0.020983,3
levenshtein,2455,reward_mean,0.844366,0.023258,3
levenshtein,2456,reward_mean,0.835075,0.013321,3
levenshtein,2457,reward_mean,0.853523,0.01748,3
levenshtein,2458,reward_mean,0.854815,0.006804,3
levenshtein,2459,reward_mean,0.850149,0.032959,3
levenshtein,2460,reward_mean,0.846723,0.029822,3
levenshtein,2461,reward_mean,0.843342,0.00461,3
levenshtein,2462,reward_mean,0.841339,0.018742,3
levenshtein,2463,reward_mean,0.869694,0.010193,3
levenshtein,2464,reward_mean,0.834668,0.016028,3
levenshtein,2465,reward_mean,0.866613,0.010045,3
levenshtein,2466,reward_mean,0.861663,0.014398,3
levenshtein,2467,reward_mean,0.843709,0.006218,3
levenshtein,2468,reward_mean,0.850359,0.020307,3
levenshtein,2469,reward_mean,0.867886,0.005167,3
levenshtein,2470,reward_mean,0.851748,0.014133,3
levenshtein,2471,reward_mean,0.861751,0.002245,3
levenshtein,2472,reward_mean,0.863587,0.001615,3
levenshtein,2473,reward_mean,0.85403,0.015275,3
levenshtein,2474,reward_mean,0.886152,0.005928,3
levenshtein,2475,reward_mean,0.839302,0.023596,3
levenshtein,2476,reward_mean,0.886023,0.008377,3
levenshtein,2477,reward_mean,0.855619,0.015848,3
levenshtein,2478,reward_mean,0.851722,0.023171,3
levenshtein,2479,reward_mean,0.860265,0.012175,3
levenshtein,2480,reward_mean,0.854811,0.008088,3
levenshtein,2481,reward_mean,0.837666,0.003439,3
levenshtein,2482,reward_mean,0.874481,0.026767,3
levenshtein,2483,reward_mean,0.862051,0.006194,3
levenshtein,2484,reward_mean,0.855145,0.009388,3
levenshtein,2485,reward_mean,0.856,0.010919,3
levenshtein,2486,reward_mean,0.84849,0.016222,3
levenshtein,2487,reward_mean,0.857379,0.003918,3
levenshtein,2488,reward_mean,0.844016,0.009731,3
levenshtein,2489,reward_mean,0.849894,0.010011,3
levenshtein,2490,reward_mean,0.845993,0.010847,3
levenshtein,2491,reward_mean,0.8377,0.014137,3
levenshtein,2492,reward_mean,0.855708,0.023925,3
levenshtein,2493,reward_mean,0.87636,0.005971,3
levenshtein,2494,reward_mean,0.847336,0.008372,3
levenshtein,2495,reward_mean,0.876371,0.01052,3
levenshtein,2496,reward_mean,0.845752,0.015856,3
levenshtein,2497,reward_mean,0.847851,0.010962,3
levenshtein,2498,reward_mean,0.839215,0.003676,3
levenshtein,2499,reward_mean,0.848636,0.010854,3
levenshtein,2500,reward_mean,0.854948,0.011868,3
levenshtein,2501,reward_mean,0.865023,0.002748,3
levenshtein,2502,reward_mean,0.869468,0.006085,3
levenshtein,2503,reward_mean,0.854989,0.015411,3
levenshtein,2504,reward_mean,0.857737,0.010155,3
levenshtein,2505,reward_mean,0.861936,0.015055,3
levenshtein,2506,reward_mean,0.826924,0.014277,3
levenshtein,2507,reward_mean,0.841451,0.01162,3
levenshtein,2508,reward_mean,0.853502,0.009947,3
levenshtein,2509,reward_mean,0.840733,0.008444,3
levenshtein,2510,reward_mean,0.848158,0.00343,3
levenshtein,2511,reward_mean,0.860552,0.007735,3
levenshtein,2512,reward_mean,0.853789,0.019578,3
levenshtein,2513,reward_mean,0.846602,0.005778,3
levenshtein,2514,reward_mean,0.852227,0.006419,3
levenshtein,2515,reward_mean,0.861908,0.012556,3
levenshtein,2516,reward_mean,0.859806,0.013789,3
levenshtein,2517,reward_mean,0.854839,0.018106,3
levenshtein,2518,reward_mean,0.852292,0.014887,3
levenshtein,2519,reward_mean,0.831934,0.017128,3
levenshtein,2520,reward_mean,0.845401,0.01586,3
levenshtein,2521,reward_mean,0.837934,0.01286,3
levenshtein,2522,reward_mean,0.86689,0.009836,3
levenshtein,2523,reward_mean,0.86384,0.011395,3
levenshtein,2524,reward_mean,0.839928,0.012369,3
levenshtein,2525,reward_mean,0.852791,0.006243,3
levenshtein,2526,reward_mean,0.853879,0.022513,3
levenshtein,2527,reward_mean,0.872502,0.025471,3
levenshtein,2528,reward_mean,0.853566,0.02004,3
levenshtein,2529,reward_mean,0.858305,0.009725,3
levenshtein,2530,reward_mean,0.842591,0.026005,3
levenshtein,2531,reward_mean,0.859787,0.010204,3
levenshtein,2532,reward_mean,0.850803,0.008611,3
levenshtein,2533,reward_mean,0.848741,0.006185,3
levenshtein,2534,reward_mean,0.862148,0.018232,3
levenshtein,2535,reward_mean,0.840972,0.023927,3
levenshtein,2536,reward_mean,0.856519,0.011155,3
levenshtein,2537,reward_mean,0.854562,0.019996,3
levenshtein,2538,reward_mean,0.844916,0.020481,3
levenshtein,2539,reward_mean,0.861999,0.013524,3
levenshtein,2540,reward_mean,0.854269,0.004792,3
levenshtein,2541,reward_mean,0.864551,0.011087,3
levenshtein,2542,reward_mean,0.846927,0.006129,3
levenshtein,2543,reward_mean,0.876142,0.013945,3
levenshtein,2544,reward_mean,0.856413,0.016534,3
levenshtein,2545,reward_mean,0.848876,0.026302,3
levenshtein,2546,reward_mean,0.858037,0.014285,3
levenshtein,2547,reward_mean,0.838884,0.00224,3
levenshtein,2548,reward_mean,0.859456,0.007459,3
levenshtein,2549,reward_mean,0.862924,0.018042,3
levenshtein,2550,reward_mean,0.879661,0.027953,3
levenshtein,2551,reward_mean,0.862308,0.004949,3
levenshtein,2552,reward_mean,0.867094,0.024348,3
levenshtein,2553,reward_mean,0.849039,0.016558,3
levenshtein,2554,reward_mean,0.873371,0.018469,3
levenshtein,2555,reward_mean,0.856522,0.005535,3
levenshtein,2556,reward_mean,0.855541,0.019372,3
levenshtein,2557,reward_mean,0.851116,0.010357,3
levenshtein,2558,reward_mean,0.846878,0.005552,3
levenshtein,2559,reward_mean,0.832813,0.014522,3
levenshtein,2560,reward_mean,0.853182,0.005524,3
levenshtein,2561,reward_mean,0.828003,0.016191,3
levenshtein,2562,reward_mean,0.858332,0.009349,3
levenshtein,2563,reward_mean,0.841778,0.023365,3
levenshtein,2564,reward_mean,0.852311,0.024907,3
levenshtein,2565,reward_mean,0.857951,0.004593,3
levenshtein,2566,reward_mean,0.852968,0.01012,3
levenshtein,2567,reward_mean,0.853878,0.011388,3
levenshtein,2568,reward_mean,0.848539,0.020146,3
levenshtein,2569,reward_mean,0.840688,0.032374,3
levenshtein,2570,reward_mean,0.846837,0.007828,3
levenshtein,2571,reward_mean,0.842894,0.018017,3
levenshtein,2572,reward_mean,0.860931,0.012672,3
levenshtein,2573,reward_mean,0.837107,0.016847,3
levenshtein,2574,reward_mean,0.848352,0.009729,3
levenshtein,2575,reward_mean,0.857393,0.006525,3
levenshtein,2576,reward_mean,0.859161,0.006165,3
levenshtein,2577,reward_mean,0.85501,0.016901,3
levenshtein,2578,reward_mean,0.8668,0.028108,3
levenshtein,2579,reward_mean,0.848079,0.012573,3
levenshtein,2580,reward_mean,0.849276,0.006339,3
levenshtein,2581,reward_mean,0.84614,0.008309,3
levenshtein,2582,reward_mean,0.865783,0.028703,3
levenshtein,2583,reward_mean,0.860265,0.004587,3
levenshtein,2584,reward_mean,0.871794,0.006418,3
levenshtein,2585,reward_mean,0.857237,0.012121,3
levenshtein,2586,reward_mean,0.84378,0.009849,3
levenshtein,2587,reward_mean,0.847892,0.010185,3
levenshtein,2588,reward_mean,0.849393,0.014133,3
levenshtein,2589,reward_mean,0.859579,0.02015,3
levenshtein,2590,reward_mean,0.866783,0.006399,3
levenshtein,2591,reward_mean,0.854292,0.011905,3
levenshtein,2592,reward_mean,0.862565,0.009709,3
levenshtein,2593,reward_mean,0.850664,0.003789,3
levenshtein,2594,reward_mean,0.8727,0.004609,3
levenshtein,2595,reward_mean,0.861485,0.013836,3
levenshtein,2596,reward_mean,0.888065,0.008379,3
levenshtein,2597,reward_mean,0.855798,0.008113,3
levenshtein,2598,reward_mean,0.869357,0.018027,3
levenshtein,2599,reward_mean,0.864024,0.008145,3
levenshtein,2600,reward_mean,0.854251,0.005986,3
levenshtein,2601,reward_mean,0.855642,0.020801,3
levenshtein,2602,reward_mean,0.867937,0.012105,3
levenshtein,2603,reward_mean,0.876735,0.021127,3
levenshtein,2604,reward_mean,0.862396,0.025183,3
levenshtein,2605,reward_mean,0.844289,0.011862,3
levenshtein,2606,reward_mean,0.871,0.015208,3
levenshtein,2607,reward_mean,0.851786,0.014381,3
levenshtein,2608,reward_mean,0.84683,0.024556,3
levenshtein,2609,reward_mean,0.866673,0.004555,3
levenshtein,2610,reward_mean,0.864634,0.00514,3
levenshtein,2611,reward_mean,0.862717,0.005794,3
levenshtein,2612,reward_mean,0.856965,0.01139,3
levenshtein,2613,reward_mean,0.855065,0.026132,3
levenshtein,2614,reward_mean,0.862213,0.004375,3
levenshtein,2615,reward_mean,0.848598,0.010365,3
levenshtein,2616,reward_mean,0.86502,0.016121,3
levenshtein,2617,reward_mean,0.842536,0.020777,3
levenshtein,2618,reward_mean,0.867052,0.016033,3
levenshtein,2619,reward_mean,0.850651,0.012316,3
levenshtein,2620,reward_mean,0.855695,0.008185,3
levenshtein,2621,reward_mean,0.850326,0.013411,3
levenshtein,2622,reward_mean,0.873407,0.008291,3
levenshtein,2623,reward_mean,0.854773,0.003814,3
levenshtein,2624,reward_mean,0.833832,0.016235,3
levenshtein,2625,reward_mean,0.854053,0.020784,3
levenshtein,2626,reward_mean,0.849074,0.011011,3
levenshtein,2627,reward_mean,0.881854,0.007791,3
levenshtein,2628,reward_mean,0.855746,0.008049,3
levenshtein,2629,reward_mean,0.853835,0.016737,3
levenshtein,2630,reward_mean,0.85004,0.014078,3
levenshtein,2631,reward_mean,0.864666,0.011452,3
levenshtein,2632,reward_mean,0.862057,0.016564,3
levenshtein,2633,reward_mean,0.864794,0.009672,3
levenshtein,2634,reward_mean,0.838846,0.013439,3
levenshtein,2635,reward_mean,0.86223,0.015234,3
levenshtein,2636,reward_mean,0.855683,0.023931,3
levenshtein,2637,reward_mean,0.86015,0.022093,3
levenshtein,2638,reward_mean,0.86816,0.006971,3
levenshtein,2639,reward_mean,0.854991,0.024568,3
levenshtein,2640,reward_mean,0.84374,0.009717,3
levenshtein,2641,reward_mean,0.830172,0.009014,3
levenshtein,2642,reward_mean,0.864015,0.013975,3
levenshtein,2643,reward_mean,0.848271,0.010884,3
levenshtein,2644,reward_mean,0.870009,0.023826,3
levenshtein,2645,reward_mean,0.854734,0.030705,3
levenshtein,2646,reward_mean,0.852978,0.020584,3
levenshtein,2647,reward_mean,0.870096,0.004831,3
levenshtein,2648,reward_mean,0.856518,0.01115,3
levenshtein,2649,reward_mean,0.860683,0.026768,3
levenshtein,2650,reward_mean,0.853059,0.009639,3
levenshtein,2651,reward_mean,0.843269,0.016001,3
levenshtein,2652,reward_mean,0.868695,0.014329,3
levenshtein,2653,reward_mean,0.868831,0.01668,3
levenshtein,2654,reward_mean,0.852865,0.015701,3
levenshtein,2655,reward_mean,0.850633,0.022683,3
levenshtein,2656,reward_mean,0.862934,0.005157,3
levenshtein,2657,reward_mean,0.837402,0.007389,3
levenshtein,2658,reward_mean,0.833392,0.011917,3
levenshtein,2659,reward_mean,0.841531,0.011686,3
levenshtein,2660,reward_mean,0.858399,0.020808,3
levenshtein,2661,reward_mean,0.849534,0.017245,3
levenshtein,2662,reward_mean,0.856784,0.008291,3
levenshtein,2663,reward_mean,0.853009,0.006807,3
levenshtein,2664,reward_mean,0.842203,0.024455,3
levenshtein,2665,reward_mean,0.858279,0.008508,3
levenshtein,2666,reward_mean,0.86037,0.00554,3
levenshtein,2667,reward_mean,0.845228,0.008176,3
levenshtein,2668,reward_mean,0.861679,0.012273,3
levenshtein,2669,reward_mean,0.857472,0.008006,3
levenshtein,2670,reward_mean,0.846906,0.010363,3
levenshtein,2671,reward_mean,0.870327,0.014065,3
levenshtein,2672,reward_mean,0.856769,0.014604,3
levenshtein,2673,reward_mean,0.849286,0.005973,3
levenshtein,2674,reward_mean,0.853605,0.009095,3
levenshtein,2675,reward_mean,0.857962,0.021412,3
levenshtein,2676,reward_mean,0.856743,0.03061,3
levenshtein,2677,reward_mean,0.858193,0.005709,3
levenshtein,2678,reward_mean,0.85342,0.019323,3
levenshtein,2679,reward_mean,0.849149,0.006055,3
levenshtein,2680,reward_mean,0.852959,0.020257,3
levenshtein,2681,reward_mean,0.85721,0.014832,3
levenshtein,2682,reward_mean,0.861219,0.017221,3
levenshtein,2683,reward_mean,0.868164,0.018155,3
levenshtein,2684,reward_mean,0.868024,0.011195,3
levenshtein,2685,reward_mean,0.842417,0.03077,3
levenshtein,2686,reward_mean,0.862847,0.009947,3
levenshtein,2687,reward_mean,0.871494,0.014716,3
levenshtein,2688,reward_mean,0.858617,0.019243,3
levenshtein,2689,reward_mean,0.863143,0.014945,3
levenshtein,2690,reward_mean,0.859385,0.012185,3
levenshtein,2691,reward_mean,0.851046,0.010444,3
levenshtein,2692,reward_mean,0.86276,0.022541,3
levenshtein,2693,reward_mean,0.864795,0.00567,3
levenshtein,2694,reward_mean,0.862832,0.017332,3
levenshtein,2695,reward_mean,0.854236,0.011393,3
levenshtein,2696,reward_mean,0.847054,0.01906,3
levenshtein,2697,reward_mean,0.827489,0.010172,3
levenshtein,2698,reward_mean,0.854098,0.015154,3
levenshtein,2699,reward_mean,0.846376,0.016224,3
levenshtein,2700,reward_mean,0.848253,0.004606,3
levenshtein,2701,reward_mean,0.856087,0.01507,3
levenshtein,2702,reward_mean,0.859912,0.006818,3
levenshtein,2703,reward_mean,0.854204,0.024557,3
levenshtein,2704,reward_mean,0.880071,0.011743,3
levenshtein,2705,reward_mean,0.874535,0.02163,3
levenshtein,2706,reward_mean,0.867914,0.014695,3
levenshtein,2707,reward_mean,0.845352,0.010595,3
levenshtein,2708,reward_mean,0.848105,0.014284,3
levenshtein,2709,reward_mean,0.855805,0.00864,3
levenshtein,2710,reward_mean,0.865465,0.020928,3
levenshtein,2711,reward_mean,0.876733,0.007238,3
levenshtein,2712,reward_mean,0.858719,0.018408,3
levenshtein,2713,reward_mean,0.864877,0.024618,3
levenshtein,2714,reward_mean,0.855594,0.019646,3
levenshtein,2715,reward_mean,0.866061,0.024254,3
levenshtein,2716,reward_mean,0.871863,0.009062,3
levenshtein,2717,reward_mean,0.85317,0.014038,3
levenshtein,2718,reward_mean,0.853497,0.008183,3
levenshtein,2719,reward_mean,0.85798,0.014266,3
levenshtein,2720,reward_mean,0.864924,0.008387,3
levenshtein,2721,reward_mean,0.866176,0.008041,3
levenshtein,2722,reward_mean,0.867234,0.005664,3
levenshtein,2723,reward_mean,0.838785,0.018924,3
levenshtein,2724,reward_mean,0.867468,0.015576,3
levenshtein,2725,reward_mean,0.872109,0.014171,3
levenshtein,2726,reward_mean,0.857787,0.009928,3
levenshtein,2727,reward_mean,0.850949,0.011988,3
levenshtein,2728,reward_mean,0.861345,0.00551,3
levenshtein,2729,reward_mean,0.846213,0.015065,3
levenshtein,2730,reward_mean,0.852162,0.014461,3
levenshtein,2731,reward_mean,0.86559,0.008221,3
levenshtein,2732,reward_mean,0.868318,0.008025,3
levenshtein,2733,reward_mean,0.839406,0.008673,3
levenshtein,2734,reward_mean,0.867541,0.014845,3
levenshtein,2735,reward_mean,0.876745,0.003069,3
levenshtein,2736,reward_mean,0.86503,0.010922,3
levenshtein,2737,reward_mean,0.854659,0.012178,3
levenshtein,2738,reward_mean,0.866488,0.009747,3
levenshtein,2739,reward_mean,0.862752,0.002658,3
levenshtein,2740,reward_mean,0.867133,0.019038,3
levenshtein,2741,reward_mean,0.845717,0.011942,3
levenshtein,2742,reward_mean,0.84135,0.008115,3
levenshtein,2743,reward_mean,0.858246,0.014146,3
levenshtein,2744,reward_mean,0.846754,0.013384,3
levenshtein,2745,reward_mean,0.861522,0.014731,3
levenshtein,2746,reward_mean,0.848611,0.023472,3
levenshtein,2747,reward_mean,0.859334,0.00565,3
levenshtein,2748,reward_mean,0.860775,0.015704,3
levenshtein,2749,reward_mean,0.87104,0.010141,3
levenshtein,2750,reward_mean,0.87488,0.016733,3
levenshtein,2751,reward_mean,0.879537,0.004469,3
levenshtein,2752,reward_mean,0.843981,0.007021,3
levenshtein,2753,reward_mean,0.856264,0.020056,3
levenshtein,2754,reward_mean,0.862023,0.014075,3
levenshtein,2755,reward_mean,0.852737,0.015599,3
levenshtein,2756,reward_mean,0.871827,0.008316,3
levenshtein,2757,reward_mean,0.869144,0.006474,3
levenshtein,2758,reward_mean,0.856164,0.014292,3
levenshtein,2759,reward_mean,0.857136,0.012398,3
levenshtein,2760,reward_mean,0.86865,0.00369,3
levenshtein,2761,reward_mean,0.862338,0.002364,3
levenshtein,2762,reward_mean,0.870208,0.004829,3
levenshtein,2763,reward_mean,0.852468,0.032819,3
levenshtein,2764,reward_mean,0.850723,0.03395,3
levenshtein,2765,reward_mean,0.869698,0.018461,3
levenshtein,2766,reward_mean,0.867426,0.010033,3
levenshtein,2767,reward_mean,0.856886,0.011217,3
levenshtein,2768,reward_mean,0.858209,0.024542,3
levenshtein,2769,reward_mean,0.87865,0.003495,3
levenshtein,2770,reward_mean,0.853258,0.009018,3
levenshtein,2771,reward_mean,0.852075,0.007591,3
levenshtein,2772,reward_mean,0.850028,0.017713,3
levenshtein,2773,reward_mean,0.864701,0.018873,3
levenshtein,2774,reward_mean,0.880414,0.007233,3
levenshtein,2775,reward_mean,0.849072,0.024528,3
levenshtein,2776,reward_mean,0.873004,0.018042,3
levenshtein,2777,reward_mean,0.872237,0.007303,3
levenshtein,2778,reward_mean,0.8508,0.02043,3
levenshtein,2779,reward_mean,0.854459,0.019022,3
levenshtein,2780,reward_mean,0.848545,0.013828,3
levenshtein,2781,reward_mean,0.86334,0.004055,3
levenshtein,2782,reward_mean,0.856704,0.00438,3
levenshtein,2783,reward_mean,0.851185,0.018786,3
levenshtein,2784,reward_mean,0.863368,0.011415,3
levenshtein,2785,reward_mean,0.857779,0.004745,3
levenshtein,2786,reward_mean,0.843212,0.003591,3
levenshtein,2787,reward_mean,0.855163,0.0127,3
levenshtein,2788,reward_mean,0.841222,0.013738,3
levenshtein,2789,reward_mean,0.85889,0.006563,3
levenshtein,2790,reward_mean,0.874811,0.011006,3
levenshtein,2791,reward_mean,0.857015,0.018347,3
levenshtein,2792,reward_mean,0.867248,0.007491,3
levenshtein,2793,reward_mean,0.872794,0.004305,3
levenshtein,2794,reward_mean,0.849104,0.008927,3
levenshtein,2795,reward_mean,0.881263,0.005257,3
levenshtein,2796,reward_mean,0.883286,0.007946,3
levenshtein,2797,reward_mean,0.872401,0.018287,3
levenshtein,2798,reward_mean,0.836343,0.013811,3
levenshtein,2799,reward_mean,0.846097,0.019127,3
levenshtein,2800,reward_mean,0.858329,0.005945,3
levenshtein,2801,reward_mean,0.857646,0.011469,3
levenshtein,2802,reward_mean,0.871646,0.009989,3
levenshtein,2803,reward_mean,0.834612,0.009183,3
levenshtein,2804,reward_mean,0.854454,0.014293,3
levenshtein,2805,reward_mean,0.840606,0.006067,3
levenshtein,2806,reward_mean,0.865222,0.029883,3
levenshtein,2807,reward_mean,0.848312,0.020084,3
levenshtein,2808,reward_mean,0.849434,0.005585,3
levenshtein,2809,reward_mean,0.868725,0.014005,3
levenshtein,2810,reward_mean,0.854674,0.028972,3
levenshtein,2811,reward_mean,0.866705,0.014296,3
levenshtein,2812,reward_mean,0.853863,0.014531,3
levenshtein,2813,reward_mean,0.852281,0.009109,3
levenshtein,2814,reward_mean,0.850225,0.015623,3
levenshtein,2815,reward_mean,0.864078,0.013707,3
levenshtein,2816,reward_mean,0.860439,0.009509,3
levenshtein,2817,reward_mean,0.858617,0.009233,3
levenshtein,2818,reward_mean,0.850657,0.009735,3
levenshtein,2819,reward_mean,0.853482,0.017955,3
levenshtein,2820,reward_mean,0.858707,0.017724,3
levenshtein,2821,reward_mean,0.866389,0.018664,3
levenshtein,2822,reward_mean,0.854817,0.015042,3
levenshtein,2823,reward_mean,0.870183,0.004882,3
levenshtein,2824,reward_mean,0.875329,0.013673,3
levenshtein,2825,reward_mean,0.835748,0.00621,3
levenshtein,2826,reward_mean,0.859711,0.004731,3
levenshtein,2827,reward_mean,0.853833,0.012759,3
levenshtein,2828,reward_mean,0.851599,0.025769,3
levenshtein,2829,reward_mean,0.875734,0.014998,3
levenshtein,2830,reward_mean,0.839021,0.017825,3
levenshtein,2831,reward_mean,0.873376,0.012179,3
levenshtein,2832,reward_mean,0.866349,0.008913,3
levenshtein,2833,reward_mean,0.852123,0.018494,3
levenshtein,2834,reward_mean,0.856978,0.011062,3
levenshtein,2835,reward_mean,0.859505,0.011253,3
levenshtein,2836,reward_mean,0.854566,0.01557,3
levenshtein,2837,reward_mean,0.867725,0.009572,3
levenshtein,2838,reward_mean,0.872247,0.011843,3
levenshtein,2839,reward_mean,0.862168,0.010847,3
levenshtein,2840,reward_mean,0.876743,0.006323,3
levenshtein,2841,reward_mean,0.852638,0.023355,3
levenshtein,2842,reward_mean,0.882772,0.010867,3
levenshtein,2843,reward_mean,0.856549,0.01251,3
levenshtein,2844,reward_mean,0.848768,0.012171,3
levenshtein,2845,reward_mean,0.872059,0.00993,3
levenshtein,2846,reward_mean,0.864042,0.012952,3
levenshtein,2847,reward_mean,0.849204,0.012701,3
levenshtein,2848,reward_mean,0.880404,0.017523,3
levenshtein,2849,reward_mean,0.850541,0.008698,3
levenshtein,2850,reward_mean,0.864437,0.014745,3
levenshtein,2851,reward_mean,0.868505,0.014991,3
levenshtein,2852,reward_mean,0.86011,0.008826,3
levenshtein,2853,reward_mean,0.870974,0.008612,3
levenshtein,2854,reward_mean,0.863149,0.024791,3
levenshtein,2855,reward_mean,0.847902,0.006346,3
levenshtein,2856,reward_mean,0.853425,0.007608,3
levenshtein,2857,reward_mean,0.86784,0.012037,3
levenshtein,2858,reward_mean,0.846019,0.010426,3
levenshtein,2859,reward_mean,0.845137,0.008977,3
levenshtein,2860,reward_mean,0.85853,0.01257,3
levenshtein,2861,reward_mean,0.864555,0.022169,3
levenshtein,2862,reward_mean,0.875911,0.010535,3
levenshtein,2863,reward_mean,0.859608,0.011306,3
levenshtein,2864,reward_mean,0.86261,0.006162,3
levenshtein,2865,reward_mean,0.863818,0.005522,3
levenshtein,2866,reward_mean,0.87506,0.00326,3
levenshtein,2867,reward_mean,0.862817,0.007661,3
levenshtein,2868,reward_mean,0.837748,0.014832,3
levenshtein,2869,reward_mean,0.873014,0.012171,3
levenshtein,2870,reward_mean,0.862178,0.008584,3
levenshtein,2871,reward_mean,0.857666,0.021801,3
levenshtein,2872,reward_mean,0.871152,0.008495,3
levenshtein,2873,reward_mean,0.825287,0.018346,3
levenshtein,2874,reward_mean,0.837974,0.014391,3
levenshtein,2875,reward_mean,0.863486,0.007817,3
levenshtein,2876,reward_mean,0.845005,0.007776,3
levenshtein,2877,reward_mean,0.856972,0.020529,3
levenshtein,2878,reward_mean,0.861029,0.01396,3
levenshtein,2879,reward_mean,0.860423,0.009806,3
levenshtein,2880,reward_mean,0.864113,0.008218,3
levenshtein,2881,reward_mean,0.867639,0.011926,3
levenshtein,2882,reward_mean,0.866231,0.010968,3
levenshtein,2883,reward_mean,0.862421,0.029831,3
levenshtein,2884,reward_mean,0.855051,0.016772,3
levenshtein,2885,reward_mean,0.865517,0.002164,3
levenshtein,2886,reward_mean,0.86237,0.01392,3
levenshtein,2887,reward_mean,0.858639,0.00895,3
levenshtein,2888,reward_mean,0.874327,0.016428,3
levenshtein,2889,reward_mean,0.854974,0.009094,3
levenshtein,2890,reward_mean,0.863381,0.014008,3
levenshtein,2891,reward_mean,0.858366,0.016638,3
levenshtein,2892,reward_mean,0.866141,0.015961,3
levenshtein,2893,reward_mean,0.858436,0.01121,3
levenshtein,2894,reward_mean,0.866149,0.019415,3
levenshtein,2895,reward_mean,0.860333,0.017499,3
levenshtein,2896,reward_mean,0.868627,0.020895,3
levenshtein,2897,reward_mean,0.845895,0.008022,3
levenshtein,2898,reward_mean,0.863148,0.022043,3
levenshtein,2899,reward_mean,0.859636,0.011295,3
levenshtein,2900,reward_mean,0.859882,0.031943,3
levenshtein,2901,reward_mean,0.865262,0.011391,3
levenshtein,2902,reward_mean,0.883945,0.005193,3
levenshtein,2903,reward_mean,0.851879,0.013536,3
levenshtein,2904,reward_mean,0.840133,0.013974,3
levenshtein,2905,reward_mean,0.851798,0.021499,3
levenshtein,2906,reward_mean,0.868313,0.006763,3
levenshtein,2907,reward_mean,0.835938,0.019263,3
levenshtein,2908,reward_mean,0.868027,0.017677,3
levenshtein,2909,reward_mean,0.849684,0.011081,3
levenshtein,2910,reward_mean,0.876475,0.009443,3
levenshtein,2911,reward_mean,0.865378,0.006514,3
levenshtein,2912,reward_mean,0.86428,0.008658,3
levenshtein,2913,reward_mean,0.883165,0.008417,3
levenshtein,2914,reward_mean,0.842323,0.010884,3
levenshtein,2915,reward_mean,0.853833,0.015478,3
levenshtein,2916,reward_mean,0.852547,0.016009,3
levenshtein,2917,reward_mean,0.869774,0.011467,3
levenshtein,2918,reward_mean,0.847781,0.014854,3
levenshtein,2919,reward_mean,0.891666,0.006175,3
levenshtein,2920,reward_mean,0.878523,0.011242,3
levenshtein,2921,reward_mean,0.872632,0.018541,3
levenshtein,2922,reward_mean,0.873087,0.021442,3
levenshtein,2923,reward_mean,0.885542,0.009475,3
levenshtein,2924,reward_mean,0.859715,0.022477,3
levenshtein,2925,reward_mean,0.858498,0.006574,3
levenshtein,2926,reward_mean,0.85638,0.015687,3
levenshtein,2927,reward_mean,0.885204,0.003734,3
levenshtein,2928,reward_mean,0.866499,0.014939,3
levenshtein,2929,reward_mean,0.867423,0.011344,3
levenshtein,2930,reward_mean,0.864729,0.01291,3
levenshtein,2931,reward_mean,0.856429,0.00819,3
levenshtein,2932,reward_mean,0.864252,0.011376,3
levenshtein,2933,reward_mean,0.885178,0.009512,3
levenshtein,2934,reward_mean,0.891151,0.02705,3
levenshtein,2935,reward_mean,0.865006,0.017792,3
levenshtein,2936,reward_mean,0.875228,0.00782,3
levenshtein,2937,reward_mean,0.861166,0.006614,3
levenshtein,2938,reward_mean,0.857476,0.016442,3
levenshtein,2939,reward_mean,0.851983,0.016355,3
levenshtein,2940,reward_mean,0.842615,0.019583,3
levenshtein,2941,reward_mean,0.871471,0.015664,3
levenshtein,2942,reward_mean,0.858186,0.021857,3
levenshtein,2943,reward_mean,0.871354,0.010444,3
levenshtein,2944,reward_mean,0.882362,0.007303,3
levenshtein,2945,reward_mean,0.871738,0.011686,3
levenshtein,2946,reward_mean,0.868276,0.011165,3
levenshtein,2947,reward_mean,0.852529,0.018256,3
levenshtein,2948,reward_mean,0.868001,0.006228,3
levenshtein,2949,reward_mean,0.870999,0.021951,3
levenshtein,2950,reward_mean,0.875915,0.006854,3
levenshtein,2951,reward_mean,0.853688,0.002658,3
levenshtein,2952,reward_mean,0.85207,0.028043,3
levenshtein,2953,reward_mean,0.850512,0.007265,3
levenshtein,2954,reward_mean,0.836715,0.005231,3
levenshtein,2955,reward_mean,0.861077,0.018512,3
levenshtein,2956,reward_mean,0.837853,0.017983,3
levenshtein,2957,reward_mean,0.879785,0.009578,3
levenshtein,2958,reward_mean,0.837005,0.026992,3
levenshtein,2959,reward_mean,0.882798,0.013722,3
levenshtein,2960,reward_mean,0.867939,0.013984,3
levenshtein,2961,reward_mean,0.866071,0.012175,3
levenshtein,2962,reward_mean,0.862298,0.016722,3
levenshtein,2963,reward_mean,0.860977,0.010763,3
levenshtein,2964,reward_mean,0.865336,0.009103,3
levenshtein,2965,reward_mean,0.866692,0.009067,3
levenshtein,2966,reward_mean,0.873869,0.014325,3
levenshtein,2967,reward_mean,0.861821,0.029027,3
levenshtein,2968,reward_mean,0.868713,0.011616,3
levenshtein,2969,reward_mean,0.87117,0.004945,3
levenshtein,2970,reward_mean,0.853736,0.01687,3
levenshtein,2971,reward_mean,0.861205,0.020461,3
levenshtein,2972,reward_mean,0.869562,0.020483,3
levenshtein,2973,reward_mean,0.87334,0.010657,3
levenshtein,2974,reward_mean,0.864493,0.002443,3
levenshtein,2975,reward_mean,0.870939,0.00685,3
levenshtein,2976,reward_mean,0.867999,0.034673,3
levenshtein,2977,reward_mean,0.865813,0.008006,3
levenshtein,2978,reward_mean,0.864194,0.013489,3
levenshtein,2979,reward_mean,0.856691,0.016391,3
levenshtein,2980,reward_mean,0.872694,0.008585,3
levenshtein,2981,reward_mean,0.835409,0.002281,3
levenshtein,2982,reward_mean,0.861982,0.005122,3
levenshtein,2983,reward_mean,0.864857,0.014615,3
levenshtein,2984,reward_mean,0.867805,0.004905,3
levenshtein,2985,reward_mean,0.854445,0.018801,3
levenshtein,2986,reward_mean,0.880468,0.000658,3
levenshtein,2987,reward_mean,0.859291,0.019236,3
levenshtein,2988,reward_mean,0.871178,0.005491,3
levenshtein,2989,reward_mean,0.874655,0.0066,3
levenshtein,2990,reward_mean,0.876201,0.01412,3
levenshtein,2991,reward_mean,0.845195,0.014775,3
levenshtein,2992,reward_mean,0.870069,0.017939,3
levenshtein,2993,reward_mean,0.870795,0.013849,3
levenshtein,2994,reward_mean,0.875235,0.016404,3
levenshtein,2995,reward_mean,0.864849,0.001308,3
levenshtein,2996,reward_mean,0.872828,0.002173,3
levenshtein,2997,reward_mean,0.885588,0.005842,3
levenshtein,2998,reward_mean,0.8686,0.023187,3
levenshtein,2999,reward_mean,0.848355,0.020717,3
levenshtein,0,kl_to_reference,0.0,0.0,3
levenshtein,1,kl_to_reference,0.003995,0.001076,3
levenshtein,2,kl_to_reference,0.010248,0.003286,3
levenshtein,3,kl_to_reference,0.019382,0.002445,3
levenshtein,4,kl_to_reference,0.023599,0.005046,3
levenshtein,5,kl_to_reference,0.031382,0.007459,3
levenshtein,6,kl_to_reference,0.037119,0.009782,3
levenshtein,7,kl_to_reference,0.037298,0.009223,3
levenshtein,8,kl_to_reference,0.04255,0.009701,3
levenshtein,9,kl_to_reference,0.044394,0.009934,3
levenshtein,10,kl_to_reference,0.04879,0.011585,3
levenshtein,11,kl_to_reference,0.046724,0.006239,3
levenshtein,12,kl_to_reference,0.049159,0.00628,3
levenshtein,13,kl_to_reference,0.050668,0.005789,3
levenshtein,14,kl_to_reference,0.054723,0.007055,3
levenshtein,15,kl_to_reference,0.053974,0.007686,3
levenshtein,16,kl_to_reference,0.04865,0.002885,3
levenshtein,17,kl_to_reference,0.050655,0.004281,3
levenshtein,18,kl_to_reference,0.051844,0.006622,3
levenshtein,19,kl_to_reference,0.053987,0.004632,3
levenshtein,20,kl_to_reference,0.05266,0.002023,3
levenshtein,21,kl_to_reference,0.053785,0.002321,3
levenshtein,22,kl_to_reference,0.060034,0.007879,3
levenshtein,23,kl_to_reference,0.051435,0.00793,3
levenshtein,24,kl_to_reference,0.057425,0.007954,3
levenshtein,25,kl_to_reference,0.06157,0.003941,3
levenshtein,26,kl_to_reference,0.06119,0.004823,3
levenshtein,27,kl_to_reference,0.05638,0.00374,3
levenshtein,28,kl_to_reference,0.053602,0.001241,3
levenshtein,29,kl_to_reference,0.061836,0.00812,3
levenshtein,30,kl_to_reference,0.061697,0.000389,3
levenshtein,31,kl_to_reference,0.058767,0.00619,3
levenshtein,32,kl_to_reference,0.058369,0.009043,3
levenshtein,33,kl_to_reference,0.055018,0.002223,3
levenshtein,34,kl_to_reference,0.065678,0.00581,3
levenshtein,35,kl_to_reference,0.066836,0.00472,3
levenshtein,36,kl_to_reference,0.062872,0.005279,3
levenshtein,37,kl_to_reference,0.066381,0.004424,3
levenshtein,38,kl_to_reference,0.06324,0.002226,3
levenshtein,39,kl_to_reference,0.060702,0.006219,3
levenshtein,40,kl_to_reference,0.057919,0.005295,3
levenshtein,41,kl_to_reference,0.065326,0.007209,3
levenshtein,42,kl_to_reference,0.059594,0.0108,3
levenshtein,43,kl_to_reference,0.060431,0.006275,3
levenshtein,44,kl_to_reference,0.068231,0.006114,3
levenshtein,45,kl_to_reference,0.066148,0.006917,3
levenshtein,46,kl_to_reference,0.065334,0.013166,3
levenshtein,47,kl_to_reference,0.065424,0.00752,3
levenshtein,48,kl_to_reference,0.067725,0.012214,3
levenshtein,49,kl_to_reference,0.061134,0.007246,3
levenshtein,50,kl_to_reference,0.062311,0.010049,3
levenshtein,51,kl_to_reference,0.065772,0.007533,3
levenshtein,52,kl_to_reference,0.059605,0.00271,3
levenshtein,53,kl_to_reference,0.067152,0.008749,3
levenshtein,54,kl_to_reference,0.067962,0.007493,3
levenshtein,55,kl_to_reference,0.067472,0.004176,3
levenshtein,56,kl_to_reference,0.06745,0.010228,3
levenshtein,57,kl_to_reference,0.061125,0.006357,3
levenshtein,58,kl_to_reference,0.064216,0.008236,3
levenshtein,59,kl_to_reference,0.064106,0.005317,3
levenshtein,60,kl_to_reference,0.06455,0.007809,3
levenshtein,61,kl_to_reference,0.060562,0.003473,3
levenshtein,62,kl_to_reference,0.065206,0.004205,3
levenshtein,63,kl_to_reference,0.067319,0.007621,3
levenshtein,64,kl_to_reference,0.068178,0.013387,3
levenshtein,65,kl_to_reference,0.067709,0.004431,3
levenshtein,66,kl_to_reference,0.06605,0.008177,3
levenshtein,67,kl_to_reference,0.063336,0.006535,3
levenshtein,68,kl_to_reference,0.065916,0.011941,3
levenshtein,69,kl_to_reference,0.068177,0.007594,3
levenshtein,70,kl_to_reference,0.073003,0.00906,3
levenshtein,71,kl_to_reference,0.06847,0.008494,3
levenshtein,72,kl_to_reference,0.068504,0.005584,3
levenshtein,73,kl_to_reference,0.067709,0.012263,3
levenshtein,74,kl_to_reference,0.068312,0.013326,3
levenshtein,75,kl_to_reference,0.072507,0.004714,3
levenshtein,76,kl_to_reference,0.078131,0.007523,3
levenshtein,77,kl_to_reference,0.072782,0.006446,3
levenshtein,78,kl_to_reference,0.075713,0.005994,3
levenshtein,79,kl_to_reference,0.070296,0.007751,3
levenshtein,80,kl_to_reference,0.070339,0.00671,3
levenshtein,81,kl_to_reference,0.068032,0.003661,3
levenshtein,82,kl_to_reference,0.074503,0.005004,3
levenshtein,83,kl_to_reference,0.071502,0.008623,3
levenshtein,84,kl_to_reference,0.069257,0.006289,3
levenshtein,85,kl_to_reference,0.07048,0.00805,3
levenshtein,86,kl_to_reference,0.077302,0.003903,3
levenshtein,87,kl_to_reference,0.079332,0.003304,3
levenshtein,88,kl_to_reference,0.075626,0.006751,3
levenshtein,89,kl_to_reference,0.072319,0.008482,3
levenshtein,90,kl_to_reference,0.066557,0.004818,3
levenshtein,91,kl_to_reference,0.071523,0.004881,3
levenshtein,92,kl_to_reference,0.069793,0.005276,3
levenshtein,93,kl_to_reference,0.077818,0.003521,3
levenshtein,94,kl_to_reference,0.074387,0.006138,3
levenshtein,95,kl_to_reference,0.072004,0.005829,3
levenshtein,96,kl_to_reference,0.072046,0.008145,3
levenshtein,97,kl_to_reference,0.069368,0.003577,3
levenshtein,98,kl_to_reference,0.068656,0.005199,3
levenshtein,99,kl_to_reference,0.07133,0.003236,3
levenshtein,100,kl_to_reference,0.073183,0.009912,3
levenshtein,101,kl_to_reference,0.071374,0.012268,3
levenshtein,102,kl_to_reference,0.06732,0.001628,3
levenshtein,103,kl_to_reference,0.072061,0.004793,3
levenshtein,104,kl_to_reference,0.070664,0.007038,3
levenshtein,105,kl_to_reference,0.072906,0.007078,3
levenshtein,106,kl_to_reference,0.069289,0.008028,3
levenshtein,107,kl_to_reference,0.064184,0.010059,3
levenshtein,108,kl_to_reference,0.071979,0.006693,3
levenshtein,109,kl_to_reference,0.072132,0.010521,3
levenshtein,110,kl_to_reference,0.067847,0.003741,3
levenshtein,111,kl_to_reference,0.075907,0.00862,3
levenshtein,112,kl_to_reference,0.073786,0.00413,3
levenshtein,113,kl_to_reference,0.07426,0.008994,3
levenshtein,114,kl_to_reference,0.068474,0.005272,3
levenshtein,115,kl_to_reference,0.072409,0.005234,3
levenshtein,116,kl_to_reference,0.072972,0.005129,3
levenshtein,117,kl_to_reference,0.06864,0.004522,3
levenshtein,118,kl_to_reference,0.072845,0.008595,3
levenshtein,119,kl_to_reference,0.07065,0.006692,3
levenshtein,120,kl_to_reference,0.071098,0.003331,3
levenshtein,121,kl_to_reference,0.076971,0.005276,3
levenshtein,122,kl_to_reference,0.073819,0.004427,3
levenshtein,123,kl_to_reference,0.068282,0.003863,3
levenshtein,124,kl_to_reference,0.078658,0.006995,3
levenshtein,125,kl_to_reference,0.075851,0.004637,3
levenshtein,126,kl_to_reference,0.078792,0.005549,3
levenshtein,127,kl_to_reference,0.076214,0.00225,3
levenshtein,128,kl_to_reference,0.075963,0.007092,3
levenshtein,129,kl_to_reference,0.074719,0.003185,3
levenshtein,130,kl_to_reference,0.075935,0.006514,3
levenshtein,131,kl_to_reference,0.076956,0.005239,3
levenshtein,132,kl_to_reference,0.082384,0.003985,3
levenshtein,133,kl_to_reference,0.075427,0.005293,3
levenshtein,134,kl_to_reference,0.080347,0.004397,3
levenshtein,135,kl_to_reference,0.07616,0.003427,3
levenshtein,136,kl_to_reference,0.078465,0.003338,3
levenshtein,137,kl_to_reference,0.079944,0.005313,3
levenshtein,138,kl_to_reference,0.079692,0.008873,3
levenshtein,139,kl_to_reference,0.07787,0.002007,3
levenshtein,140,kl_to_reference,0.075179,0.00321,3
levenshtein,141,kl_to_reference,0.07461,0.004802,3
levenshtein,142,kl_to_reference,0.072058,0.003259,3
levenshtein,143,kl_to_reference,0.076185,0.007629,3
levenshtein,144,kl_to_reference,0.072232,0.00281,3
levenshtein,145,kl_to_reference,0.077218,0.00632,3
levenshtein,146,kl_to_reference,0.074582,0.005322,3
levenshtein,147,kl_to_reference,0.077251,0.003654,3
levenshtein,148,kl_to_reference,0.074467,0.007779,3
levenshtein,149,kl_to_reference,0.075599,0.005015,3
levenshtein,150,kl_to_reference,0.07561,0.002357,3
levenshtein,151,kl_to_reference,0.076351,0.007839,3
levenshtein,152,kl_to_reference,0.074942,0.003341,3
levenshtein,153,kl_to_reference,0.080973,0.002107,3
levenshtein,154,kl_to_reference,0.076249,0.001276,3
levenshtein,155,kl_to_reference,0.078481,0.004992,3
levenshtein,156,kl_to_reference,0.074653,0.008689,3
levenshtein,157,kl_to_reference,0.074628,0.00292,3
levenshtein,158,kl_to_reference,0.075903,0.005154,3
levenshtein,159,kl_to_reference,0.072607,0.008774,3
levenshtein,160,kl_to_reference,0.074972,0.005881,3
levenshtein,161,kl_to_reference,0.073431,0.003649,3
levenshtein,162,kl_to_reference,0.075168,0.007395,3
levenshtein,163,kl_to_reference,0.077169,0.005845,3
levenshtein,164,kl_to_reference,0.074083,0.004645,3
levenshtein,165,kl_to_reference,0.077535,0.002053,3
levenshtein,166,kl_to_reference,0.077876,0.004769,3
levenshtein,167,kl_to_reference,0.073146,0.007718,3
levenshtein,168,kl_to_reference,0.074181,0.003177,3
levenshtein,169,kl_to_reference,0.072097,0.004608,3
levenshtein,170,kl_to_reference,0.072216,0.005479,3
levenshtein,171,kl_to_reference,0.070442,0.000804,3
levenshtein,172,kl_to_reference,0.071925,0.00536,3
levenshtein,173,kl_to_reference,0.074219,0.003593,3
levenshtein,174,kl_to_reference,0.077821,0.006445,3
levenshtein,175,kl_to_reference,0.070812,0.00528,3
levenshtein,176,kl_to_reference,0.070141,0.00553,3
levenshtein,177,kl_to_reference,0.074466,0.010297,3
levenshtein,178,kl_to_reference,0.072935,0.005985,3
levenshtein,179,kl_to_reference,0.071686,0.005143,3
levenshtein,180,kl_to_reference,0.079125,0.009619,3
levenshtein,181,kl_to_reference,0.075072,0.005505,3
levenshtein,182,kl_to_reference,0.07966,0.001336,3
levenshtein,183,kl_to_reference,0.074515,0.007266,3
levenshtein,184,kl_to_reference,0.078819,0.00634,3
levenshtein,185,kl_to_reference,0.083179,0.006369,3
levenshtein,186,kl_to_reference,0.080252,0.003363,3
levenshtein,187,kl_to_reference,0.077447,0.004368,3
levenshtein,188,kl_to_reference,0.081628,0.004777,3
levenshtein,189,kl_to_reference,0.077938,0.006697,3
levenshtein,190,kl_to_reference,0.077745,0.002351,3
levenshtein,191,kl_to_reference,0.077846,0.003556,3
levenshtein,192,kl_to_reference,0.077466,0.002824,3
levenshtein,193,kl_to_reference,0.07497,0.004994,3
levenshtein,194,kl_to_reference,0.07377,0.002201,3
levenshtein,195,kl_to_reference,0.077647,0.001317,3
levenshtein,196,kl_to_reference,0.079205,0.004595,3
levenshtein,197,kl_to_reference,0.07707,0.001928,3
levenshtein,198,kl_to_reference,0.078996,0.003225,3
levenshtein,199,kl_to_reference,0.080772,0.003086,3
levenshtein,200,kl_to_reference,0.08073,0.004834,3
levenshtein,201,kl_to_reference,0.073134,0.005325,3
levenshtein,202,kl_to_reference,0.079762,0.008775,3
levenshtein,203,kl_to_reference,0.082701,0.004473,3
levenshtein,204,kl_to_reference,0.082297,0.005483,3
levenshtein,205,kl_to_reference,0.081621,0.001302,3
levenshtein,206,kl_to_reference,0.08066,0.008685,3
levenshtein,207,kl_to_reference,0.077074,0.004678,3
levenshtein,208,kl_to_reference,0.081281,0.007382,3
levenshtein,209,kl_to_reference,0.081494,0.003571,3
levenshtein,210,kl_to_reference,0.077523,0.002243,3
levenshtein,211,kl_to_reference,0.077977,0.004117,3
levenshtein,212,kl_to_reference,0.074829,0.004613,3
levenshtein,213,kl_to_reference,0.080612,0.00833,3
levenshtein,214,kl_to_reference,0.07584,0.008386,3
levenshtein,215,kl_to_reference,0.085774,0.004872,3
levenshtein,216,kl_to_reference,0.079332,0.006886,3
levenshtein,217,kl_to_reference,0.077397,0.001898,3
levenshtein,218,kl_to_reference,0.079162,0.005299,3
levenshtein,219,kl_to_reference,0.075715,0.004554,3
levenshtein,220,kl_to_reference,0.082968,0.008759,3
levenshtein,221,kl_to_reference,0.080804,0.008197,3
levenshtein,222,kl_to_reference,0.081095,0.005674,3
levenshtein,223,kl_to_reference,0.0792,0.005964,3
levenshtein,224,kl_to_reference,0.081096,0.006675,3
levenshtein,225,kl_to_reference,0.077776,0.007513,3
levenshtein,226,kl_to_reference,0.077218,0.001593,3
levenshtein,227,kl_to_reference,0.073766,0.008685,3
levenshtein,228,kl_to_reference,0.077548,0.004124,3
levenshtein,229,kl_to_reference,0.082263,0.003431,3
levenshtein,230,kl_to_reference,0.077433,0.008714,3
levenshtein,231,kl_to_reference,0.077562,0.003578,3
levenshtein,232,kl_to_reference,0.086852,0.007178,3
levenshtein,233,kl_to_reference,0.08382,0.001044,3
levenshtein,234,kl_to_reference,0.082205,0.006744,3
levenshtein,235,kl_to_reference,0.076835,0.006009,3
levenshtein,236,kl_to_reference,0.073697,0.002937,3
levenshtein,237,kl_to_reference,0.07692,0.00522,3
levenshtein,238,kl_to_reference,0.085262,0.004427,3
levenshtein,239,kl_to_reference,0.081602,0.001875,3
levenshtein,240,kl_to_reference,0.078562,0.005137,3
levenshtein,241,kl_to_reference,0.08041,0.003424,3
levenshtein,242,kl_to_reference,0.081784,0.002523,3
levenshtein,243,kl_to_reference,0.08014,0.004598,3
levenshtein,244,kl_to_reference,0.08684,0.005075,3
levenshtein,245,kl_to_reference,0.082435,0.001202,3
levenshtein,246,kl_to_reference,0.078216,0.003953,3
levenshtein,247,kl_to_reference,0.078866,0.004375,3
levenshtein,248,kl_to_reference,0.083723,0.006557,3
levenshtein,249,kl_to_reference,0.081002,0.001027,3
levenshtein,250,kl_to_reference,0.077449,0.004552,3
levenshtein,251,kl_to_reference,0.079383,0.002519,3
levenshtein,252,kl_to_reference,0.077987,0.002683,3
levenshtein,253,kl_to_reference,0.077317,0.004075,3
levenshtein,254,kl_to_reference,0.08678,0.005421,3
levenshtein,255,kl_to_reference,0.07766,0.010463,3
levenshtein,256,kl_to_reference,0.082985,0.002859,3
levenshtein,257,kl_to_reference,0.087455,0.004591,3
levenshtein,258,kl_to_reference,0.089133,0.003332,3
levenshtein,259,kl_to_reference,0.085738,0.007921,3
levenshtein,260,kl_to_reference,0.081153,0.00779,3
levenshtein,261,kl_to_reference,0.082151,0.00878,3
levenshtein,262,kl_to_reference,0.083456,0.00132,3
levenshtein,263,kl_to_reference,0.078067,0.002101,3
levenshtein,264,kl_to_reference,0.086764,0.00164,3
levenshtein,265,kl_to_reference,0.081227,0.000841,3
levenshtein,266,kl_to_reference,0.087434,0.007078,3
levenshtein,267,kl_to_reference,0.087491,0.001768,3
levenshtein,268,kl_to_reference,0.083986,0.002244,3
levenshtein,269,kl_to_reference,0.080778,0.006173,3
levenshtein,270,kl_to_reference,0.082051,0.002232,3
levenshtein,271,kl_to_reference,0.084672,0.004656,3
levenshtein,272,kl_to_reference,0.084824,0.004528,3
levenshtein,273,kl_to_reference,0.084691,0.00241,3
levenshtein,274,kl_to_reference,0.079068,0.005357,3
levenshtein,275,kl_to_reference,0.084243,0.003065,3
levenshtein,276,kl_to_reference,0.079497,0.005342,3
levenshtein,277,kl_to_reference,0.08117,0.004686,3
levenshtein,278,kl_to_reference,0.085475,0.004941,3
levenshtein,279,kl_to_reference,0.080573,0.004446,3
levenshtein,280,kl_to_reference,0.081707,0.004965,3
levenshtein,281,kl_to_reference,0.084002,0.00417,3
levenshtein,282,kl_to_reference,0.086034,0.006375,3
levenshtein,283,kl_to_reference,0.075583,0.003457,3
levenshtein,284,kl_to_reference,0.08236,0.004958,3
levenshtein,285,kl_to_reference,0.082413,0.007788,3
levenshtein,286,kl_to_reference,0.084302,0.00395,3
levenshtein,287,kl_to_reference,0.083654,0.007972,3
levenshtein,288,kl_to_reference,0.08443,0.003255,3
levenshtein,289,kl_to_reference,0.080104,0.001778,3
levenshtein,290,kl_to_reference,0.084536,0.00399,3
levenshtein,291,kl_to_reference,0.085277,0.00215,3
levenshtein,292,kl_to_reference,0.07957,0.008739,3
levenshtein,293,kl_to_reference,0.083457,0.003157,3
levenshtein,294,kl_to_reference,0.084374,0.008146,3
levenshtein,295,kl_to_reference,0.079315,0.004932,3
levenshtein,296,kl_to_reference,0.085185,0.002401,3
levenshtein,297,kl_to_reference,0.081538,0.011147,3
levenshtein,298,kl_to_reference,0.088401,0.004426,3
levenshtein,299,kl_to_reference,0.081994,0.006974,3
levenshtein,300,kl_to_reference,0.078355,0.000876,3
levenshtein,301,kl_to_reference,0.08607,0.007471,3
levenshtein,302,kl_to_reference,0.0861,0.004916,3
levenshtein,303,kl_to_reference,0.084934,0.006765,3
levenshtein,304,kl_to_reference,0.087349,0.00312,3
levenshtein,305,kl_to_reference,0.086084,0.007879,3
levenshtein,306,kl_to_reference,0.082148,0.00416,3
levenshtein,307,kl_to_reference,0.083485,0.005514,3
levenshtein,308,kl_to_reference,0.091885,0.002348,3
levenshtein,309,kl_to_reference,0.086046,0.00222,3
levenshtein,310,kl_to_reference,0.083071,0.003053,3
levenshtein,311,kl_to_reference,0.085648,0.006668,3
levenshtein,312,kl_to_reference,0.089303,0.004355,3
levenshtein,313,kl_to_reference,0.080837,0.003799,3
levenshtein,314,kl_to_reference,0.091787,0.005164,3
levenshtein,315,kl_to_reference,0.084769,0.003884,3
levenshtein,316,kl_to_reference,0.086484,0.002993,3
levenshtein,317,kl_to_reference,0.091899,0.002074,3
levenshtein,318,kl_to_reference,0.085223,0.00986,3
levenshtein,319,kl_to_reference,0.084862,0.00532,3
levenshtein,320,kl_to_reference,0.082901,0.002692,3
levenshtein,321,kl_to_reference,0.083351,0.002711,3
levenshtein,322,kl_to_reference,0.08986,0.005681,3
levenshtein,323,kl_to_reference,0.087979,0.007851,3
levenshtein,324,kl_to_reference,0.086779,0.001762,3
levenshtein,325,kl_to_reference,0.09307,0.005902,3
levenshtein,326,kl_to_reference,0.092281,0.01019,3
levenshtein,327,kl_to_reference,0.08706,0.008211,3
levenshtein,328,kl_to_reference,0.087758,0.002405,3
levenshtein,329,kl_to_reference,0.088463,0.007824,3
levenshtein,330,kl_to_reference,0.090711,0.00523,3
levenshtein,331,kl_to_reference,0.085907,0.003097,3
levenshtein,332,kl_to_reference,0.093098,0.004303,3
levenshtein,333,kl_to_reference,0.086177,0.004586,3
levenshtein,334,kl_to_reference,0.088176,0.00316,3
levenshtein,335,kl_to_reference,0.082179,0.006034,3
levenshtein,336,kl_to_reference,0.087473,0.005782,3
levenshtein,337,kl_to_reference,0.088058,0.006717,3
levenshtein,338,kl_to_reference,0.085985,0.006476,3
levenshtein,339,kl_to_reference,0.089283,0.005089,3
levenshtein,340,kl_to_reference,0.095779,0.003375,3
levenshtein,341,kl_to_reference,0.084927,0.001361,3
levenshtein,342,kl_to_reference,0.083611,0.00304,3
levenshtein,343,kl_to_reference,0.088424,0.005973,3
levenshtein,344,kl_to_reference,0.083813,0.001266,3
levenshtein,345,kl_to_reference,0.095927,0.001977,3
levenshtein,346,kl_to_reference,0.089208,0.004739,3
levenshtein,347,kl_to_reference,0.082631,0.003677,3
levenshtein,348,kl_to_reference,0.086449,0.011353,3
levenshtein,349,kl_to_reference,0.088076,0.005388,3
levenshtein,350,kl_to_reference,0.086554,0.006025,3
levenshtein,351,kl_to_reference,0.084908,0.001445,3
levenshtein,352,kl_to_reference,0.085204,0.005715,3
levenshtein,353,kl_to_reference,0.094792,0.003519,3
levenshtein,354,kl_to_reference,0.092917,0.004097,3
levenshtein,355,kl_to_reference,0.087441,0.002312,3
levenshtein,356,kl_to_reference,0.089686,0.007151,3
levenshtein,357,kl_to_reference,0.089495,0.003237,3
levenshtein,358,kl_to_reference,0.08959,0.007389,3
levenshtein,359,kl_to_reference,0.09095,0.008521,3
levenshtein,360,kl_to_reference,0.086855,0.003032,3
levenshtein,361,kl_to_reference,0.091824,0.003235,3
levenshtein,362,kl_to_reference,0.093144,0.001203,3
levenshtein,363,kl_to_reference,0.08581,0.001042,3
levenshtein,364,kl_to_reference,0.091025,0.009185,3
levenshtein,365,kl_to_reference,0.081363,0.003081,3
levenshtein,366,kl_to_reference,0.095019,0.005439,3
levenshtein,367,kl_to_reference,0.092271,0.004812,3
levenshtein,368,kl_to_reference,0.089283,0.004685,3
levenshtein,369,kl_to_reference,0.09252,0.004321,3
levenshtein,370,kl_to_reference,0.090134,0.002141,3
levenshtein,371,kl_to_reference,0.086222,0.003456,3
levenshtein,372,kl_to_reference,0.079437,0.002837,3
levenshtein,373,kl_to_reference,0.09067,0.000923,3
levenshtein,374,kl_to_reference,0.086767,0.003742,3
levenshtein,375,kl_to_reference,0.089902,0.004017,3
levenshtein,376,kl_to_reference,0.084911,0.002127,3
levenshtein,377,kl_to_reference,0.092972,0.002751,3
levenshtein,378,kl_to_reference,0.095669,0.009371,3
levenshtein,379,kl_to_reference,0.088622,0.002998,3
levenshtein,380,kl_to_reference,0.092668,0.001929,3
levenshtein,381,kl_to_reference,0.091396,0.00697,3
levenshtein,382,kl_to_reference,0.087262,0.005135,3
levenshtein,383,kl_to_reference,0.086277,0.003242,3
levenshtein,384,kl_to_reference,0.091962,0.004277,3
levenshtein,385,kl_to_reference,0.092487,0.003729,3
levenshtein,386,kl_to_reference,0.081799,0.008306,3
levenshtein,387,kl_to_reference,0.091225,0.002644,3
levenshtein,388,kl_to_reference,0.089823,0.003816,3
levenshtein,389,kl_to_reference,0.087608,0.001457,3
levenshtein,390,kl_to_reference,0.085358,0.002177,3
levenshtein,391,kl_to_reference,0.088231,0.003266,3
levenshtein,392,kl_to_reference,0.087896,0.003919,3
levenshtein,393,kl_to_reference,0.086055,0.000863,3
levenshtein,394,kl_to_reference,0.094955,0.000763,3
levenshtein,395,kl_to_reference,0.087157,0.002777,3
levenshtein,396,kl_to_reference,0.08685,0.003018,3
levenshtein,397,kl_to_reference,0.085341,0.005455,3
levenshtein,398,kl_to_reference,0.090129,0.003355,3
levenshtein,399,kl_to_reference,0.08738,0.00494,3
levenshtein,400,kl_to_reference,0.086059,0.006945,3
levenshtein,401,kl_to_reference,0.083956,0.001753,3
levenshtein,402,kl_to_reference,0.091506,0.007673,3
levenshtein,403,kl_to_reference,0.087664,0.002776,3
levenshtein,404,kl_to_reference,0.091686,0.006171,3
levenshtein,405,kl_to_reference,0.088562,0.003176,3
levenshtein,406,kl_to_reference,0.088608,0.007777,3
levenshtein,407,kl_to_reference,0.085929,0.008116,3
levenshtein,408,kl_to_reference,0.088988,0.00715,3
levenshtein,409,kl_to_reference,0.081776,0.007451,3
levenshtein,410,kl_to_reference,0.084979,0.005167,3
levenshtein,411,kl_to_reference,0.085883,0.00656,3
levenshtein,412,kl_to_reference,0.085216,0.002324,3
levenshtein,413,kl_to_reference,0.089113,0.001588,3
levenshtein,414,kl_to_reference,0.08668,0.009893,3
levenshtein,415,kl_to_reference,0.087542,0.006157,3
levenshtein,416,kl_to_reference,0.090145,0.005381,3
levenshtein,417,kl_to_reference,0.082027,0.006686,3
levenshtein,418,kl_to_reference,0.088742,0.002644,3
levenshtein,419,kl_to_reference,0.09246,0.005004,3
levenshtein,420,kl_to_reference,0.090757,0.004758,3
levenshtein,421,kl_to_reference,0.089744,0.00459,3
levenshtein,422,kl_to_reference,0.086566,0.002385,3
levenshtein,423,kl_to_reference,0.089854,0.010438,3
levenshtein,424,kl_to_reference,0.084613,0.01041,3
levenshtein,425,kl_to_reference,0.084366,0.003478,3
levenshtein,426,kl_to_reference,0.085749,0.006596,3
levenshtein,427,kl_to_reference,0.094302,0.005302,3
levenshtein,428,kl_to_reference,0.088634,0.007169,3
levenshtein,429,kl_to_reference,0.092546,0.007782,3
levenshtein,430,kl_to_reference,0.090655,0.006483,3
levenshtein,431,kl_to_reference,0.084784,0.001901,3
levenshtein,432,kl_to_reference,0.088702,0.006108,3
levenshtein,433,kl_to_reference,0.097175,0.00596,3
levenshtein,434,kl_to_reference,0.083725,0.004193,3
levenshtein,435,kl_to_reference,0.089039,0.005256,3
levenshtein,436,kl_to_reference,0.091089,0.006062,3
levenshtein,437,kl_to_reference,0.092611,0.006517,3
levenshtein,438,kl_to_reference,0.094098,0.008525,3
levenshtein,439,kl_to_reference,0.086447,0.004904,3
levenshtein,440,kl_to_reference,0.089441,0.004164,3
levenshtein,441,kl_to_reference,0.088626,0.004388,3
levenshtein,442,kl_to_reference,0.093541,0.001703,3
levenshtein,443,kl_to_reference,0.082135,0.003548,3
levenshtein,444,kl_to_reference,0.091393,0.009526,3
levenshtein,445,kl_to_reference,0.091737,0.004768,3
levenshtein,446,kl_to_reference,0.093117,0.004439,3
levenshtein,447,kl_to_reference,0.087916,0.009413,3
levenshtein,448,kl_to_reference,0.095803,0.003232,3
levenshtein,449,kl_to_reference,0.09419,0.001586,3
levenshtein,450,kl_to_reference,0.08612,0.004694,3
levenshtein,451,kl_to_reference,0.090632,0.00146,3
levenshtein,452,kl_to_reference,0.091263,0.000943,3
levenshtein,453,kl_to_reference,0.092554,0.006073,3
levenshtein,454,kl_to_reference,0.093993,0.008616,3
levenshtein,455,kl_to_reference,0.093469,0.010424,3
levenshtein,456,kl_to_reference,0.094721,0.00447,3
levenshtein,457,kl_to_reference,0.095675,0.006447,3
levenshtein,458,kl_to_reference,0.0949,0.009649,3
levenshtein,459,kl_to_reference,0.09027,0.010864,3
levenshtein,460,kl_to_reference,0.087223,0.00938,3
levenshtein,461,kl_to_reference,0.094284,0.009365,3
levenshtein,462,kl_to_reference,0.090993,0.00527,3
levenshtein,463,kl_to_reference,0.090884,0.002951,3
levenshtein,464,kl_to_reference,0.09371,0.009866,3
levenshtein,465,kl_to_reference,0.094424,0.004689,3
levenshtein,466,kl_to_reference,0.090691,0.008689,3
levenshtein,467,kl_to_reference,0.095676,0.004014,3
levenshtein,468,kl_to_reference,0.094296,0.00629,3
levenshtein,469,kl_to_reference,0.098185,0.004455,3
levenshtein,470,kl_to_reference,0.087546,0.009549,3
levenshtein,471,kl_to_reference,0.089063,0.007109,3
levenshtein,472,kl_to_reference,0.090481,0.005174,3
levenshtein,473,kl_to_reference,0.096928,0.00317,3
levenshtein,474,kl_to_reference,0.093305,0.016838,3
levenshtein,475,kl_to_reference,0.092082,0.004099,3
levenshtein,476,kl_to_reference,0.09136,0.001883,3
levenshtein,477,kl_to_reference,0.086991,0.008077,3
levenshtein,478,kl_to_reference,0.092788,0.006461,3
levenshtein,479,kl_to_reference,0.095503,0.006272,3
levenshtein,480,kl_to_reference,0.092475,0.011256,3
levenshtein,481,kl_to_reference,0.091152,0.008585,3
levenshtein,482,kl_to_reference,0.09524,0.002022,3
levenshtein,483,kl_to_reference,0.097675,0.003751,3
levenshtein,484,kl_to_reference,0.092675,0.006924,3
levenshtein,485,kl_to_reference,0.087088,0.00502,3
levenshtein,486,kl_to_reference,0.091636,0.008266,3
levenshtein,487,kl_to_reference,0.091557,0.004456,3
levenshtein,488,kl_to_reference,0.089003,0.007293,3
levenshtein,489,kl_to_reference,0.089868,0.012089,3
levenshtein,490,kl_to_reference,0.091344,0.00338,3
levenshtein,491,kl_to_reference,0.091241,0.011422,3
levenshtein,492,kl_to_reference,0.094255,0.004606,3
levenshtein,493,kl_to_reference,0.09556,0.001025,3
levenshtein,494,kl_to_reference,0.086632,0.001225,3
levenshtein,495,kl_to_reference,0.088286,0.004397,3
levenshtein,496,kl_to_reference,0.095615,0.005732,3
levenshtein,497,kl_to_reference,0.088699,0.001187,3
levenshtein,498,kl_to_reference,0.089028,0.003228,3
levenshtein,499,kl_to_reference,0.093859,0.010334,3
levenshtein,500,kl_to_reference,0.090867,0.011022,3
levenshtein,501,kl_to_reference,0.091499,0.007523,3
levenshtein,502,kl_to_reference,0.092733,0.01006,3
levenshtein,503,kl_to_reference,0.094107,0.007526,3
levenshtein,504,kl_to_reference,0.099224,0.004533,3
levenshtein,505,kl_to_reference,0.095595,0.005206,3
levenshtein,506,kl_to_reference,0.097857,0.010689,3
levenshtein,507,kl_to_reference,0.085314,0.008222,3
levenshtein,508,kl_to_reference,0.094807,0.006601,3
levenshtein,509,kl_to_reference,0.091627,0.005196,3
levenshtein,510,kl_to_reference,0.094393,0.003862,3
levenshtein,511,kl_to_reference,0.092983,0.016494,3
levenshtein,512,kl_to_reference,0.09342,0.004634,3
levenshtein,513,kl_to_reference,0.091202,0.00999,3
levenshtein,514,kl_to_reference,0.093751,0.005475,3
levenshtein,515,kl_to_reference,0.093532,0.007407,3
levenshtein,516,kl_to_reference,0.090366,0.003949,3
levenshtein,517,kl_to_reference,0.101546,0.005067,3
levenshtein,518,kl_to_reference,0.091693,0.006516,3
levenshtein,519,kl_to_reference,0.094733,0.00521,3
levenshtein,520,kl_to_reference,0.091317,0.002466,3
levenshtein,521,kl_to_reference,0.092514,0.002046,3
levenshtein,522,kl_to_reference,0.095707,0.001314,3
levenshtein,523,kl_to_reference,0.09389,0.006335,3
levenshtein,524,kl_to_reference,0.094222,0.006849,3
levenshtein,525,kl_to_reference,0.089655,0.004543,3
levenshtein,526,kl_to_reference,0.09513,0.005224,3
levenshtein,527,kl_to_reference,0.08951,0.003872,3
levenshtein,528,kl_to_reference,0.095132,0.007275,3
levenshtein,529,kl_to_reference,0.094951,0.002226,3
levenshtein,530,kl_to_reference,0.093729,0.002146,3
levenshtein,531,kl_to_reference,0.098696,0.011468,3
levenshtein,532,kl_to_reference,0.094321,0.002115,3
levenshtein,533,kl_to_reference,0.094679,0.002051,3
levenshtein,534,kl_to_reference,0.094213,0.005109,3
levenshtein,535,kl_to_reference,0.097288,0.008645,3
levenshtein,536,kl_to_reference,0.095341,0.008649,3
levenshtein,537,kl_to_reference,0.093366,0.008444,3
levenshtein,538,kl_to_reference,0.092194,0.003326,3
levenshtein,539,kl_to_reference,0.095039,0.006611,3
levenshtein,540,kl_to_reference,0.096521,0.006691,3
levenshtein,541,kl_to_reference,0.094642,0.012364,3
levenshtein,542,kl_to_reference,0.09371,0.011685,3
levenshtein,543,kl_to_reference,0.102074,0.006391,3
levenshtein,544,kl_to_reference,0.09931,0.008256,3
levenshtein,545,kl_to_reference,0.091317,0.008968,3
levenshtein,546,kl_to_reference,0.094044,0.002435,3
levenshtein,547,kl_to_reference,0.095427,0.008759,3
levenshtein,548,kl_to_reference,0.093022,0.008865,3
levenshtein,549,kl_to_reference,0.096196,0.00377,3
levenshtein,550,kl_to_reference,0.090655,0.00781,3
levenshtein,551,kl_to_reference,0.089186,0.005277,3
levenshtein,552,kl_to_reference,0.094478,0.004379,3
levenshtein,553,kl_to_reference,0.091557,0.00307,3
levenshtein,554,kl_to_reference,0.092739,0.007625,3
levenshtein,555,kl_to_reference,0.096791,0.004898,3
levenshtein,556,kl_to_reference,0.093382,0.009806,3
levenshtein,557,kl_to_reference,0.093376,0.007736,3
levenshtein,558,kl_to_reference,0.089555,0.002115,3
levenshtein,559,kl_to_reference,0.099296,0.013693,3
levenshtein,560,kl_to_reference,0.093716,0.003316,3
levenshtein,561,kl_to_reference,0.094351,0.006507,3
levenshtein,562,kl_to_reference,0.092229,0.004658,3
levenshtein,563,kl_to_reference,0.097358,0.006206,3
levenshtein,564,kl_to_reference,0.098445,0.006765,3
levenshtein,565,kl_to_reference,0.094108,0.005276,3
levenshtein,566,kl_to_reference,0.095323,0.00167,3
levenshtein,567,kl_to_reference,0.093937,0.004736,3
levenshtein,568,kl_to_reference,0.088685,0.006178,3
levenshtein,569,kl_to_reference,0.094034,0.003798,3
levenshtein,570,kl_to_reference,0.094006,0.004292,3
levenshtein,571,kl_to_reference,0.086587,0.003473,3
levenshtein,572,kl_to_reference,0.089072,0.003097,3
levenshtein,573,kl_to_reference,0.088418,0.00252,3
levenshtein,574,kl_to_reference,0.087152,0.001833,3
levenshtein,575,kl_to_reference,0.09855,0.003642,3
levenshtein,576,kl_to_reference,0.092677,0.003472,3
levenshtein,577,kl_to_reference,0.087297,0.004446,3
levenshtein,578,kl_to_reference,0.096613,0.005083,3
levenshtein,579,kl_to_reference,0.098932,0.002756,3
levenshtein,580,kl_to_reference,0.095158,0.003559,3
levenshtein,581,kl_to_reference,0.09404,0.002876,3
levenshtein,582,kl_to_reference,0.092477,0.000683,3
levenshtein,583,kl_to_reference,0.099823,0.008019,3
levenshtein,584,kl_to_reference,0.094187,0.008314,3
levenshtein,585,kl_to_reference,0.093754,0.00294,3
levenshtein,586,kl_to_reference,0.096088,0.004439,3
levenshtein,587,kl_to_reference,0.094899,0.013792,3
levenshtein,588,kl_to_reference,0.101996,0.005898,3
levenshtein,589,kl_to_reference,0.094037,0.005285,3
levenshtein,590,kl_to_reference,0.09466,0.006102,3
levenshtein,591,kl_to_reference,0.095307,0.007341,3
levenshtein,592,kl_to_reference,0.097371,0.003148,3
levenshtein,593,kl_to_reference,0.093355,0.002639,3
levenshtein,594,kl_to_reference,0.090319,0.008397,3
levenshtein,595,kl_to_reference,0.093252,0.008979,3
levenshtein,596,kl_to_reference,0.10012,0.004683,3
levenshtein,597,kl_to_reference,0.088862,0.00812,3
levenshtein,598,kl_to_reference,0.096177,0.004011,3
levenshtein,599,kl_to_reference,0.098153,0.006527,3
levenshtein,600,kl_to_reference,0.092835,0.006828,3
levenshtein,601,kl_to_reference,0.101439,0.010198,3
levenshtein,602,kl_to_reference,0.094206,0.008139,3
levenshtein,603,kl_to_reference,0.100743,0.003964,3
levenshtein,604,kl_to_reference,0.109384,0.007746,3
levenshtein,605,kl_to_reference,0.092686,0.002005,3
levenshtein,606,kl_to_reference,0.094394,0.005539,3
levenshtein,607,kl_to_reference,0.094839,0.004665,3
levenshtein,608,kl_to_reference,0.09868,0.001927,3
levenshtein,609,kl_to_reference,0.093408,0.004256,3
levenshtein,610,kl_to_reference,0.098335,0.007413,3
levenshtein,611,kl_to_reference,0.094574,0.004816,3
levenshtein,612,kl_to_reference,0.099203,0.003674,3
levenshtein,613,kl_to_reference,0.104259,0.004679,3
levenshtein,614,kl_to_reference,0.097801,0.00792,3
levenshtein,615,kl_to_reference,0.10059,0.010101,3
levenshtein,616,kl_to_reference,0.093901,0.000759,3
levenshtein,617,kl_to_reference,0.100143,0.00677,3
levenshtein,618,kl_to_reference,0.091371,0.006334,3
levenshtein,619,kl_to_reference,0.096834,0.003702,3
levenshtein,620,kl_to_reference,0.09834,0.004128,3
levenshtein,621,kl_to_reference,0.098598,0.007728,3
levenshtein,622,kl_to_reference,0.091604,0.005416,3
levenshtein,623,kl_to_reference,0.100129,0.005971,3
levenshtein,624,kl_to_reference,0.103236,0.005598,3
levenshtein,625,kl_to_reference,0.098056,0.001857,3
levenshtein,626,kl_to_reference,0.098624,0.005561,3
levenshtein,627,kl_to_reference,0.091121,0.011102,3
levenshtein,628,kl_to_reference,0.100772,0.011205,3
levenshtein,629,kl_to_reference,0.099757,0.00365,3
levenshtein,630,kl_to_reference,0.094635,0.003011,3
levenshtein,631,kl_to_reference,0.089498,0.011893,3
levenshtein,632,kl_to_reference,0.095819,0.000756,3
levenshtein,633,kl_to_reference,0.094626,0.002852,3
levenshtein,634,kl_to_reference,0.096879,0.004341,3
levenshtein,635,kl_to_reference,0.096302,0.006354,3
levenshtein,636,kl_to_reference,0.09047,0.004614,3
levenshtein,637,kl_to_reference,0.090874,0.009318,3
levenshtein,638,kl_to_reference,0.093249,0.008626,3
levenshtein,639,kl_to_reference,0.096178,0.003716,3
levenshtein,640,kl_to_reference,0.093448,0.001337,3
levenshtein,641,kl_to_reference,0.100432,0.006195,3
levenshtein,642,kl_to_reference,0.107123,0.000817,3
levenshtein,643,kl_to_reference,0.09328,0.007921,3
levenshtein,644,kl_to_reference,0.095589,0.005727,3
levenshtein,645,kl_to_reference,0.100931,0.004084,3
levenshtein,646,kl_to_reference,0.098847,0.010089,3
levenshtein,647,kl_to_reference,0.098232,0.004536,3
levenshtein,648,kl_to_reference,0.093169,0.011416,3
levenshtein,649,kl_to_reference,0.104024,0.012088,3
levenshtein,650,kl_to_reference,0.09495,0.008641,3
levenshtein,651,kl_to_reference,0.098258,0.005364,3
levenshtein,652,kl_to_reference,0.095385,0.003636,3
levenshtein,653,kl_to_reference,0.102276,0.01338,3
levenshtein,654,kl_to_reference,0.099578,0.0024,3
levenshtein,655,kl_to_reference,0.099404,0.003445,3
levenshtein,656,kl_to_reference,0.09738,0.002025,3
levenshtein,657,kl_to_reference,0.097182,0.011146,3
levenshtein,658,kl_to_reference,0.101252,0.003499,3
levenshtein,659,kl_to_reference,0.105441,0.003156,3
levenshtein,660,kl_to_reference,0.093389,0.003363,3
levenshtein,661,kl_to_reference,0.099665,0.001894,3
levenshtein,662,kl_to_reference,0.101903,0.003975,3
levenshtein,663,kl_to_reference,0.101472,0.003109,3
levenshtein,664,kl_to_reference,0.107751,0.000221,3
levenshtein,665,kl_to_reference,0.094695,0.003233,3
levenshtein,666,kl_to_reference,0.098586,0.006278,3
levenshtein,667,kl_to_reference,0.099391,0.004233,3
levenshtein,668,kl_to_reference,0.099094,0.007552,3
levenshtein,669,kl_to_reference,0.096613,0.004154,3
levenshtein,670,kl_to_reference,0.097295,0.001994,3
levenshtein,671,kl_to_reference,0.098966,0.001384,3
levenshtein,672,kl_to_reference,0.09743,0.005661,3
levenshtein,673,kl_to_reference,0.103586,0.006818,3
levenshtein,674,kl_to_reference,0.097771,0.00216,3
levenshtein,675,kl_to_reference,0.1032,0.007264,3
levenshtein,676,kl_to_reference,0.101339,0.005777,3
levenshtein,677,kl_to_reference,0.094222,0.003011,3
levenshtein,678,kl_to_reference,0.096947,0.001697,3
levenshtein,679,kl_to_reference,0.099739,0.008408,3
levenshtein,680,kl_to_reference,0.098968,0.001752,3
levenshtein,681,kl_to_reference,0.098142,0.003403,3
levenshtein,682,kl_to_reference,0.092994,0.002768,3
levenshtein,683,kl_to_reference,0.09258,0.00447,3
levenshtein,684,kl_to_reference,0.097922,0.001802,3
levenshtein,685,kl_to_reference,0.101116,0.002641,3
levenshtein,686,kl_to_reference,0.096268,0.00432,3
levenshtein,687,kl_to_reference,0.096065,0.003708,3
levenshtein,688,kl_to_reference,0.099009,0.007851,3
levenshtein,689,kl_to_reference,0.100089,0.005197,3
levenshtein,690,kl_to_reference,0.098834,0.002062,3
levenshtein,691,kl_to_reference,0.090632,0.005785,3
levenshtein,692,kl_to_reference,0.100866,0.002206,3
levenshtein,693,kl_to_reference,0.103723,0.005197,3
levenshtein,694,kl_to_reference,0.099026,0.002339,3
levenshtein,695,kl_to_reference,0.097371,0.009519,3
levenshtein,696,kl_to_reference,0.100071,0.003654,3
levenshtein,697,kl_to_reference,0.098095,0.005072,3
levenshtein,698,kl_to_reference,0.094801,0.003033,3
levenshtein,699,kl_to_reference,0.102539,0.003481,3
levenshtein,700,kl_to_reference,0.099902,0.002774,3
levenshtein,701,kl_to_reference,0.101607,0.00492,3
levenshtein,702,kl_to_reference,0.105593,0.00931,3
levenshtein,703,kl_to_reference,0.103268,0.010038,3
levenshtein,704,kl_to_reference,0.107397,0.004006,3
levenshtein,705,kl_to_reference,0.105691,0.004233,3
levenshtein,706,kl_to_reference,0.10339,0.003394,3
levenshtein,707,kl_to_reference,0.101199,0.002344,3
levenshtein,708,kl_to_reference,0.103528,0.009509,3
levenshtein,709,kl_to_reference,0.111185,0.01003,3
levenshtein,710,kl_to_reference,0.103348,0.002318,3
levenshtein,711,kl_to_reference,0.103718,0.007467,3
levenshtein,712,kl_to_reference,0.104778,0.00899,3
levenshtein,713,kl_to_reference,0.109318,0.008174,3
levenshtein,714,kl_to_reference,0.099963,0.004734,3
levenshtein,715,kl_to_reference,0.107575,0.003161,3
levenshtein,716,kl_to_reference,0.104349,0.005142,3
levenshtein,717,kl_to_reference,0.105679,0.005504,3
levenshtein,718,kl_to_reference,0.095836,0.001713,3
levenshtein,719,kl_to_reference,0.099326,0.006226,3
levenshtein,720,kl_to_reference,0.108596,0.005277,3
levenshtein,721,kl_to_reference,0.102117,0.00459,3
levenshtein,722,kl_to_reference,0.1057,0.003039,3
levenshtein,723,kl_to_reference,0.105249,0.01026,3
levenshtein,724,kl_to_reference,0.104305,0.009171,3
levenshtein,725,kl_to_reference,0.110904,0.010338,3
levenshtein,726,kl_to_reference,0.101819,0.002951,3
levenshtein,727,kl_to_reference,0.109916,0.011241,3
levenshtein,728,kl_to_reference,0.098757,0.009242,3
levenshtein,729,kl_to_reference,0.100169,0.009673,3
levenshtein,730,kl_to_reference,0.10477,0.005807,3
levenshtein,731,kl_to_reference,0.101123,0.010087,3
levenshtein,732,kl_to_reference,0.105928,0.010623,3
levenshtein,733,kl_to_reference,0.09827,0.005106,3
levenshtein,734,kl_to_reference,0.102814,0.010105,3
levenshtein,735,kl_to_reference,0.102431,0.002953,3
levenshtein,736,kl_to_reference,0.104636,0.002116,3
levenshtein,737,kl_to_reference,0.108313,0.007529,3
levenshtein,738,kl_to_reference,0.10836,0.003098,3
levenshtein,739,kl_to_reference,0.100325,0.004052,3
levenshtein,740,kl_to_reference,0.107444,0.010335,3
levenshtein,741,kl_to_reference,0.106741,0.008253,3
levenshtein,742,kl_to_reference,0.109426,0.015359,3
levenshtein,743,kl_to_reference,0.103832,0.004803,3
levenshtein,744,kl_to_reference,0.108263,0.010334,3
levenshtein,745,kl_to_reference,0.103709,0.003953,3
levenshtein,746,kl_to_reference,0.098628,0.001485,3
levenshtein,747,kl_to_reference,0.108395,0.006979,3
levenshtein,748,kl_to_reference,0.107505,0.01026,3
levenshtein,749,kl_to_reference,0.106567,0.004134,3
levenshtein,750,kl_to_reference,0.104759,0.009187,3
levenshtein,751,kl_to_reference,0.109519,0.015592,3
levenshtein,752,kl_to_reference,0.107429,0.011253,3
levenshtein,753,kl_to_reference,0.110558,0.003711,3
levenshtein,754,kl_to_reference,0.106601,0.004648,3
levenshtein,755,kl_to_reference,0.098464,0.002364,3
levenshtein,756,kl_to_reference,0.105616,0.011127,3
levenshtein,757,kl_to_reference,0.102686,0.004089,3
levenshtein,758,kl_to_reference,0.099037,0.000119,3
levenshtein,759,kl_to_reference,0.112413,0.006491,3
levenshtein,760,kl_to_reference,0.111442,0.008237,3
levenshtein,761,kl_to_reference,0.108023,0.006665,3
levenshtein,762,kl_to_reference,0.107785,0.001344,3
levenshtein,763,kl_to_reference,0.102623,0.002959,3
levenshtein,764,kl_to_reference,0.099081,0.006915,3
levenshtein,765,kl_to_reference,0.099643,0.000327,3
levenshtein,766,kl_to_reference,0.094445,0.000575,3
levenshtein,767,kl_to_reference,0.097058,0.009253,3
levenshtein,768,kl_to_reference,0.097583,0.01245,3
levenshtein,769,kl_to_reference,0.101074,0.011717,3
levenshtein,770,kl_to_reference,0.10168,0.006363,3
levenshtein,771,kl_to_reference,0.101635,0.005848,3
levenshtein,772,kl_to_reference,0.102539,0.001113,3
levenshtein,773,kl_to_reference,0.105445,0.007557,3
levenshtein,774,kl_to_reference,0.104231,0.003594,3
levenshtein,775,kl_to_reference,0.098712,0.006749,3
levenshtein,776,kl_to_reference,0.100821,0.004907,3
levenshtein,777,kl_to_reference,0.105132,0.00599,3
levenshtein,778,kl_to_reference,0.100789,0.006473,3
levenshtein,779,kl_to_reference,0.10314,0.003509,3
levenshtein,780,kl_to_reference,0.103251,0.006231,3
levenshtein,781,kl_to_reference,0.105919,0.012309,3
levenshtein,782,kl_to_reference,0.111531,0.006347,3
levenshtein,783,kl_to_reference,0.111555,0.005564,3
levenshtein,784,kl_to_reference,0.102139,0.006278,3
levenshtein,785,kl_to_reference,0.10532,0.006496,3
levenshtein,786,kl_to_reference,0.103932,0.005252,3
levenshtein,787,kl_to_reference,0.104069,0.010999,3
levenshtein,788,kl_to_reference,0.103733,0.003456,3
levenshtein,789,kl_to_reference,0.1071,0.00692,3
levenshtein,790,kl_to_reference,0.100439,0.003374,3
levenshtein,791,kl_to_reference,0.099773,0.013221,3
levenshtein,792,kl_to_reference,0.102388,0.011538,3
levenshtein,793,kl_to_reference,0.102951,0.005821,3
levenshtein,794,kl_to_reference,0.110402,0.003937,3
levenshtein,795,kl_to_reference,0.108737,0.00455,3
levenshtein,796,kl_to_reference,0.106392,0.01489,3
levenshtein,797,kl_to_reference,0.097987,0.001423,3
levenshtein,798,kl_to_reference,0.110186,0.012255,3
levenshtein,799,kl_to_reference,0.109187,0.002782,3
levenshtein,800,kl_to_reference,0.109805,0.014215,3
levenshtein,801,kl_to_reference,0.108054,0.006717,3
levenshtein,802,kl_to_reference,0.101177,0.005532,3
levenshtein,803,kl_to_reference,0.099295,0.011172,3
levenshtein,804,kl_to_reference,0.102706,0.010466,3
levenshtein,805,kl_to_reference,0.109241,0.006107,3
levenshtein,806,kl_to_reference,0.10342,0.008801,3
levenshtein,807,kl_to_reference,0.107077,0.010353,3
levenshtein,808,kl_to_reference,0.099585,0.004392,3
levenshtein,809,kl_to_reference,0.101242,0.007766,3
levenshtein,810,kl_to_reference,0.107912,0.005829,3
levenshtein,811,kl_to_reference,0.112649,0.00878,3
levenshtein,812,kl_to_reference,0.111518,0.004647,3
levenshtein,813,kl_to_reference,0.109241,0.005251,3
levenshtein,814,kl_to_reference,0.101692,0.008873,3
levenshtein,815,kl_to_reference,0.104484,0.002785,3
levenshtein,816,kl_to_reference,0.107549,0.001486,3
levenshtein,817,kl_to_reference,0.113084,0.007967,3
levenshtein,818,kl_to_reference,0.100478,0.002686,3
levenshtein,819,kl_to_reference,0.10566,0.004399,3
levenshtein,820,kl_to_reference,0.107608,0.007651,3
levenshtein,821,kl_to_reference,0.099291,0.010398,3
levenshtein,822,kl_to_reference,0.106606,0.007161,3
levenshtein,823,kl_to_reference,0.100857,0.008288,3
levenshtein,824,kl_to_reference,0.112151,0.006421,3
levenshtein,825,kl_to_reference,0.098861,0.003827,3
levenshtein,826,kl_to_reference,0.096931,0.000524,3
levenshtein,827,kl_to_reference,0.106635,0.008182,3
levenshtein,828,kl_to_reference,0.103196,0.004361,3
levenshtein,829,kl_to_reference,0.100068,0.006479,3
levenshtein,830,kl_to_reference,0.096455,0.002999,3
levenshtein,831,kl_to_reference,0.108063,0.003086,3
levenshtein,832,kl_to_reference,0.105043,0.005873,3
levenshtein,833,kl_to_reference,0.107673,0.00518,3
levenshtein,834,kl_to_reference,0.101,0.003896,3
levenshtein,835,kl_to_reference,0.104051,0.005804,3
levenshtein,836,kl_to_reference,0.107995,0.004566,3
levenshtein,837,kl_to_reference,0.103719,0.002411,3
levenshtein,838,kl_to_reference,0.109393,0.005052,3
levenshtein,839,kl_to_reference,0.101977,0.003735,3
levenshtein,840,kl_to_reference,0.096431,0.001302,3
levenshtein,841,kl_to_reference,0.096012,0.00422,3
levenshtein,842,kl_to_reference,0.105169,0.007687,3
levenshtein,843,kl_to_reference,0.108672,0.004163,3
levenshtein,844,kl_to_reference,0.106557,0.008364,3
levenshtein,845,kl_to_reference,0.116454,0.004065,3
levenshtein,846,kl_to_reference,0.110883,0.004184,3
levenshtein,847,kl_to_reference,0.107376,0.004843,3
levenshtein,848,kl_to_reference,0.105548,0.007999,3
levenshtein,849,kl_to_reference,0.111766,0.011826,3
levenshtein,850,kl_to_reference,0.10864,0.004002,3
levenshtein,851,kl_to_reference,0.10735,0.002669,3
levenshtein,852,kl_to_reference,0.104498,0.007359,3
levenshtein,853,kl_to_reference,0.110966,0.002015,3
levenshtein,854,kl_to_reference,0.103289,0.003421,3
levenshtein,855,kl_to_reference,0.107573,0.007436,3
levenshtein,856,kl_to_reference,0.106735,0.001846,3
levenshtein,857,kl_to_reference,0.102923,0.002577,3
levenshtein,858,kl_to_reference,0.107728,0.01126,3
levenshtein,859,kl_to_reference,0.097099,0.004666,3
levenshtein,860,kl_to_reference,0.10577,0.002825,3
levenshtein,861,kl_to_reference,0.102506,0.005026,3
levenshtein,862,kl_to_reference,0.102795,0.002323,3
levenshtein,863,kl_to_reference,0.104115,0.006691,3
levenshtein,864,kl_to_reference,0.102498,0.008258,3
levenshtein,865,kl_to_reference,0.102137,0.003882,3
levenshtein,866,kl_to_reference,0.101324,0.007133,3
levenshtein,867,kl_to_reference,0.107195,0.002686,3
levenshtein,868,kl_to_reference,0.097862,0.00419,3
levenshtein,869,kl_to_reference,0.107557,0.002461,3
levenshtein,870,kl_to_reference,0.099157,0.003656,3
levenshtein,871,kl_to_reference,0.104649,0.008687,3
levenshtein,872,kl_to_reference,0.10522,0.002875,3
levenshtein,873,kl_to_reference,0.106756,0.004306,3
levenshtein,874,kl_to_reference,0.106274,0.008665,3
levenshtein,875,kl_to_reference,0.113444,0.001656,3
levenshtein,876,kl_to_reference,0.10171,0.006682,3
levenshtein,877,kl_to_reference,0.107954,0.005105,3
levenshtein,878,kl_to_reference,0.10349,0.006222,3
levenshtein,879,kl_to_reference,0.103487,0.005126,3
levenshtein,880,kl_to_reference,0.11054,0.012434,3
levenshtein,881,kl_to_reference,0.101654,0.006097,3
levenshtein,882,kl_to_reference,0.111261,0.004661,3
levenshtein,883,kl_to_reference,0.116426,0.00258,3
levenshtein,884,kl_to_reference,0.109002,0.00929,3
levenshtein,885,kl_to_reference,0.105416,0.002889,3
levenshtein,886,kl_to_reference,0.111727,0.000806,3
levenshtein,887,kl_to_reference,0.104565,0.007281,3
levenshtein,888,kl_to_reference,0.108667,0.004725,3
levenshtein,889,kl_to_reference,0.115991,0.006423,3
levenshtein,890,kl_to_reference,0.108554,0.002852,3
levenshtein,891,kl_to_reference,0.10554,0.007129,3
levenshtein,892,kl_to_reference,0.110327,0.004197,3
levenshtein,893,kl_to_reference,0.10972,0.009818,3
levenshtein,894,kl_to_reference,0.10711,0.008458,3
levenshtein,895,kl_to_reference,0.106544,0.008432,3
levenshtein,896,kl_to_reference,0.105921,0.008153,3
levenshtein,897,kl_to_reference,0.104491,0.007444,3
levenshtein,898,kl_to_reference,0.108592,0.0018,3
levenshtein,899,kl_to_reference,0.103348,0.002459,3
levenshtein,900,kl_to_reference,0.109187,0.013883,3
levenshtein,901,kl_to_reference,0.104544,0.005182,3
levenshtein,902,kl_to_reference,0.111837,0.002956,3
levenshtein,903,kl_to_reference,0.102549,0.00157,3
levenshtein,904,kl_to_reference,0.103319,0.007607,3
levenshtein,905,kl_to_reference,0.105466,0.01271,3
levenshtein,906,kl_to_reference,0.107175,0.000976,3
levenshtein,907,kl_to_reference,0.105029,0.004334,3
levenshtein,908,kl_to_reference,0.10991,0.004196,3
levenshtein,909,kl_to_reference,0.106843,0.003904,3
levenshtein,910,kl_to_reference,0.101873,0.002729,3
levenshtein,911,kl_to_reference,0.110553,0.007948,3
levenshtein,912,kl_to_reference,0.110092,0.003348,3
levenshtein,913,kl_to_reference,0.109221,0.008974,3
levenshtein,914,kl_to_reference,0.110397,0.000313,3
levenshtein,915,kl_to_reference,0.109518,0.005188,3
levenshtein,916,kl_to_reference,0.113526,0.00511,3
levenshtein,917,kl_to_reference,0.105581,0.001029,3
levenshtein,918,kl_to_reference,0.104742,0.006179,3
levenshtein,919,kl_to_reference,0.10502,0.005677,3
levenshtein,920,kl_to_reference,0.104664,0.008701,3
levenshtein,921,kl_to_reference,0.108752,0.005118,3
levenshtein,922,kl_to_reference,0.105311,0.006377,3
levenshtein,923,kl_to_reference,0.106295,0.002778,3
levenshtein,924,kl_to_reference,0.105786,0.006971,3
levenshtein,925,kl_to_reference,0.107467,0.005389,3
levenshtein,926,kl_to_reference,0.101612,0.008599,3
levenshtein,927,kl_to_reference,0.10805,0.007551,3
levenshtein,928,kl_to_reference,0.110697,0.007977,3
levenshtein,929,kl_to_reference,0.099925,0.001768,3
levenshtein,930,kl_to_reference,0.105333,0.005479,3
levenshtein,931,kl_to_reference,0.112306,0.006867,3
levenshtein,932,kl_to_reference,0.108778,0.005242,3
levenshtein,933,kl_to_reference,0.104855,0.003226,3
levenshtein,934,kl_to_reference,0.112552,0.009538,3
levenshtein,935,kl_to_reference,0.10595,0.008508,3
levenshtein,936,kl_to_reference,0.102366,0.00292,3
levenshtein,937,kl_to_reference,0.11042,0.007621,3
levenshtein,938,kl_to_reference,0.110405,0.006079,3
levenshtein,939,kl_to_reference,0.107581,0.011413,3
levenshtein,940,kl_to_reference,0.112084,0.00799,3
levenshtein,941,kl_to_reference,0.107799,0.012359,3
levenshtein,942,kl_to_reference,0.117331,0.003076,3
levenshtein,943,kl_to_reference,0.111287,0.001356,3
levenshtein,944,kl_to_reference,0.106665,0.010028,3
levenshtein,945,kl_to_reference,0.110483,0.005947,3
levenshtein,946,kl_to_reference,0.110498,0.007758,3
levenshtein,947,kl_to_reference,0.112597,0.001559,3
levenshtein,948,kl_to_reference,0.111273,0.012098,3
levenshtein,949,kl_to_reference,0.110557,0.002343,3
levenshtein,950,kl_to_reference,0.107451,0.001415,3
levenshtein,951,kl_to_reference,0.109181,0.009027,3
levenshtein,952,kl_to_reference,0.110304,0.003315,3
levenshtein,953,kl_to_reference,0.106823,0.011113,3
levenshtein,954,kl_to_reference,0.109468,0.008192,3
levenshtein,955,kl_to_reference,0.109562,0.007668,3
levenshtein,956,kl_to_reference,0.107382,0.010418,3
levenshtein,957,kl_to_reference,0.112006,0.005195,3
levenshtein,958,kl_to_reference,0.10677,0.006004,3
levenshtein,959,kl_to_reference,0.110205,0.00777,3
levenshtein,960,kl_to_reference,0.101406,0.001375,3
levenshtein,961,kl_to_reference,0.105294,0.00509,3
levenshtein,962,kl_to_reference,0.115478,0.01125,3
levenshtein,963,kl_to_reference,0.104161,0.009596,3
levenshtein,964,kl_to_reference,0.106888,0.008935,3
levenshtein,965,kl_to_reference,0.10683,0.007739,3
levenshtein,966,kl_to_reference,0.105973,0.00403,3
levenshtein,967,kl_to_reference,0.107881,0.005109,3
levenshtein,968,kl_to_reference,0.108192,0.005356,3
levenshtein,969,kl_to_reference,0.114006,0.007168,3
levenshtein,970,kl_to_reference,0.11129,0.003083,3
levenshtein,971,kl_to_reference,0.107701,0.003661,3
levenshtein,972,kl_to_reference,0.111176,0.004379,3
levenshtein,973,kl_to_reference,0.103629,0.00689,3
levenshtein,974,kl_to_reference,0.109749,0.002414,3
levenshtein,975,kl_to_reference,0.113625,0.011906,3
levenshtein,976,kl_to_reference,0.110883,0.004692,3
levenshtein,977,kl_to_reference,0.109225,0.006407,3
levenshtein,978,kl_to_reference,0.10888,0.003397,3
levenshtein,979,kl_to_reference,0.110343,0.001916,3
levenshtein,980,kl_to_reference,0.112884,0.011618,3
levenshtein,981,kl_to_reference,0.109034,0.002008,3
levenshtein,982,kl_to_reference,0.111299,0.001105,3
levenshtein,983,kl_to_reference,0.102927,0.002522,3
levenshtein,984,kl_to_reference,0.102747,0.002391,3
levenshtein,985,kl_to_reference,0.108894,0.002961,3
levenshtein,986,kl_to_reference,0.109049,0.002082,3
levenshtein,987,kl_to_reference,0.104621,0.008771,3
levenshtein,988,kl_to_reference,0.108312,0.011535,3
levenshtein,989,kl_to_reference,0.103157,0.006537,3
levenshtein,990,kl_to_reference,0.108721,0.002265,3
levenshtein,991,kl_to_reference,0.109134,0.011955,3
levenshtein,992,kl_to_reference,0.113028,0.008412,3
levenshtein,993,kl_to_reference,0.112029,0.003896,3
levenshtein,994,kl_to_reference,0.110027,0.003524,3
levenshtein,995,kl_to_reference,0.117641,0.003315,3
levenshtein,996,kl_to_reference,0.111896,0.003791,3
levenshtein,997,kl_to_reference,0.117862,0.00686,3
levenshtein,998,kl_to_reference,0.113802,0.003406,3
levenshtein,999,kl_to_reference,0.107942,0.007984,3
levenshtein,1000,kl_to_reference,0.115364,0.003495,3
levenshtein,1001,kl_to_reference,0.116095,0.003765,3
levenshtein,1002,kl_to_reference,0.11416,0.011696,3
levenshtein,1003,kl_to_reference,0.110477,0.011907,3
levenshtein,1004,kl_to_reference,0.112823,0.00671,3
levenshtein,1005,kl_to_reference,0.101201,0.010334,3
levenshtein,1006,kl_to_reference,0.110805,0.004566,3
levenshtein,1007,kl_to_reference,0.113386,0.00335,3
levenshtein,1008,kl_to_reference,0.10594,0.005239,3
levenshtein,1009,kl_to_reference,0.106941,0.006653,3
levenshtein,1010,kl_to_reference,0.125845,0.004176,3
levenshtein,1011,kl_to_reference,0.107332,0.003145,3
levenshtein,1012,kl_to_reference,0.108933,0.006881,3
levenshtein,1013,kl_to_reference,0.106159,0.010879,3
levenshtein,1014,kl_to_reference,0.11346,0.006035,3
levenshtein,1015,kl_to_reference,0.107744,0.007461,3
levenshtein,1016,kl_to_reference,0.113287,0.008773,3
levenshtein,1017,kl_to_reference,0.116419,0.004855,3
levenshtein,1018,kl_to_reference,0.109465,0.007595,3
levenshtein,1019,kl_to_reference,0.103656,0.004114,3
levenshtein,1020,kl_to_reference,0.107866,0.003433,3
levenshtein,1021,kl_to_reference,0.107923,0.003449,3
levenshtein,1022,kl_to_reference,0.103464,0.010002,3
levenshtein,1023,kl_to_reference,0.113909,0.004295,3
levenshtein,1024,kl_to_reference,0.109366,0.007292,3
levenshtein,1025,kl_to_reference,0.108903,0.004619,3
levenshtein,1026,kl_to_reference,0.111397,0.007486,3
levenshtein,1027,kl_to_reference,0.118855,0.00243,3
levenshtein,1028,kl_to_reference,0.106764,0.00668,3
levenshtein,1029,kl_to_reference,0.109221,0.003244,3
levenshtein,1030,kl_to_reference,0.106512,0.010366,3
levenshtein,1031,kl_to_reference,0.114792,0.008299,3
levenshtein,1032,kl_to_reference,0.102575,0.008927,3
levenshtein,1033,kl_to_reference,0.114169,0.008316,3
levenshtein,1034,kl_to_reference,0.108053,0.003552,3
levenshtein,1035,kl_to_reference,0.112664,0.002931,3
levenshtein,1036,kl_to_reference,0.110399,0.009208,3
levenshtein,1037,kl_to_reference,0.10578,0.001495,3
levenshtein,1038,kl_to_reference,0.112375,0.008772,3
levenshtein,1039,kl_to_reference,0.118869,0.002213,3
levenshtein,1040,kl_to_reference,0.114354,0.003013,3
levenshtein,1041,kl_to_reference,0.113615,0.008319,3
levenshtein,1042,kl_to_reference,0.106397,0.004434,3
levenshtein,1043,kl_to_reference,0.111323,0.006633,3
levenshtein,1044,kl_to_reference,0.111658,0.002552,3
levenshtein,1045,kl_to_reference,0.109353,0.007929,3
levenshtein,1046,kl_to_reference,0.110957,0.007135,3
levenshtein,1047,kl_to_reference,0.117108,0.011339,3
levenshtein,1048,kl_to_reference,0.115384,0.004595,3
levenshtein,1049,kl_to_reference,0.118342,0.004893,3
levenshtein,1050,kl_to_reference,0.111526,0.004688,3
levenshtein,1051,kl_to_reference,0.108792,0.004575,3
levenshtein,1052,kl_to_reference,0.109397,0.004886,3
levenshtein,1053,kl_to_reference,0.105655,0.002714,3
levenshtein,1054,kl_to_reference,0.110105,0.011385,3
levenshtein,1055,kl_to_reference,0.100349,0.007465,3
levenshtein,1056,kl_to_reference,0.11312,0.006479,3
levenshtein,1057,kl_to_reference,0.115269,0.00798,3
levenshtein,1058,kl_to_reference,0.109961,0.007614,3
levenshtein,1059,kl_to_reference,0.111659,0.004014,3
levenshtein,1060,kl_to_reference,0.114189,0.009261,3
levenshtein,1061,kl_to_reference,0.116824,0.005117,3
levenshtein,1062,kl_to_reference,0.114944,0.004555,3
levenshtein,1063,kl_to_reference,0.10837,0.001672,3
levenshtein,1064,kl_to_reference,0.114163,0.003654,3
levenshtein,1065,kl_to_reference,0.103801,0.003819,3
levenshtein,1066,kl_to_reference,0.110898,0.007409,3
levenshtein,1067,kl_to_reference,0.10631,0.005107,3
levenshtein,1068,kl_to_reference,0.103534,0.004741,3
levenshtein,1069,kl_to_reference,0.111573,0.005647,3
levenshtein,1070,kl_to_reference,0.116028,0.005739,3
levenshtein,1071,kl_to_reference,0.106259,0.004995,3
levenshtein,1072,kl_to_reference,0.113633,0.001306,3
levenshtein,1073,kl_to_reference,0.119631,0.006814,3
levenshtein,1074,kl_to_reference,0.109892,0.00453,3
levenshtein,1075,kl_to_reference,0.108655,0.008158,3
levenshtein,1076,kl_to_reference,0.105711,0.003972,3
levenshtein,1077,kl_to_reference,0.111653,0.006392,3
levenshtein,1078,kl_to_reference,0.121749,0.009444,3
levenshtein,1079,kl_to_reference,0.109626,0.002555,3
levenshtein,1080,kl_to_reference,0.101815,0.002601,3
levenshtein,1081,kl_to_reference,0.11368,0.004179,3
levenshtein,1082,kl_to_reference,0.114971,0.012088,3
levenshtein,1083,kl_to_reference,0.113542,0.008787,3
levenshtein,1084,kl_to_reference,0.109567,0.001196,3
levenshtein,1085,kl_to_reference,0.119552,0.00347,3
levenshtein,1086,kl_to_reference,0.116195,0.009022,3
levenshtein,1087,kl_to_reference,0.112704,0.004178,3
levenshtein,1088,kl_to_reference,0.112583,0.004033,3
levenshtein,1089,kl_to_reference,0.122367,0.008081,3
levenshtein,1090,kl_to_reference,0.116968,0.002501,3
levenshtein,1091,kl_to_reference,0.103549,0.004337,3
levenshtein,1092,kl_to_reference,0.112721,0.009934,3
levenshtein,1093,kl_to_reference,0.1064,0.004478,3
levenshtein,1094,kl_to_reference,0.106772,0.011878,3
levenshtein,1095,kl_to_reference,0.101819,0.002229,3
levenshtein,1096,kl_to_reference,0.115426,0.005092,3
levenshtein,1097,kl_to_reference,0.107983,0.00347,3
levenshtein,1098,kl_to_reference,0.11162,0.002572,3
levenshtein,1099,kl_to_reference,0.114223,0.007236,3
levenshtein,1100,kl_to_reference,0.113649,0.00608,3
levenshtein,1101,kl_to_reference,0.119653,0.000533,3
levenshtein,1102,kl_to_reference,0.111505,0.004065,3
levenshtein,1103,kl_to_reference,0.11028,0.003041,3
levenshtein,1104,kl_to_reference,0.115412,0.004191,3
levenshtein,1105,kl_to_reference,0.104945,0.004935,3
levenshtein,1106,kl_to_reference,0.11181,0.004828,3
levenshtein,1107,kl_to_reference,0.119767,0.007278,3
levenshtein,1108,kl_to_reference,0.110729,0.001122,3
levenshtein,1109,kl_to_reference,0.114185,0.004949,3
levenshtein,1110,kl_to_reference,0.107916,0.002654,3
levenshtein,1111,kl_to_reference,0.106593,0.004491,3
levenshtein,1112,kl_to_reference,0.113627,0.003283,3
levenshtein,1113,kl_to_reference,0.123181,0.007806,3
levenshtein,1114,kl_to_reference,0.111543,0.007484,3
levenshtein,1115,kl_to_reference,0.109669,0.009758,3
levenshtein,1116,kl_to_reference,0.115,0.012674,3
levenshtein,1117,kl_to_reference,0.111078,0.007277,3
levenshtein,1118,kl_to_reference,0.117089,0.006541,3
levenshtein,1119,kl_to_reference,0.116297,0.001694,3
levenshtein,1120,kl_to_reference,0.115738,0.000377,3
levenshtein,1121,kl_to_reference,0.104077,0.012241,3
levenshtein,1122,kl_to_reference,0.11837,0.001867,3
levenshtein,1123,kl_to_reference,0.108864,0.010254,3
levenshtein,1124,kl_to_reference,0.115294,0.006993,3
levenshtein,1125,kl_to_reference,0.115025,0.004197,3
levenshtein,1126,kl_to_reference,0.113321,0.007181,3
levenshtein,1127,kl_to_reference,0.114678,0.003099,3
levenshtein,1128,kl_to_reference,0.120685,0.003431,3
levenshtein,1129,kl_to_reference,0.105748,0.008084,3
levenshtein,1130,kl_to_reference,0.116705,0.002388,3
levenshtein,1131,kl_to_reference,0.111208,0.004948,3
levenshtein,1132,kl_to_reference,0.113971,0.011256,3
levenshtein,1133,kl_to_reference,0.11027,0.00897,3
levenshtein,1134,kl_to_reference,0.107659,0.007193,3
levenshtein,1135,kl_to_reference,0.110602,0.005287,3
levenshtein,1136,kl_to_reference,0.115708,0.009133,3
levenshtein,1137,kl_to_reference,0.112943,0.008793,3
levenshtein,1138,kl_to_reference,0.112079,0.001736,3
levenshtein,1139,kl_to_reference,0.102722,0.002743,3
levenshtein,1140,kl_to_reference,0.109747,0.003513,3
levenshtein,1141,kl_to_reference,0.106521,0.013087,3
levenshtein,1142,kl_to_reference,0.113872,0.004281,3
levenshtein,1143,kl_to_reference,0.113203,0.001724,3
levenshtein,1144,kl_to_reference,0.109287,0.005151,3
levenshtein,1145,kl_to_reference,0.10501,0.003761,3
levenshtein,1146,kl_to_reference,0.118175,0.002915,3
levenshtein,1147,kl_to_reference,0.11192,0.010214,3
levenshtein,1148,kl_to_reference,0.107267,0.010194,3
levenshtein,1149,kl_to_reference,0.115234,0.005297,3
levenshtein,1150,kl_to_reference,0.117101,0.003863,3
levenshtein,1151,kl_to_reference,0.114257,0.004902,3
levenshtein,1152,kl_to_reference,0.117883,0.004389,3
levenshtein,1153,kl_to_reference,0.114956,0.011113,3
levenshtein,1154,kl_to_reference,0.109592,0.006942,3
levenshtein,1155,kl_to_reference,0.115849,0.007474,3
levenshtein,1156,kl_to_reference,0.110434,0.004145,3
levenshtein,1157,kl_to_reference,0.114634,0.006392,3
levenshtein,1158,kl_to_reference,0.113419,0.003988,3
levenshtein,1159,kl_to_reference,0.113479,0.008821,3
levenshtein,1160,kl_to_reference,0.123208,0.007035,3
levenshtein,1161,kl_to_reference,0.118267,0.001913,3
levenshtein,1162,kl_to_reference,0.117304,0.009537,3
levenshtein,1163,kl_to_reference,0.111476,0.008698,3
levenshtein,1164,kl_to_reference,0.104234,0.003757,3
levenshtein,1165,kl_to_reference,0.111089,0.004893,3
levenshtein,1166,kl_to_reference,0.108697,0.006564,3
levenshtein,1167,kl_to_reference,0.115447,0.005079,3
levenshtein,1168,kl_to_reference,0.105478,0.009929,3
levenshtein,1169,kl_to_reference,0.114932,0.002928,3
levenshtein,1170,kl_to_reference,0.118074,0.001672,3
levenshtein,1171,kl_to_reference,0.118416,0.015797,3
levenshtein,1172,kl_to_reference,0.111371,0.00831,3
levenshtein,1173,kl_to_reference,0.115406,0.008501,3
levenshtein,1174,kl_to_reference,0.112206,0.006968,3
levenshtein,1175,kl_to_reference,0.11707,0.006578,3
levenshtein,1176,kl_to_reference,0.121381,0.013122,3
levenshtein,1177,kl_to_reference,0.117077,0.005659,3
levenshtein,1178,kl_to_reference,0.118313,0.005465,3
levenshtein,1179,kl_to_reference,0.114821,0.005643,3
levenshtein,1180,kl_to_reference,0.111932,0.009181,3
levenshtein,1181,kl_to_reference,0.113909,0.002901,3
levenshtein,1182,kl_to_reference,0.120482,0.005971,3
levenshtein,1183,kl_to_reference,0.117878,0.008719,3
levenshtein,1184,kl_to_reference,0.12037,0.005694,3
levenshtein,1185,kl_to_reference,0.117759,0.010249,3
levenshtein,1186,kl_to_reference,0.116625,0.005141,3
levenshtein,1187,kl_to_reference,0.106738,0.003684,3
levenshtein,1188,kl_to_reference,0.11728,0.004949,3
levenshtein,1189,kl_to_reference,0.111794,0.006029,3
levenshtein,1190,kl_to_reference,0.122182,0.015233,3
levenshtein,1191,kl_to_reference,0.110514,0.013116,3
levenshtein,1192,kl_to_reference,0.114547,0.011397,3
levenshtein,1193,kl_to_reference,0.106552,0.006675,3
levenshtein,1194,kl_to_reference,0.113995,0.003992,3
levenshtein,1195,kl_to_reference,0.111249,0.0026,3
levenshtein,1196,kl_to_reference,0.11098,0.00405,3
levenshtein,1197,kl_to_reference,0.113679,0.007182,3
levenshtein,1198,kl_to_reference,0.113273,0.007127,3
levenshtein,1199,kl_to_reference,0.107856,0.003225,3
levenshtein,1200,kl_to_reference,0.114608,0.005391,3
levenshtein,1201,kl_to_reference,0.125524,0.004264,3
levenshtein,1202,kl_to_reference,0.110178,0.008681,3
levenshtein,1203,kl_to_reference,0.119103,0.012332,3
levenshtein,1204,kl_to_reference,0.112634,0.009297,3
levenshtein,1205,kl_to_reference,0.121591,0.00486,3
levenshtein,1206,kl_to_reference,0.113803,0.002984,3
levenshtein,1207,kl_to_reference,0.123061,0.00222,3
levenshtein,1208,kl_to_reference,0.11932,0.001827,3
levenshtein,1209,kl_to_reference,0.118167,0.001791,3
levenshtein,1210,kl_to_reference,0.122348,0.003785,3
levenshtein,1211,kl_to_reference,0.12234,0.004332,3
levenshtein,1212,kl_to_reference,0.107252,0.004229,3
levenshtein,1213,kl_to_reference,0.118724,0.005717,3
levenshtein,1214,kl_to_reference,0.121213,0.001247,3
levenshtein,1215,kl_to_reference,0.114722,0.005306,3
levenshtein,1216,kl_to_reference,0.124241,0.004631,3
levenshtein,1217,kl_to_reference,0.11584,0.003543,3
levenshtein,1218,kl_to_reference,0.118351,0.007284,3
levenshtein,1219,kl_to_reference,0.114615,0.00443,3
levenshtein,1220,kl_to_reference,0.117273,0.013448,3
levenshtein,1221,kl_to_reference,0.121696,0.006174,3
levenshtein,1222,kl_to_reference,0.119217,0.003197,3
levenshtein,1223,kl_to_reference,0.117679,0.004473,3
levenshtein,1224,kl_to_reference,0.117542,0.002463,3
levenshtein,1225,kl_to_reference,0.126267,0.009421,3
levenshtein,1226,kl_to_reference,0.114824,0.012004,3
levenshtein,1227,kl_to_reference,0.125137,0.005424,3
levenshtein,1228,kl_to_reference,0.122838,0.008424,3
levenshtein,1229,kl_to_reference,0.113902,0.012716,3
levenshtein,1230,kl_to_reference,0.11159,0.000208,3
levenshtein,1231,kl_to_reference,0.119052,0.005412,3
levenshtein,1232,kl_to_reference,0.112331,0.008726,3
levenshtein,1233,kl_to_reference,0.115827,0.01192,3
levenshtein,1234,kl_to_reference,0.112108,0.002583,3
levenshtein,1235,kl_to_reference,0.120261,0.004471,3
levenshtein,1236,kl_to_reference,0.119748,0.005989,3
levenshtein,1237,kl_to_reference,0.118705,0.003523,3
levenshtein,1238,kl_to_reference,0.113279,0.005763,3
levenshtein,1239,kl_to_reference,0.115823,0.001402,3
levenshtein,1240,kl_to_reference,0.115631,0.003065,3
levenshtein,1241,kl_to_reference,0.117289,0.00567,3
levenshtein,1242,kl_to_reference,0.12233,0.006767,3
levenshtein,1243,kl_to_reference,0.110244,0.006417,3
levenshtein,1244,kl_to_reference,0.105578,0.007869,3
levenshtein,1245,kl_to_reference,0.109441,0.004249,3
levenshtein,1246,kl_to_reference,0.117279,0.00475,3
levenshtein,1247,kl_to_reference,0.120093,0.003433,3
levenshtein,1248,kl_to_reference,0.119253,0.005311,3
levenshtein,1249,kl_to_reference,0.116216,0.007683,3
levenshtein,1250,kl_to_reference,0.125985,0.000398,3
levenshtein,1251,kl_to_reference,0.116391,0.003042,3
levenshtein,1252,kl_to_reference,0.11994,0.013024,3
levenshtein,1253,kl_to_reference,0.110733,0.010103,3
levenshtein,1254,kl_to_reference,0.117752,0.010298,3
levenshtein,1255,kl_to_reference,0.119589,0.005801,3
levenshtein,1256,kl_to_reference,0.118067,0.006669,3
levenshtein,1257,kl_to_reference,0.114095,0.00948,3
levenshtein,1258,kl_to_reference,0.115061,0.0134,3
levenshtein,1259,kl_to_reference,0.115197,0.00566,3
levenshtein,1260,kl_to_reference,0.117479,0.008707,3
levenshtein,1261,kl_to_reference,0.109553,0.009656,3
levenshtein,1262,kl_to_reference,0.122357,0.007894,3
levenshtein,1263,kl_to_reference,0.118876,0.007558,3
levenshtein,1264,kl_to_reference,0.119889,0.006683,3
levenshtein,1265,kl_to_reference,0.126408,0.005115,3
levenshtein,1266,kl_to_reference,0.120399,0.004317,3
levenshtein,1267,kl_to_reference,0.122194,0.010312,3
levenshtein,1268,kl_to_reference,0.113711,0.007139,3
levenshtein,1269,kl_to_reference,0.119943,0.005456,3
levenshtein,1270,kl_to_reference,0.116784,0.005329,3
levenshtein,1271,kl_to_reference,0.119314,0.006117,3
levenshtein,1272,kl_to_reference,0.125295,0.008453,3
levenshtein,1273,kl_to_reference,0.12198,0.006127,3
levenshtein,1274,kl_to_reference,0.12031,0.002617,3
levenshtein,1275,kl_to_reference,0.119235,0.011698,3
levenshtein,1276,kl_to_reference,0.121727,0.00699,3
levenshtein,1277,kl_to_reference,0.110368,0.003193,3
levenshtein,1278,kl_to_reference,0.119088,0.006902,3
levenshtein,1279,kl_to_reference,0.126266,0.004398,3
levenshtein,1280,kl_to_reference,0.123141,0.006491,3
levenshtein,1281,kl_to_reference,0.110625,0.001409,3
levenshtein,1282,kl_to_reference,0.111563,0.002794,3
levenshtein,1283,kl_to_reference,0.117219,0.00173,3
levenshtein,1284,kl_to_reference,0.111454,0.003953,3
levenshtein,1285,kl_to_reference,0.120051,0.003887,3
levenshtein,1286,kl_to_reference,0.1283,0.005153,3
levenshtein,1287,kl_to_reference,0.117062,0.00602,3
levenshtein,1288,kl_to_reference,0.122171,0.001736,3
levenshtein,1289,kl_to_reference,0.12363,0.012091,3
levenshtein,1290,kl_to_reference,0.114185,0.003429,3
levenshtein,1291,kl_to_reference,0.116918,0.004687,3
levenshtein,1292,kl_to_reference,0.117165,0.004049,3
levenshtein,1293,kl_to_reference,0.122363,0.014042,3
levenshtein,1294,kl_to_reference,0.114012,0.006718,3
levenshtein,1295,kl_to_reference,0.117018,0.013106,3
levenshtein,1296,kl_to_reference,0.120934,0.00572,3
levenshtein,1297,kl_to_reference,0.116309,0.011078,3
levenshtein,1298,kl_to_reference,0.112756,0.003996,3
levenshtein,1299,kl_to_reference,0.108904,0.003551,3
levenshtein,1300,kl_to_reference,0.122002,0.003652,3
levenshtein,1301,kl_to_reference,0.11272,0.005937,3
levenshtein,1302,kl_to_reference,0.122911,0.003905,3
levenshtein,1303,kl_to_reference,0.110673,0.002365,3
levenshtein,1304,kl_to_reference,0.121697,0.004359,3
levenshtein,1305,kl_to_reference,0.114336,0.008883,3
levenshtein,1306,kl_to_reference,0.118945,0.004392,3
levenshtein,1307,kl_to_reference,0.108466,0.001682,3
levenshtein,1308,kl_to_reference,0.116443,0.004727,3
levenshtein,1309,kl_to_reference,0.118488,0.010354,3
levenshtein,1310,kl_to_reference,0.12082,0.010506,3
levenshtein,1311,kl_to_reference,0.111883,0.010944,3
levenshtein,1312,kl_to_reference,0.118338,0.009036,3
levenshtein,1313,kl_to_reference,0.120787,0.00618,3
levenshtein,1314,kl_to_reference,0.123249,0.00641,3
levenshtein,1315,kl_to_reference,0.114619,0.003677,3
levenshtein,1316,kl_to_reference,0.117808,0.013246,3
levenshtein,1317,kl_to_reference,0.123723,0.010352,3
levenshtein,1318,kl_to_reference,0.122229,0.011337,3
levenshtein,1319,kl_to_reference,0.122936,0.01266,3
levenshtein,1320,kl_to_reference,0.11866,0.002822,3
levenshtein,1321,kl_to_reference,0.114568,0.006824,3
levenshtein,1322,kl_to_reference,0.116507,0.005774,3
levenshtein,1323,kl_to_reference,0.124203,0.000945,3
levenshtein,1324,kl_to_reference,0.120027,0.005721,3
levenshtein,1325,kl_to_reference,0.121883,0.005091,3
levenshtein,1326,kl_to_reference,0.117964,0.009779,3
levenshtein,1327,kl_to_reference,0.118529,0.003563,3
levenshtein,1328,kl_to_reference,0.122908,0.005372,3
levenshtein,1329,kl_to_reference,0.117824,0.006961,3
levenshtein,1330,kl_to_reference,0.124238,0.003794,3
levenshtein,1331,kl_to_reference,0.115417,0.002836,3
levenshtein,1332,kl_to_reference,0.118869,0.008528,3
levenshtein,1333,kl_to_reference,0.125514,0.009964,3
levenshtein,1334,kl_to_reference,0.115857,0.010584,3
levenshtein,1335,kl_to_reference,0.118812,0.002506,3
levenshtein,1336,kl_to_reference,0.10696,0.004599,3
levenshtein,1337,kl_to_reference,0.123803,0.010989,3
levenshtein,1338,kl_to_reference,0.110187,0.001054,3
levenshtein,1339,kl_to_reference,0.117029,0.007882,3
levenshtein,1340,kl_to_reference,0.123808,0.004293,3
levenshtein,1341,kl_to_reference,0.122849,0.002734,3
levenshtein,1342,kl_to_reference,0.126178,0.007864,3
levenshtein,1343,kl_to_reference,0.115846,0.006022,3
levenshtein,1344,kl_to_reference,0.113576,0.010693,3
levenshtein,1345,kl_to_reference,0.119998,0.003716,3
levenshtein,1346,kl_to_reference,0.117184,0.003369,3
levenshtein,1347,kl_to_reference,0.118507,0.003491,3
levenshtein,1348,kl_to_reference,0.118717,0.005597,3
levenshtein,1349,kl_to_reference,0.12156,0.005017,3
levenshtein,1350,kl_to_reference,0.115846,0.004483,3
levenshtein,1351,kl_to_reference,0.109293,0.007936,3
levenshtein,1352,kl_to_reference,0.116707,0.004375,3
levenshtein,1353,kl_to_reference,0.110838,0.007534,3
levenshtein,1354,kl_to_reference,0.122069,0.004593,3
levenshtein,1355,kl_to_reference,0.119288,0.013705,3
levenshtein,1356,kl_to_reference,0.130334,0.001605,3
levenshtein,1357,kl_to_reference,0.12078,0.003101,3
levenshtein,1358,kl_to_reference,0.118804,0.006146,3
levenshtein,1359,kl_to_reference,0.110973,0.003421,3
levenshtein,1360,kl_to_reference,0.115964,0.004548,3
levenshtein,1361,kl_to_reference,0.117439,0.004638,3
levenshtein,1362,kl_to_reference,0.118619,0.005662,3
levenshtein,1363,kl_to_reference,0.119414,0.008244,3
levenshtein,1364,kl_to_reference,0.1214,0.007705,3
levenshtein,1365,kl_to_reference,0.110025,0.004146,3
levenshtein,1366,kl_to_reference,0.113112,0.004751,3
levenshtein,1367,kl_to_reference,0.117959,0.002237,3
levenshtein,1368,kl_to_reference,0.119603,0.0029,3
levenshtein,1369,kl_to_reference,0.121703,0.003326,3
levenshtein,1370,kl_to_reference,0.117085,0.003563,3
levenshtein,1371,kl_to_reference,0.125635,0.006817,3
levenshtein,1372,kl_to_reference,0.116489,0.001672,3
levenshtein,1373,kl_to_reference,0.110516,0.006664,3
levenshtein,1374,kl_to_reference,0.12392,0.004233,3
levenshtein,1375,kl_to_reference,0.111015,0.001462,3
levenshtein,1376,kl_to_reference,0.114555,0.008115,3
levenshtein,1377,kl_to_reference,0.120988,0.001503,3
levenshtein,1378,kl_to_reference,0.11676,0.006856,3
levenshtein,1379,kl_to_reference,0.118036,0.006783,3
levenshtein,1380,kl_to_reference,0.118516,0.00579,3
levenshtein,1381,kl_to_reference,0.116864,0.002233,3
levenshtein,1382,kl_to_reference,0.115525,0.003839,3
levenshtein,1383,kl_to_reference,0.114718,0.004282,3
levenshtein,1384,kl_to_reference,0.120876,0.002437,3
levenshtein,1385,kl_to_reference,0.114233,0.004472,3
levenshtein,1386,kl_to_reference,0.112098,0.00397,3
levenshtein,1387,kl_to_reference,0.112495,0.004824,3
levenshtein,1388,kl_to_reference,0.115216,0.006291,3
levenshtein,1389,kl_to_reference,0.117726,0.01042,3
levenshtein,1390,kl_to_reference,0.115504,0.009656,3
levenshtein,1391,kl_to_reference,0.119935,0.007179,3
levenshtein,1392,kl_to_reference,0.124556,0.011864,3
levenshtein,1393,kl_to_reference,0.120814,0.002806,3
levenshtein,1394,kl_to_reference,0.114083,0.003081,3
levenshtein,1395,kl_to_reference,0.10573,0.007818,3
levenshtein,1396,kl_to_reference,0.116937,0.00413,3
levenshtein,1397,kl_to_reference,0.116617,0.006348,3
levenshtein,1398,kl_to_reference,0.114522,0.006935,3
levenshtein,1399,kl_to_reference,0.117105,0.006561,3
levenshtein,1400,kl_to_reference,0.113148,0.008329,3
levenshtein,1401,kl_to_reference,0.1206,0.002469,3
levenshtein,1402,kl_to_reference,0.115277,0.00661,3
levenshtein,1403,kl_to_reference,0.114344,0.007024,3
levenshtein,1404,kl_to_reference,0.118817,0.005838,3
levenshtein,1405,kl_to_reference,0.117792,0.005446,3
levenshtein,1406,kl_to_reference,0.119398,0.007722,3
levenshtein,1407,kl_to_reference,0.113518,0.004638,3
levenshtein,1408,kl_to_reference,0.115413,0.010113,3
levenshtein,1409,kl_to_reference,0.110691,0.004502,3
levenshtein,1410,kl_to_reference,0.117718,0.008242,3
levenshtein,1411,kl_to_reference,0.121886,0.003749,3
levenshtein,1412,kl_to_reference,0.1138,0.01123,3
levenshtein,1413,kl_to_reference,0.115109,0.00638,3
levenshtein,1414,kl_to_reference,0.116682,0.001509,3
levenshtein,1415,kl_to_reference,0.124022,0.004048,3
levenshtein,1416,kl_to_reference,0.115066,0.006416,3
levenshtein,1417,kl_to_reference,0.12016,0.004652,3
levenshtein,1418,kl_to_reference,0.119135,0.005523,3
levenshtein,1419,kl_to_reference,0.116314,0.012182,3
levenshtein,1420,kl_to_reference,0.116499,0.003945,3
levenshtein,1421,kl_to_reference,0.119668,0.005716,3
levenshtein,1422,kl_to_reference,0.119521,0.007967,3
levenshtein,1423,kl_to_reference,0.129946,0.002212,3
levenshtein,1424,kl_to_reference,0.117594,0.009317,3
levenshtein,1425,kl_to_reference,0.126704,0.002898,3
levenshtein,1426,kl_to_reference,0.12494,0.004916,3
levenshtein,1427,kl_to_reference,0.128049,0.009949,3
levenshtein,1428,kl_to_reference,0.110949,0.009005,3
levenshtein,1429,kl_to_reference,0.119182,0.00307,3
levenshtein,1430,kl_to_reference,0.120157,0.005763,3
levenshtein,1431,kl_to_reference,0.116835,0.004362,3
levenshtein,1432,kl_to_reference,0.108673,0.005462,3
levenshtein,1433,kl_to_reference,0.104949,0.013047,3
levenshtein,1434,kl_to_reference,0.121107,0.002438,3
levenshtein,1435,kl_to_reference,0.115966,0.006231,3
levenshtein,1436,kl_to_reference,0.128612,0.002541,3
levenshtein,1437,kl_to_reference,0.118082,0.000167,3
levenshtein,1438,kl_to_reference,0.117396,0.003695,3
levenshtein,1439,kl_to_reference,0.116239,0.005529,3
levenshtein,1440,kl_to_reference,0.117827,0.003383,3
levenshtein,1441,kl_to_reference,0.121498,0.005156,3
levenshtein,1442,kl_to_reference,0.126027,0.00363,3
levenshtein,1443,kl_to_reference,0.119867,0.006612,3
levenshtein,1444,kl_to_reference,0.127908,0.006108,3
levenshtein,1445,kl_to_reference,0.11673,0.008581,3
levenshtein,1446,kl_to_reference,0.120064,0.007312,3
levenshtein,1447,kl_to_reference,0.110801,0.006706,3
levenshtein,1448,kl_to_reference,0.116414,0.006321,3
levenshtein,1449,kl_to_reference,0.118218,0.003902,3
levenshtein,1450,kl_to_reference,0.120021,0.003563,3
levenshtein,1451,kl_to_reference,0.117101,0.003074,3
levenshtein,1452,kl_to_reference,0.11597,0.004905,3
levenshtein,1453,kl_to_reference,0.119208,0.005011,3
levenshtein,1454,kl_to_reference,0.11181,0.006552,3
levenshtein,1455,kl_to_reference,0.116029,0.003577,3
levenshtein,1456,kl_to_reference,0.109205,0.005327,3
levenshtein,1457,kl_to_reference,0.122252,0.00369,3
levenshtein,1458,kl_to_reference,0.107737,0.001863,3
levenshtein,1459,kl_to_reference,0.115974,0.002785,3
levenshtein,1460,kl_to_reference,0.110605,0.000531,3
levenshtein,1461,kl_to_reference,0.114833,0.003878,3
levenshtein,1462,kl_to_reference,0.110717,0.006129,3
levenshtein,1463,kl_to_reference,0.109585,0.002867,3
levenshtein,1464,kl_to_reference,0.115784,0.00524,3
levenshtein,1465,kl_to_reference,0.115518,0.005823,3
levenshtein,1466,kl_to_reference,0.109728,0.005013,3
levenshtein,1467,kl_to_reference,0.114155,0.004885,3
levenshtein,1468,kl_to_reference,0.113527,0.003966,3
levenshtein,1469,kl_to_reference,0.1202,0.007866,3
levenshtein,1470,kl_to_reference,0.113489,0.009002,3
levenshtein,1471,kl_to_reference,0.112321,0.011351,3
levenshtein,1472,kl_to_reference,0.110664,0.002731,3
levenshtein,1473,kl_to_reference,0.1096,0.004443,3
levenshtein,1474,kl_to_reference,0.117273,0.004632,3
levenshtein,1475,kl_to_reference,0.118864,0.002352,3
levenshtein,1476,kl_to_reference,0.118377,0.005158,3
levenshtein,1477,kl_to_reference,0.114621,0.00487,3
levenshtein,1478,kl_to_reference,0.109874,0.002314,3
levenshtein,1479,kl_to_reference,0.125519,0.00177,3
levenshtein,1480,kl_to_reference,0.117518,0.004445,3
levenshtein,1481,kl_to_reference,0.113911,0.002466,3
levenshtein,1482,kl_to_reference,0.109251,0.004461,3
levenshtein,1483,kl_to_reference,0.118644,0.004699,3
levenshtein,1484,kl_to_reference,0.108586,0.008893,3
levenshtein,1485,kl_to_reference,0.12463,0.002915,3
levenshtein,1486,kl_to_reference,0.116708,0.005362,3
levenshtein,1487,kl_to_reference,0.115707,0.005268,3
levenshtein,1488,kl_to_reference,0.114659,0.006028,3
levenshtein,1489,kl_to_reference,0.120271,0.004937,3
levenshtein,1490,kl_to_reference,0.115993,0.006456,3
levenshtein,1491,kl_to_reference,0.112693,0.001761,3
levenshtein,1492,kl_to_reference,0.116232,0.004938,3
levenshtein,1493,kl_to_reference,0.120361,0.006077,3
levenshtein,1494,kl_to_reference,0.112638,0.006947,3
levenshtein,1495,kl_to_reference,0.121755,0.00987,3
levenshtein,1496,kl_to_reference,0.122318,0.005261,3
levenshtein,1497,kl_to_reference,0.118746,0.001532,3
levenshtein,1498,kl_to_reference,0.11994,0.00638,3
levenshtein,1499,kl_to_reference,0.119821,0.004765,3
levenshtein,1500,kl_to_reference,0.122752,0.001504,3
levenshtein,1501,kl_to_reference,0.114558,0.005565,3
levenshtein,1502,kl_to_reference,0.119938,0.002381,3
levenshtein,1503,kl_to_reference,0.121789,0.005025,3
levenshtein,1504,kl_to_reference,0.123022,0.006945,3
levenshtein,1505,kl_to_reference,0.125616,0.00832,3
levenshtein,1506,kl_to_reference,0.118622,0.007847,3
levenshtein,1507,kl_to_reference,0.113775,0.003895,3
levenshtein,1508,kl_to_reference,0.120897,0.002823,3
levenshtein,1509,kl_to_reference,0.125025,0.006239,3
levenshtein,1510,kl_to_reference,0.119871,0.004836,3
levenshtein,1511,kl_to_reference,0.125249,0.005665,3
levenshtein,1512,kl_to_reference,0.12206,0.013981,3
levenshtein,1513,kl_to_reference,0.120733,0.004524,3
levenshtein,1514,kl_to_reference,0.121617,0.009068,3
levenshtein,1515,kl_to_reference,0.12012,0.008486,3
levenshtein,1516,kl_to_reference,0.12668,0.00536,3
levenshtein,1517,kl_to_reference,0.116062,0.007015,3
levenshtein,1518,kl_to_reference,0.12861,0.001304,3
levenshtein,1519,kl_to_reference,0.123355,0.00624,3
levenshtein,1520,kl_to_reference,0.118943,0.004407,3
levenshtein,1521,kl_to_reference,0.115777,0.006848,3
levenshtein,1522,kl_to_reference,0.121392,0.002466,3
levenshtein,1523,kl_to_reference,0.123538,0.003617,3
levenshtein,1524,kl_to_reference,0.12034,0.002589,3
levenshtein,1525,kl_to_reference,0.115794,0.004073,3
levenshtein,1526,kl_to_reference,0.117081,0.009764,3
levenshtein,1527,kl_to_reference,0.117387,0.010398,3
levenshtein,1528,kl_to_reference,0.118414,0.005024,3
levenshtein,1529,kl_to_reference,0.123954,0.003725,3
levenshtein,1530,kl_to_reference,0.118612,0.002847,3
levenshtein,1531,kl_to_reference,0.120607,0.006451,3
levenshtein,1532,kl_to_reference,0.122673,0.00977,3
levenshtein,1533,kl_to_reference,0.122219,0.005487,3
levenshtein,1534,kl_to_reference,0.122067,0.007253,3
levenshtein,1535,kl_to_reference,0.120114,0.005271,3
levenshtein,1536,kl_to_reference,0.111796,0.00801,3
levenshtein,1537,kl_to_reference,0.118897,0.005333,3
levenshtein,1538,kl_to_reference,0.111857,0.002952,3
levenshtein,1539,kl_to_reference,0.113368,0.004011,3
levenshtein,1540,kl_to_reference,0.123778,0.005949,3
levenshtein,1541,kl_to_reference,0.119323,0.007398,3
levenshtein,1542,kl_to_reference,0.115414,0.003586,3
levenshtein,1543,kl_to_reference,0.117098,0.005222,3
levenshtein,1544,kl_to_reference,0.116455,0.004394,3
levenshtein,1545,kl_to_reference,0.112951,0.005265,3
levenshtein,1546,kl_to_reference,0.120737,0.008154,3
levenshtein,1547,kl_to_reference,0.118797,0.002614,3
levenshtein,1548,kl_to_reference,0.120861,0.003806,3
levenshtein,1549,kl_to_reference,0.124016,0.010651,3
levenshtein,1550,kl_to_reference,0.127466,0.003522,3
levenshtein,1551,kl_to_reference,0.12008,0.012694,3
levenshtein,1552,kl_to_reference,0.118812,0.014599,3
levenshtein,1553,kl_to_reference,0.121008,0.006509,3
levenshtein,1554,kl_to_reference,0.119475,0.012296,3
levenshtein,1555,kl_to_reference,0.124789,0.013316,3
levenshtein,1556,kl_to_reference,0.119696,0.009636,3
levenshtein,1557,kl_to_reference,0.128908,0.004973,3
levenshtein,1558,kl_to_reference,0.122109,0.003713,3
levenshtein,1559,kl_to_reference,0.121475,0.003953,3
levenshtein,1560,kl_to_reference,0.116615,0.00743,3
levenshtein,1561,kl_to_reference,0.12061,0.008995,3
levenshtein,1562,kl_to_reference,0.127995,0.010684,3
levenshtein,1563,kl_to_reference,0.119436,0.007428,3
levenshtein,1564,kl_to_reference,0.119734,0.003607,3
levenshtein,1565,kl_to_reference,0.122694,0.004763,3
levenshtein,1566,kl_to_reference,0.132316,0.009167,3
levenshtein,1567,kl_to_reference,0.119921,0.005119,3
levenshtein,1568,kl_to_reference,0.127394,0.009456,3
levenshtein,1569,kl_to_reference,0.115834,0.004585,3
levenshtein,1570,kl_to_reference,0.122982,0.007094,3
levenshtein,1571,kl_to_reference,0.111245,0.005854,3
levenshtein,1572,kl_to_reference,0.112447,0.009119,3
levenshtein,1573,kl_to_reference,0.114815,0.003068,3
levenshtein,1574,kl_to_reference,0.119679,0.008423,3
levenshtein,1575,kl_to_reference,0.122381,0.006968,3
levenshtein,1576,kl_to_reference,0.112749,0.008389,3
levenshtein,1577,kl_to_reference,0.123666,0.006273,3
levenshtein,1578,kl_to_reference,0.120384,0.005172,3
levenshtein,1579,kl_to_reference,0.11075,0.005167,3
levenshtein,1580,kl_to_reference,0.124425,0.002299,3
levenshtein,1581,kl_to_reference,0.1153,0.008134,3
levenshtein,1582,kl_to_reference,0.113461,0.002583,3
levenshtein,1583,kl_to_reference,0.127021,0.005426,3
levenshtein,1584,kl_to_reference,0.115707,0.003555,3
levenshtein,1585,kl_to_reference,0.122726,0.008568,3
levenshtein,1586,kl_to_reference,0.119257,0.004678,3
levenshtein,1587,kl_to_reference,0.124762,0.004999,3
levenshtein,1588,kl_to_reference,0.127815,0.003596,3
levenshtein,1589,kl_to_reference,0.127914,0.008988,3
levenshtein,1590,kl_to_reference,0.122592,0.000965,3
levenshtein,1591,kl_to_reference,0.124955,0.006103,3
levenshtein,1592,kl_to_reference,0.118768,0.004276,3
levenshtein,1593,kl_to_reference,0.121568,0.015569,3
levenshtein,1594,kl_to_reference,0.111051,0.003311,3
levenshtein,1595,kl_to_reference,0.117652,0.00517,3
levenshtein,1596,kl_to_reference,0.122021,0.002098,3
levenshtein,1597,kl_to_reference,0.126225,0.005527,3
levenshtein,1598,kl_to_reference,0.1187,0.005232,3
levenshtein,1599,kl_to_reference,0.120472,0.002605,3
levenshtein,1600,kl_to_reference,0.115383,0.007782,3
levenshtein,1601,kl_to_reference,0.122545,0.007357,3
levenshtein,1602,kl_to_reference,0.121772,0.001156,3
levenshtein,1603,kl_to_reference,0.117695,0.006568,3
levenshtein,1604,kl_to_reference,0.120495,0.008567,3
levenshtein,1605,kl_to_reference,0.119691,0.002943,3
levenshtein,1606,kl_to_reference,0.12424,0.00282,3
levenshtein,1607,kl_to_reference,0.120036,0.007278,3
levenshtein,1608,kl_to_reference,0.119532,0.008102,3
levenshtein,1609,kl_to_reference,0.121762,0.006392,3
levenshtein,1610,kl_to_reference,0.122455,0.003694,3
levenshtein,1611,kl_to_reference,0.12514,0.004397,3
levenshtein,1612,kl_to_reference,0.120523,0.006556,3
levenshtein,1613,kl_to_reference,0.127159,0.003716,3
levenshtein,1614,kl_to_reference,0.121267,0.008121,3
levenshtein,1615,kl_to_reference,0.134884,0.000388,3
levenshtein,1616,kl_to_reference,0.125269,0.00396,3
levenshtein,1617,kl_to_reference,0.128712,0.002587,3
levenshtein,1618,kl_to_reference,0.127396,0.003327,3
levenshtein,1619,kl_to_reference,0.125458,0.008666,3
levenshtein,1620,kl_to_reference,0.130382,0.007666,3
levenshtein,1621,kl_to_reference,0.122108,0.005396,3
levenshtein,1622,kl_to_reference,0.123617,0.005529,3
levenshtein,1623,kl_to_reference,0.11862,0.006864,3
levenshtein,1624,kl_to_reference,0.124506,0.008592,3
levenshtein,1625,kl_to_reference,0.13678,0.007149,3
levenshtein,1626,kl_to_reference,0.116369,0.004952,3
levenshtein,1627,kl_to_reference,0.126038,0.005695,3
levenshtein,1628,kl_to_reference,0.122649,0.002841,3
levenshtein,1629,kl_to_reference,0.121425,0.003321,3
levenshtein,1630,kl_to_reference,0.120501,0.003144,3
levenshtein,1631,kl_to_reference,0.124631,0.008879,3
levenshtein,1632,kl_to_reference,0.122263,0.000361,3
levenshtein,1633,kl_to_reference,0.125955,0.002562,3
levenshtein,1634,kl_to_reference,0.126644,0.008501,3
levenshtein,1635,kl_to_reference,0.118129,0.008228,3
levenshtein,1636,kl_to_reference,0.121495,0.012533,3
levenshtein,1637,kl_to_reference,0.116931,0.009294,3
levenshtein,1638,kl_to_reference,0.119846,0.004387,3
levenshtein,1639,kl_to_reference,0.12453,0.004811,3
levenshtein,1640,kl_to_reference,0.11682,0.003759,3
levenshtein,1641,kl_to_reference,0.115352,0.001822,3
levenshtein,1642,kl_to_reference,0.117456,0.005119,3
levenshtein,1643,kl_to_reference,0.117067,0.004584,3
levenshtein,1644,kl_to_reference,0.119204,0.001765,3
levenshtein,1645,kl_to_reference,0.121115,0.010007,3
levenshtein,1646,kl_to_reference,0.137153,0.005234,3
levenshtein,1647,kl_to_reference,0.121193,0.012896,3
levenshtein,1648,kl_to_reference,0.129509,0.004764,3
levenshtein,1649,kl_to_reference,0.1272,0.004405,3
levenshtein,1650,kl_to_reference,0.12702,0.005095,3
levenshtein,1651,kl_to_reference,0.11903,0.009202,3
levenshtein,1652,kl_to_reference,0.124781,0.004189,3
levenshtein,1653,kl_to_reference,0.12703,0.006009,3
levenshtein,1654,kl_to_reference,0.114206,0.00458,3
levenshtein,1655,kl_to_reference,0.12177,0.004571,3
levenshtein,1656,kl_to_reference,0.121151,0.001569,3
levenshtein,1657,kl_to_reference,0.11458,0.009289,3
levenshtein,1658,kl_to_reference,0.124635,0.004189,3
levenshtein,1659,kl_to_reference,0.116101,0.010689,3
levenshtein,1660,kl_to_reference,0.118581,0.006191,3
levenshtein,1661,kl_to_reference,0.126484,0.010294,3
levenshtein,1662,kl_to_reference,0.121187,0.007493,3
levenshtein,1663,kl_to_reference,0.125291,0.00477,3
levenshtein,1664,kl_to_reference,0.118187,0.006671,3
levenshtein,1665,kl_to_reference,0.120192,0.009479,3
levenshtein,1666,kl_to_reference,0.12586,0.000578,3
levenshtein,1667,kl_to_reference,0.125635,0.005456,3
levenshtein,1668,kl_to_reference,0.121441,0.007692,3
levenshtein,1669,kl_to_reference,0.127478,0.011665,3
levenshtein,1670,kl_to_reference,0.130932,0.010106,3
levenshtein,1671,kl_to_reference,0.122667,0.002447,3
levenshtein,1672,kl_to_reference,0.134129,0.013344,3
levenshtein,1673,kl_to_reference,0.131106,0.005221,3
levenshtein,1674,kl_to_reference,0.122612,0.013062,3
levenshtein,1675,kl_to_reference,0.128704,0.013864,3
levenshtein,1676,kl_to_reference,0.127564,0.008465,3
levenshtein,1677,kl_to_reference,0.121933,0.007211,3
levenshtein,1678,kl_to_reference,0.122502,0.005556,3
levenshtein,1679,kl_to_reference,0.119124,0.004314,3
levenshtein,1680,kl_to_reference,0.117025,0.00331,3
levenshtein,1681,kl_to_reference,0.120755,0.00551,3
levenshtein,1682,kl_to_reference,0.127483,0.006017,3
levenshtein,1683,kl_to_reference,0.128053,0.007946,3
levenshtein,1684,kl_to_reference,0.136326,0.005452,3
levenshtein,1685,kl_to_reference,0.121033,0.002746,3
levenshtein,1686,kl_to_reference,0.121481,0.009128,3
levenshtein,1687,kl_to_reference,0.125922,0.00899,3
levenshtein,1688,kl_to_reference,0.128973,0.005134,3
levenshtein,1689,kl_to_reference,0.112667,0.012894,3
levenshtein,1690,kl_to_reference,0.123485,0.013431,3
levenshtein,1691,kl_to_reference,0.124763,0.005114,3
levenshtein,1692,kl_to_reference,0.132114,0.001022,3
levenshtein,1693,kl_to_reference,0.122512,0.006694,3
levenshtein,1694,kl_to_reference,0.124195,0.002266,3
levenshtein,1695,kl_to_reference,0.118984,0.00964,3
levenshtein,1696,kl_to_reference,0.128084,0.002606,3
levenshtein,1697,kl_to_reference,0.112027,0.005639,3
levenshtein,1698,kl_to_reference,0.120031,0.0038,3
levenshtein,1699,kl_to_reference,0.128636,0.000932,3
levenshtein,1700,kl_to_reference,0.114544,0.003472,3
levenshtein,1701,kl_to_reference,0.12185,0.008261,3
levenshtein,1702,kl_to_reference,0.125899,0.008119,3
levenshtein,1703,kl_to_reference,0.123909,0.002633,3
levenshtein,1704,kl_to_reference,0.12454,0.012316,3
levenshtein,1705,kl_to_reference,0.127612,0.004303,3
levenshtein,1706,kl_to_reference,0.123149,0.012832,3
levenshtein,1707,kl_to_reference,0.133729,0.006003,3
levenshtein,1708,kl_to_reference,0.118254,0.009592,3
levenshtein,1709,kl_to_reference,0.122871,0.004831,3
levenshtein,1710,kl_to_reference,0.134371,0.007698,3
levenshtein,1711,kl_to_reference,0.123317,0.007144,3
levenshtein,1712,kl_to_reference,0.123442,0.007164,3
levenshtein,1713,kl_to_reference,0.121464,0.004029,3
levenshtein,1714,kl_to_reference,0.114666,0.01055,3
levenshtein,1715,kl_to_reference,0.117265,0.008979,3
levenshtein,1716,kl_to_reference,0.122131,0.006438,3
levenshtein,1717,kl_to_reference,0.127965,0.005587,3
levenshtein,1718,kl_to_reference,0.144732,0.002385,3
levenshtein,1719,kl_to_reference,0.126472,0.005658,3
levenshtein,1720,kl_to_reference,0.122948,0.008011,3
levenshtein,1721,kl_to_reference,0.127063,0.007008,3
levenshtein,1722,kl_to_reference,0.109569,0.008488,3
levenshtein,1723,kl_to_reference,0.120704,0.003983,3
levenshtein,1724,kl_to_reference,0.118392,0.001507,3
levenshtein,1725,kl_to_reference,0.117897,0.001254,3
levenshtein,1726,kl_to_reference,0.12683,0.008786,3
levenshtein,1727,kl_to_reference,0.117334,0.005955,3
levenshtein,1728,kl_to_reference,0.121494,0.009694,3
levenshtein,1729,kl_to_reference,0.133691,0.010019,3
levenshtein,1730,kl_to_reference,0.124018,0.001498,3
levenshtein,1731,kl_to_reference,0.128286,0.006049,3
levenshtein,1732,kl_to_reference,0.124884,0.012156,3
levenshtein,1733,kl_to_reference,0.126043,0.00483,3
levenshtein,1734,kl_to_reference,0.123617,0.003432,3
levenshtein,1735,kl_to_reference,0.127542,0.00559,3
levenshtein,1736,kl_to_reference,0.11717,0.00161,3
levenshtein,1737,kl_to_reference,0.12611,0.002357,3
levenshtein,1738,kl_to_reference,0.125362,0.003284,3
levenshtein,1739,kl_to_reference,0.118597,0.005876,3
levenshtein,1740,kl_to_reference,0.121777,0.007981,3
levenshtein,1741,kl_to_reference,0.122937,0.005811,3
levenshtein,1742,kl_to_reference,0.124871,0.000828,3
levenshtein,1743,kl_to_reference,0.121949,0.003405,3
levenshtein,1744,kl_to_reference,0.130252,0.008004,3
levenshtein,1745,kl_to_reference,0.12392,0.00577,3
levenshtein,1746,kl_to_reference,0.124888,0.006354,3
levenshtein,1747,kl_to_reference,0.125593,0.007932,3
levenshtein,1748,kl_to_reference,0.123445,0.014505,3
levenshtein,1749,kl_to_reference,0.128125,0.005811,3
levenshtein,1750,kl_to_reference,0.117088,0.00816,3
levenshtein,1751,kl_to_reference,0.122566,0.003773,3
levenshtein,1752,kl_to_reference,0.127675,0.004403,3
levenshtein,1753,kl_to_reference,0.115943,0.011314,3
levenshtein,1754,kl_to_reference,0.125031,0.008453,3
levenshtein,1755,kl_to_reference,0.121024,0.007136,3
levenshtein,1756,kl_to_reference,0.119308,0.006535,3
levenshtein,1757,kl_to_reference,0.111704,0.004857,3
levenshtein,1758,kl_to_reference,0.124282,0.012201,3
levenshtein,1759,kl_to_reference,0.123441,0.007331,3
levenshtein,1760,kl_to_reference,0.125853,0.004986,3
levenshtein,1761,kl_to_reference,0.115468,0.003382,3
levenshtein,1762,kl_to_reference,0.122491,0.00516,3
levenshtein,1763,kl_to_reference,0.119655,0.008584,3
levenshtein,1764,kl_to_reference,0.116664,0.00274,3
levenshtein,1765,kl_to_reference,0.119778,0.004618,3
levenshtein,1766,kl_to_reference,0.126447,0.004086,3
levenshtein,1767,kl_to_reference,0.114683,0.007301,3
levenshtein,1768,kl_to_reference,0.120745,0.008613,3
levenshtein,1769,kl_to_reference,0.118892,0.010257,3
levenshtein,1770,kl_to_reference,0.118957,0.008049,3
levenshtein,1771,kl_to_reference,0.119998,0.002231,3
levenshtein,1772,kl_to_reference,0.123038,0.006542,3
levenshtein,1773,kl_to_reference,0.128159,0.010106,3
levenshtein,1774,kl_to_reference,0.127448,0.003177,3
levenshtein,1775,kl_to_reference,0.123969,0.008858,3
levenshtein,1776,kl_to_reference,0.123846,0.005061,3
levenshtein,1777,kl_to_reference,0.120471,0.004564,3
levenshtein,1778,kl_to_reference,0.126227,0.010696,3
levenshtein,1779,kl_to_reference,0.124064,0.009303,3
levenshtein,1780,kl_to_reference,0.121315,0.004922,3
levenshtein,1781,kl_to_reference,0.118809,0.006291,3
levenshtein,1782,kl_to_reference,0.121218,0.002081,3
levenshtein,1783,kl_to_reference,0.132293,0.006916,3
levenshtein,1784,kl_to_reference,0.123809,0.002887,3
levenshtein,1785,kl_to_reference,0.1231,0.009386,3
levenshtein,1786,kl_to_reference,0.132074,0.002691,3
levenshtein,1787,kl_to_reference,0.126558,0.007147,3
levenshtein,1788,kl_to_reference,0.121099,0.006809,3
levenshtein,1789,kl_to_reference,0.125692,0.003581,3
levenshtein,1790,kl_to_reference,0.135708,0.001735,3
levenshtein,1791,kl_to_reference,0.122677,0.002115,3
levenshtein,1792,kl_to_reference,0.12646,0.003499,3
levenshtein,1793,kl_to_reference,0.121418,0.008172,3
levenshtein,1794,kl_to_reference,0.126944,0.007986,3
levenshtein,1795,kl_to_reference,0.12659,0.010485,3
levenshtein,1796,kl_to_reference,0.136135,0.004246,3
levenshtein,1797,kl_to_reference,0.122988,0.003977,3
levenshtein,1798,kl_to_reference,0.130179,0.005606,3
levenshtein,1799,kl_to_reference,0.122423,0.007003,3
levenshtein,1800,kl_to_reference,0.124625,0.007916,3
levenshtein,1801,kl_to_reference,0.123527,0.012068,3
levenshtein,1802,kl_to_reference,0.127658,0.003218,3
levenshtein,1803,kl_to_reference,0.122743,0.00207,3
levenshtein,1804,kl_to_reference,0.131815,0.005846,3
levenshtein,1805,kl_to_reference,0.127544,0.007729,3
levenshtein,1806,kl_to_reference,0.119346,0.010842,3
levenshtein,1807,kl_to_reference,0.126318,0.012204,3
levenshtein,1808,kl_to_reference,0.123294,0.01257,3
levenshtein,1809,kl_to_reference,0.134539,0.005491,3
levenshtein,1810,kl_to_reference,0.121368,0.002668,3
levenshtein,1811,kl_to_reference,0.131378,0.007702,3
levenshtein,1812,kl_to_reference,0.125025,0.005329,3
levenshtein,1813,kl_to_reference,0.130869,0.008461,3
levenshtein,1814,kl_to_reference,0.127384,0.002986,3
levenshtein,1815,kl_to_reference,0.135486,0.002042,3
levenshtein,1816,kl_to_reference,0.128046,0.005563,3
levenshtein,1817,kl_to_reference,0.131912,0.006985,3
levenshtein,1818,kl_to_reference,0.131208,0.004123,3
levenshtein,1819,kl_to_reference,0.136621,0.002778,3
levenshtein,1820,kl_to_reference,0.129906,0.007752,3
levenshtein,1821,kl_to_reference,0.132809,0.005905,3
levenshtein,1822,kl_to_reference,0.115041,0.00123,3
levenshtein,1823,kl_to_reference,0.124932,0.005817,3
levenshtein,1824,kl_to_reference,0.128898,0.00468,3
levenshtein,1825,kl_to_reference,0.136044,0.005489,3
levenshtein,1826,kl_to_reference,0.131667,0.009435,3
levenshtein,1827,kl_to_reference,0.135569,0.004842,3
levenshtein,1828,kl_to_reference,0.124981,0.014116,3
levenshtein,1829,kl_to_reference,0.141756,0.013996,3
levenshtein,1830,kl_to_reference,0.125462,0.006842,3
levenshtein,1831,kl_to_reference,0.131821,0.012405,3
levenshtein,1832,kl_to_reference,0.122174,0.007794,3
levenshtein,1833,kl_to_reference,0.125244,0.001709,3
levenshtein,1834,kl_to_reference,0.1324,0.002599,3
levenshtein,1835,kl_to_reference,0.126641,0.007709,3
levenshtein,1836,kl_to_reference,0.131414,0.008204,3
levenshtein,1837,kl_to_reference,0.12327,0.006643,3
levenshtein,1838,kl_to_reference,0.121882,0.003992,3
levenshtein,1839,kl_to_reference,0.130207,0.003046,3
levenshtein,1840,kl_to_reference,0.133549,0.009472,3
levenshtein,1841,kl_to_reference,0.128396,0.01107,3
levenshtein,1842,kl_to_reference,0.133377,0.004872,3
levenshtein,1843,kl_to_reference,0.126537,0.002551,3
levenshtein,1844,kl_to_reference,0.133782,0.006155,3
levenshtein,1845,kl_to_reference,0.117568,0.010564,3
levenshtein,1846,kl_to_reference,0.131596,0.004766,3
levenshtein,1847,kl_to_reference,0.136613,0.012151,3
levenshtein,1848,kl_to_reference,0.128547,0.01001,3
levenshtein,1849,kl_to_reference,0.129311,0.004146,3
levenshtein,1850,kl_to_reference,0.122413,0.012067,3
levenshtein,1851,kl_to_reference,0.129335,0.009702,3
levenshtein,1852,kl_to_reference,0.117871,0.007484,3
levenshtein,1853,kl_to_reference,0.134041,0.008409,3
levenshtein,1854,kl_to_reference,0.125988,0.010951,3
levenshtein,1855,kl_to_reference,0.132641,0.008377,3
levenshtein,1856,kl_to_reference,0.120595,0.006001,3
levenshtein,1857,kl_to_reference,0.123838,0.006608,3
levenshtein,1858,kl_to_reference,0.123597,0.003383,3
levenshtein,1859,kl_to_reference,0.121036,0.005274,3
levenshtein,1860,kl_to_reference,0.127984,0.00701,3
levenshtein,1861,kl_to_reference,0.130152,0.007408,3
levenshtein,1862,kl_to_reference,0.124509,0.009718,3
levenshtein,1863,kl_to_reference,0.127935,0.005308,3
levenshtein,1864,kl_to_reference,0.123341,0.005258,3
levenshtein,1865,kl_to_reference,0.12548,0.005992,3
levenshtein,1866,kl_to_reference,0.126073,0.004444,3
levenshtein,1867,kl_to_reference,0.12418,0.011614,3
levenshtein,1868,kl_to_reference,0.114908,0.006236,3
levenshtein,1869,kl_to_reference,0.134585,0.014116,3
levenshtein,1870,kl_to_reference,0.120685,0.007786,3
levenshtein,1871,kl_to_reference,0.135007,0.006438,3
levenshtein,1872,kl_to_reference,0.124247,0.013423,3
levenshtein,1873,kl_to_reference,0.121488,0.003869,3
levenshtein,1874,kl_to_reference,0.118798,0.012116,3
levenshtein,1875,kl_to_reference,0.122083,0.007658,3
levenshtein,1876,kl_to_reference,0.129365,0.00827,3
levenshtein,1877,kl_to_reference,0.123864,0.006684,3
levenshtein,1878,kl_to_reference,0.126433,0.003126,3
levenshtein,1879,kl_to_reference,0.121399,0.004106,3
levenshtein,1880,kl_to_reference,0.126977,0.001348,3
levenshtein,1881,kl_to_reference,0.12986,0.009176,3
levenshtein,1882,kl_to_reference,0.118738,0.01049,3
levenshtein,1883,kl_to_reference,0.12631,0.00289,3
levenshtein,1884,kl_to_reference,0.136344,0.013077,3
levenshtein,1885,kl_to_reference,0.12979,0.004576,3
levenshtein,1886,kl_to_reference,0.128343,0.010636,3
levenshtein,1887,kl_to_reference,0.129376,0.005414,3
levenshtein,1888,kl_to_reference,0.128848,0.013083,3
levenshtein,1889,kl_to_reference,0.125208,0.01035,3
levenshtein,1890,kl_to_reference,0.129469,0.012368,3
levenshtein,1891,kl_to_reference,0.132438,0.004543,3
levenshtein,1892,kl_to_reference,0.125948,0.00778,3
levenshtein,1893,kl_to_reference,0.117341,0.004164,3
levenshtein,1894,kl_to_reference,0.130919,0.003708,3
levenshtein,1895,kl_to_reference,0.131529,0.0088,3
levenshtein,1896,kl_to_reference,0.128225,0.008632,3
levenshtein,1897,kl_to_reference,0.13111,0.009096,3
levenshtein,1898,kl_to_reference,0.123188,0.001887,3
levenshtein,1899,kl_to_reference,0.125069,0.005718,3
levenshtein,1900,kl_to_reference,0.126922,0.007115,3
levenshtein,1901,kl_to_reference,0.131859,0.002431,3
levenshtein,1902,kl_to_reference,0.121678,0.00901,3
levenshtein,1903,kl_to_reference,0.129609,0.004808,3
levenshtein,1904,kl_to_reference,0.135699,0.0106,3
levenshtein,1905,kl_to_reference,0.127558,0.011783,3
levenshtein,1906,kl_to_reference,0.132249,0.004912,3
levenshtein,1907,kl_to_reference,0.131132,0.010316,3
levenshtein,1908,kl_to_reference,0.12782,0.006531,3
levenshtein,1909,kl_to_reference,0.128063,0.004793,3
levenshtein,1910,kl_to_reference,0.128407,0.003724,3
levenshtein,1911,kl_to_reference,0.119733,0.004016,3
levenshtein,1912,kl_to_reference,0.121184,0.0132,3
levenshtein,1913,kl_to_reference,0.127404,0.007608,3
levenshtein,1914,kl_to_reference,0.119208,0.003954,3
levenshtein,1915,kl_to_reference,0.132066,0.009757,3
levenshtein,1916,kl_to_reference,0.134799,0.002745,3
levenshtein,1917,kl_to_reference,0.12596,0.002783,3
levenshtein,1918,kl_to_reference,0.124479,0.012079,3
levenshtein,1919,kl_to_reference,0.126617,0.009315,3
levenshtein,1920,kl_to_reference,0.124345,0.00568,3
levenshtein,1921,kl_to_reference,0.130317,0.00566,3
levenshtein,1922,kl_to_reference,0.140171,0.00694,3
levenshtein,1923,kl_to_reference,0.122517,0.00853,3
levenshtein,1924,kl_to_reference,0.121349,0.004588,3
levenshtein,1925,kl_to_reference,0.123539,0.001135,3
levenshtein,1926,kl_to_reference,0.120836,0.010181,3
levenshtein,1927,kl_to_reference,0.116767,0.009225,3
levenshtein,1928,kl_to_reference,0.124125,0.004538,3
levenshtein,1929,kl_to_reference,0.123581,0.003792,3
levenshtein,1930,kl_to_reference,0.119107,0.00841,3
levenshtein,1931,kl_to_reference,0.122843,0.002534,3
levenshtein,1932,kl_to_reference,0.121599,0.005227,3
levenshtein,1933,kl_to_reference,0.116479,0.003802,3
levenshtein,1934,kl_to_reference,0.123299,0.005745,3
levenshtein,1935,kl_to_reference,0.12393,0.005139,3
levenshtein,1936,kl_to_reference,0.131657,0.005358,3
levenshtein,1937,kl_to_reference,0.130051,0.011103,3
levenshtein,1938,kl_to_reference,0.128354,0.008912,3
levenshtein,1939,kl_to_reference,0.127333,0.00691,3
levenshtein,1940,kl_to_reference,0.1322,0.005848,3
levenshtein,1941,kl_to_reference,0.131788,0.006724,3
levenshtein,1942,kl_to_reference,0.119251,0.005493,3
levenshtein,1943,kl_to_reference,0.136907,0.008372,3
levenshtein,1944,kl_to_reference,0.131415,0.011714,3
levenshtein,1945,kl_to_reference,0.130711,0.005385,3
levenshtein,1946,kl_to_reference,0.12597,0.005084,3
levenshtein,1947,kl_to_reference,0.122683,0.004194,3
levenshtein,1948,kl_to_reference,0.124174,0.005547,3
levenshtein,1949,kl_to_reference,0.128449,0.006563,3
levenshtein,1950,kl_to_reference,0.132296,0.002538,3
levenshtein,1951,kl_to_reference,0.125077,0.006138,3
levenshtein,1952,kl_to_reference,0.122719,0.005626,3
levenshtein,1953,kl_to_reference,0.120866,0.015741,3
levenshtein,1954,kl_to_reference,0.125871,0.003939,3
levenshtein,1955,kl_to_reference,0.124797,0.00658,3
levenshtein,1956,kl_to_reference,0.124899,0.005736,3
levenshtein,1957,kl_to_reference,0.12104,0.007129,3
levenshtein,1958,kl_to_reference,0.127475,0.008752,3
levenshtein,1959,kl_to_reference,0.127142,0.008549,3
levenshtein,1960,kl_to_reference,0.129822,0.005536,3
levenshtein,1961,kl_to_reference,0.128141,0.002067,3
levenshtein,1962,kl_to_reference,0.12838,0.003772,3
levenshtein,1963,kl_to_reference,0.131137,0.005219,3
levenshtein,1964,kl_to_reference,0.132525,0.004984,3
levenshtein,1965,kl_to_reference,0.124643,0.008227,3
levenshtein,1966,kl_to_reference,0.123034,0.005101,3
levenshtein,1967,kl_to_reference,0.122976,0.006644,3
levenshtein,1968,kl_to_reference,0.132073,0.013173,3
levenshtein,1969,kl_to_reference,0.139301,0.002664,3
levenshtein,1970,kl_to_reference,0.124981,0.0022,3
levenshtein,1971,kl_to_reference,0.133489,0.006783,3
levenshtein,1972,kl_to_reference,0.125448,0.002489,3
levenshtein,1973,kl_to_reference,0.118163,0.003217,3
levenshtein,1974,kl_to_reference,0.134793,0.006985,3
levenshtein,1975,kl_to_reference,0.124367,0.003398,3
levenshtein,1976,kl_to_reference,0.133915,0.01265,3
levenshtein,1977,kl_to_reference,0.136516,0.003395,3
levenshtein,1978,kl_to_reference,0.123957,0.00347,3
levenshtein,1979,kl_to_reference,0.12926,0.007341,3
levenshtein,1980,kl_to_reference,0.130681,0.00606,3
levenshtein,1981,kl_to_reference,0.129666,0.01009,3
levenshtein,1982,kl_to_reference,0.124874,0.010584,3
levenshtein,1983,kl_to_reference,0.11384,0.002366,3
levenshtein,1984,kl_to_reference,0.1265,0.006199,3
levenshtein,1985,kl_to_reference,0.128946,0.002729,3
levenshtein,1986,kl_to_reference,0.118531,0.007558,3
levenshtein,1987,kl_to_reference,0.124992,0.005676,3
levenshtein,1988,kl_to_reference,0.134521,0.005235,3
levenshtein,1989,kl_to_reference,0.130596,0.003407,3
levenshtein,1990,kl_to_reference,0.125304,0.004092,3
levenshtein,1991,kl_to_reference,0.126115,0.00787,3
levenshtein,1992,kl_to_reference,0.127946,0.00312,3
levenshtein,1993,kl_to_reference,0.132576,0.007429,3
levenshtein,1994,kl_to_reference,0.128145,0.007899,3
levenshtein,1995,kl_to_reference,0.125423,0.00419,3
levenshtein,1996,kl_to_reference,0.130261,0.011342,3
levenshtein,1997,kl_to_reference,0.137002,0.008025,3
levenshtein,1998,kl_to_reference,0.123959,0.004582,3
levenshtein,1999,kl_to_reference,0.125679,0.001499,3
levenshtein,2000,kl_to_reference,0.122261,0.001866,3
levenshtein,2001,kl_to_reference,0.127897,0.005361,3
levenshtein,2002,kl_to_reference,0.12355,0.008988,3
levenshtein,2003,kl_to_reference,0.130422,0.011974,3
levenshtein,2004,kl_to_reference,0.123232,0.008046,3
levenshtein,2005,kl_to_reference,0.12499,0.011668,3
levenshtein,2006,kl_to_reference,0.125822,0.014776,3
levenshtein,2007,kl_to_reference,0.128366,0.011629,3
levenshtein,2008,kl_to_reference,0.131973,0.008355,3
levenshtein,2009,kl_to_reference,0.11714,0.004205,3
levenshtein,2010,kl_to_reference,0.133587,0.005801,3
levenshtein,2011,kl_to_reference,0.128127,0.003742,3
levenshtein,2012,kl_to_reference,0.130103,0.007952,3
levenshtein,2013,kl_to_reference,0.127024,0.004082,3
levenshtein,2014,kl_to_reference,0.118299,0.010104,3
levenshtein,2015,kl_to_reference,0.128508,0.007666,3
levenshtein,2016,kl_to_reference,0.116527,0.005317,3
levenshtein,2017,kl_to_reference,0.121334,0.009769,3
levenshtein,2018,kl_to_reference,0.120858,0.015428,3
levenshtein,2019,kl_to_reference,0.125172,0.009864,3
levenshtein,2020,kl_to_reference,0.12764,0.00638,3
levenshtein,2021,kl_to_reference,0.124027,0.004563,3
levenshtein,2022,kl_to_reference,0.120502,0.004574,3
levenshtein,2023,kl_to_reference,0.133143,0.003488,3
levenshtein,2024,kl_to_reference,0.123543,0.010572,3
levenshtein,2025,kl_to_reference,0.122373,0.015435,3
levenshtein,2026,kl_to_reference,0.129006,0.003079,3
levenshtein,2027,kl_to_reference,0.127342,0.00105,3
levenshtein,2028,kl_to_reference,0.127133,0.002789,3
levenshtein,2029,kl_to_reference,0.123575,0.003369,3
levenshtein,2030,kl_to_reference,0.131531,0.014262,3
levenshtein,2031,kl_to_reference,0.123815,0.004635,3
levenshtein,2032,kl_to_reference,0.12088,0.008839,3
levenshtein,2033,kl_to_reference,0.120735,0.007724,3
levenshtein,2034,kl_to_reference,0.130271,0.004424,3
levenshtein,2035,kl_to_reference,0.127275,0.007701,3
levenshtein,2036,kl_to_reference,0.12027,0.004749,3
levenshtein,2037,kl_to_reference,0.119726,0.00377,3
levenshtein,2038,kl_to_reference,0.121857,0.006516,3
levenshtein,2039,kl_to_reference,0.127141,0.002281,3
levenshtein,2040,kl_to_reference,0.121866,0.004708,3
levenshtein,2041,kl_to_reference,0.118539,0.002686,3
levenshtein,2042,kl_to_reference,0.128942,0.001834,3
levenshtein,2043,kl_to_reference,0.124469,0.004393,3
levenshtein,2044,kl_to_reference,0.123782,0.001073,3
levenshtein,2045,kl_to_reference,0.126655,0.002011,3
levenshtein,2046,kl_to_reference,0.121802,0.003875,3
levenshtein,2047,kl_to_reference,0.129571,0.002399,3
levenshtein,2048,kl_to_reference,0.124162,0.003959,3
levenshtein,2049,kl_to_reference,0.127679,0.009825,3
levenshtein,2050,kl_to_reference,0.128833,0.002146,3
levenshtein,2051,kl_to_reference,0.129203,0.00215,3
levenshtein,2052,kl_to_reference,0.128081,0.008473,3
levenshtein,2053,kl_to_reference,0.130542,0.007626,3
levenshtein,2054,kl_to_reference,0.127966,0.00481,3
levenshtein,2055,kl_to_reference,0.119411,0.008633,3
levenshtein,2056,kl_to_reference,0.129666,0.004275,3
levenshtein,2057,kl_to_reference,0.121957,0.007533,3
levenshtein,2058,kl_to_reference,0.126682,0.013196,3
levenshtein,2059,kl_to_reference,0.12629,0.00871,3
levenshtein,2060,kl_to_reference,0.121892,0.002335,3
levenshtein,2061,kl_to_reference,0.128363,0.009761,3
levenshtein,2062,kl_to_reference,0.124045,0.014011,3
levenshtein,2063,kl_to_reference,0.131769,0.010458,3
levenshtein,2064,kl_to_reference,0.122145,0.010353,3
levenshtein,2065,kl_to_reference,0.127752,0.001798,3
levenshtein,2066,kl_to_reference,0.129765,0.007812,3
levenshtein,2067,kl_to_reference,0.126026,0.008653,3
levenshtein,2068,kl_to_reference,0.128998,0.010071,3
levenshtein,2069,kl_to_reference,0.125745,0.004961,3
levenshtein,2070,kl_to_reference,0.12266,0.002541,3
levenshtein,2071,kl_to_reference,0.127154,0.001949,3
levenshtein,2072,kl_to_reference,0.128236,0.003387,3
levenshtein,2073,kl_to_reference,0.121422,0.006589,3
levenshtein,2074,kl_to_reference,0.126925,0.003285,3
levenshtein,2075,kl_to_reference,0.124643,0.001599,3
levenshtein,2076,kl_to_reference,0.134948,0.00435,3
levenshtein,2077,kl_to_reference,0.131617,0.005917,3
levenshtein,2078,kl_to_reference,0.126653,0.003231,3
levenshtein,2079,kl_to_reference,0.127274,0.003311,3
levenshtein,2080,kl_to_reference,0.126479,0.005586,3
levenshtein,2081,kl_to_reference,0.129095,0.006616,3
levenshtein,2082,kl_to_reference,0.115809,0.010475,3
levenshtein,2083,kl_to_reference,0.127142,0.004229,3
levenshtein,2084,kl_to_reference,0.12657,0.007011,3
levenshtein,2085,kl_to_reference,0.125594,0.001307,3
levenshtein,2086,kl_to_reference,0.120077,0.007417,3
levenshtein,2087,kl_to_reference,0.13347,0.0068,3
levenshtein,2088,kl_to_reference,0.126147,0.008339,3
levenshtein,2089,kl_to_reference,0.128849,0.006158,3
levenshtein,2090,kl_to_reference,0.138074,0.007704,3
levenshtein,2091,kl_to_reference,0.129525,0.012665,3
levenshtein,2092,kl_to_reference,0.12904,0.005457,3
levenshtein,2093,kl_to_reference,0.117329,0.004659,3
levenshtein,2094,kl_to_reference,0.123637,0.004477,3
levenshtein,2095,kl_to_reference,0.117857,0.008324,3
levenshtein,2096,kl_to_reference,0.135754,0.011567,3
levenshtein,2097,kl_to_reference,0.118187,0.004746,3
levenshtein,2098,kl_to_reference,0.123548,0.009569,3
levenshtein,2099,kl_to_reference,0.125185,0.00949,3
levenshtein,2100,kl_to_reference,0.128019,0.006374,3
levenshtein,2101,kl_to_reference,0.118579,0.014752,3
levenshtein,2102,kl_to_reference,0.114963,0.00195,3
levenshtein,2103,kl_to_reference,0.11655,0.009305,3
levenshtein,2104,kl_to_reference,0.127207,0.011078,3
levenshtein,2105,kl_to_reference,0.121629,0.006059,3
levenshtein,2106,kl_to_reference,0.120996,0.003038,3
levenshtein,2107,kl_to_reference,0.127109,0.004137,3
levenshtein,2108,kl_to_reference,0.117698,0.005219,3
levenshtein,2109,kl_to_reference,0.132865,0.004413,3
levenshtein,2110,kl_to_reference,0.12451,0.005161,3
levenshtein,2111,kl_to_reference,0.122465,0.001483,3
levenshtein,2112,kl_to_reference,0.124918,0.003425,3
levenshtein,2113,kl_to_reference,0.132333,0.009108,3
levenshtein,2114,kl_to_reference,0.128944,0.007522,3
levenshtein,2115,kl_to_reference,0.118062,0.004971,3
levenshtein,2116,kl_to_reference,0.121078,0.009035,3
levenshtein,2117,kl_to_reference,0.128346,0.01201,3
levenshtein,2118,kl_to_reference,0.130868,0.001999,3
levenshtein,2119,kl_to_reference,0.128798,0.009073,3
levenshtein,2120,kl_to_reference,0.133607,0.003387,3
levenshtein,2121,kl_to_reference,0.130353,0.011888,3
levenshtein,2122,kl_to_reference,0.125954,0.004832,3
levenshtein,2123,kl_to_reference,0.132256,0.007737,3
levenshtein,2124,kl_to_reference,0.127955,0.005402,3
levenshtein,2125,kl_to_reference,0.13337,0.009827,3
levenshtein,2126,kl_to_reference,0.125569,0.00019,3
levenshtein,2127,kl_to_reference,0.115543,0.005625,3
levenshtein,2128,kl_to_reference,0.12394,0.005809,3
levenshtein,2129,kl_to_reference,0.127423,0.012973,3
levenshtein,2130,kl_to_reference,0.129265,0.00985,3
levenshtein,2131,kl_to_reference,0.125978,0.006822,3
levenshtein,2132,kl_to_reference,0.132898,0.009006,3
levenshtein,2133,kl_to_reference,0.128466,0.006159,3
levenshtein,2134,kl_to_reference,0.128756,0.003001,3
levenshtein,2135,kl_to_reference,0.133616,0.01059,3
levenshtein,2136,kl_to_reference,0.125904,0.006628,3
levenshtein,2137,kl_to_reference,0.128415,0.006439,3
levenshtein,2138,kl_to_reference,0.134377,0.0063,3
levenshtein,2139,kl_to_reference,0.132007,0.00443,3
levenshtein,2140,kl_to_reference,0.118056,0.006125,3
levenshtein,2141,kl_to_reference,0.137552,0.002529,3
levenshtein,2142,kl_to_reference,0.125055,0.003694,3
levenshtein,2143,kl_to_reference,0.12362,0.000933,3
levenshtein,2144,kl_to_reference,0.127946,0.001122,3
levenshtein,2145,kl_to_reference,0.122951,0.005215,3
levenshtein,2146,kl_to_reference,0.129065,0.009358,3
levenshtein,2147,kl_to_reference,0.124623,0.002291,3
levenshtein,2148,kl_to_reference,0.138622,0.016669,3
levenshtein,2149,kl_to_reference,0.133269,0.00633,3
levenshtein,2150,kl_to_reference,0.131413,0.001038,3
levenshtein,2151,kl_to_reference,0.125833,0.002137,3
levenshtein,2152,kl_to_reference,0.130352,0.013303,3
levenshtein,2153,kl_to_reference,0.132087,0.007544,3
levenshtein,2154,kl_to_reference,0.131709,0.004183,3
levenshtein,2155,kl_to_reference,0.126786,0.001595,3
levenshtein,2156,kl_to_reference,0.134415,0.009064,3
levenshtein,2157,kl_to_reference,0.127915,0.003499,3
levenshtein,2158,kl_to_reference,0.133759,0.001498,3
levenshtein,2159,kl_to_reference,0.127643,0.003696,3
levenshtein,2160,kl_to_reference,0.129416,0.011007,3
levenshtein,2161,kl_to_reference,0.141226,0.010235,3
levenshtein,2162,kl_to_reference,0.139768,0.010115,3
levenshtein,2163,kl_to_reference,0.131766,0.007991,3
levenshtein,2164,kl_to_reference,0.131348,0.014709,3
levenshtein,2165,kl_to_reference,0.131641,0.00413,3
levenshtein,2166,kl_to_reference,0.130302,0.011508,3
levenshtein,2167,kl_to_reference,0.127982,0.002723,3
levenshtein,2168,kl_to_reference,0.130173,0.008067,3
levenshtein,2169,kl_to_reference,0.121622,0.004803,3
levenshtein,2170,kl_to_reference,0.122998,0.008645,3
levenshtein,2171,kl_to_reference,0.134093,0.009796,3
levenshtein,2172,kl_to_reference,0.128314,0.004494,3
levenshtein,2173,kl_to_reference,0.126405,0.008078,3
levenshtein,2174,kl_to_reference,0.129099,0.0016,3
levenshtein,2175,kl_to_reference,0.129044,0.007877,3
levenshtein,2176,kl_to_reference,0.135934,0.003375,3
levenshtein,2177,kl_to_reference,0.130134,0.006424,3
levenshtein,2178,kl_to_reference,0.126966,0.006592,3
levenshtein,2179,kl_to_reference,0.122228,0.000837,3
levenshtein,2180,kl_to_reference,0.129217,0.006729,3
levenshtein,2181,kl_to_reference,0.131064,0.004016,3
levenshtein,2182,kl_to_reference,0.121364,0.007859,3
levenshtein,2183,kl_to_reference,0.129577,0.00803,3
levenshtein,2184,kl_to_reference,0.132152,0.011113,3
levenshtein,2185,kl_to_reference,0.13933,0.018252,3
levenshtein,2186,kl_to_reference,0.131402,0.007533,3
levenshtein,2187,kl_to_reference,0.121866,0.003576,3
levenshtein,2188,kl_to_reference,0.116162,0.001479,3
levenshtein,2189,kl_to_reference,0.134553,0.003225,3
levenshtein,2190,kl_to_reference,0.140885,0.012187,3
levenshtein,2191,kl_to_reference,0.124023,0.015645,3
levenshtein,2192,kl_to_reference,0.137279,0.011376,3
levenshtein,2193,kl_to_reference,0.131309,0.006599,3
levenshtein,2194,kl_to_reference,0.137557,0.013122,3
levenshtein,2195,kl_to_reference,0.129379,0.002727,3
levenshtein,2196,kl_to_reference,0.131899,0.009311,3
levenshtein,2197,kl_to_reference,0.128111,0.006809,3
levenshtein,2198,kl_to_reference,0.132735,0.004902,3
levenshtein,2199,kl_to_reference,0.130246,0.004329,3
levenshtein,2200,kl_to_reference,0.128322,0.00423,3
levenshtein,2201,kl_to_reference,0.1236,0.011845,3
levenshtein,2202,kl_to_reference,0.133709,0.005942,3
levenshtein,2203,kl_to_reference,0.129411,0.003456,3
levenshtein,2204,kl_to_reference,0.125064,0.002018,3
levenshtein,2205,kl_to_reference,0.133604,0.003273,3
levenshtein,2206,kl_to_reference,0.130999,0.008678,3
levenshtein,2207,kl_to_reference,0.132216,0.003194,3
levenshtein,2208,kl_to_reference,0.130406,0.006938,3
levenshtein,2209,kl_to_reference,0.125324,0.010443,3
levenshtein,2210,kl_to_reference,0.128497,0.004659,3
levenshtein,2211,kl_to_reference,0.122546,0.00655,3
levenshtein,2212,kl_to_reference,0.136894,0.005759,3
levenshtein,2213,kl_to_reference,0.125142,0.003046,3
levenshtein,2214,kl_to_reference,0.133543,0.009507,3
levenshtein,2215,kl_to_reference,0.11735,0.00839,3
levenshtein,2216,kl_to_reference,0.12418,0.00771,3
levenshtein,2217,kl_to_reference,0.131136,0.005622,3
levenshtein,2218,kl_to_reference,0.123104,0.006663,3
levenshtein,2219,kl_to_reference,0.125751,0.007045,3
levenshtein,2220,kl_to_reference,0.124503,0.005453,3
levenshtein,2221,kl_to_reference,0.123113,0.007687,3
levenshtein,2222,kl_to_reference,0.129397,0.001713,3
levenshtein,2223,kl_to_reference,0.134171,0.010444,3
levenshtein,2224,kl_to_reference,0.126599,0.005989,3
levenshtein,2225,kl_to_reference,0.126147,0.003247,3
levenshtein,2226,kl_to_reference,0.127114,0.006165,3
levenshtein,2227,kl_to_reference,0.131797,0.009319,3
levenshtein,2228,kl_to_reference,0.129671,0.00401,3
levenshtein,2229,kl_to_reference,0.132848,0.003569,3
levenshtein,2230,kl_to_reference,0.129752,0.003691,3
levenshtein,2231,kl_to_reference,0.13238,0.010944,3
levenshtein,2232,kl_to_reference,0.142067,0.000683,3
levenshtein,2233,kl_to_reference,0.138094,0.00734,3
levenshtein,2234,kl_to_reference,0.141928,0.011213,3
levenshtein,2235,kl_to_reference,0.131611,0.010613,3
levenshtein,2236,kl_to_reference,0.133362,0.007032,3
levenshtein,2237,kl_to_reference,0.138929,0.014533,3
levenshtein,2238,kl_to_reference,0.140794,0.006134,3
levenshtein,2239,kl_to_reference,0.135756,0.0028,3
levenshtein,2240,kl_to_reference,0.130692,0.002311,3
levenshtein,2241,kl_to_reference,0.134611,0.005337,3
levenshtein,2242,kl_to_reference,0.134881,0.002739,3
levenshtein,2243,kl_to_reference,0.138017,0.014301,3
levenshtein,2244,kl_to_reference,0.137668,0.011648,3
levenshtein,2245,kl_to_reference,0.120933,0.004859,3
levenshtein,2246,kl_to_reference,0.118914,0.005664,3
levenshtein,2247,kl_to_reference,0.129928,0.004586,3
levenshtein,2248,kl_to_reference,0.12807,0.008382,3
levenshtein,2249,kl_to_reference,0.128649,0.007166,3
levenshtein,2250,kl_to_reference,0.131921,0.002988,3
levenshtein,2251,kl_to_reference,0.126442,0.00901,3
levenshtein,2252,kl_to_reference,0.12202,0.003746,3
levenshtein,2253,kl_to_reference,0.126781,0.00453,3
levenshtein,2254,kl_to_reference,0.132441,0.010139,3
levenshtein,2255,kl_to_reference,0.136765,0.01406,3
levenshtein,2256,kl_to_reference,0.122897,0.005251,3
levenshtein,2257,kl_to_reference,0.129992,0.00507,3
levenshtein,2258,kl_to_reference,0.125632,0.00416,3
levenshtein,2259,kl_to_reference,0.133279,0.003578,3
levenshtein,2260,kl_to_reference,0.131981,0.006367,3
levenshtein,2261,kl_to_reference,0.12856,0.008573,3
levenshtein,2262,kl_to_reference,0.12969,0.009993,3
levenshtein,2263,kl_to_reference,0.125738,0.00437,3
levenshtein,2264,kl_to_reference,0.132053,0.004508,3
levenshtein,2265,kl_to_reference,0.119023,0.00414,3
levenshtein,2266,kl_to_reference,0.129172,0.004175,3
levenshtein,2267,kl_to_reference,0.133448,0.003363,3
levenshtein,2268,kl_to_reference,0.130241,0.005984,3
levenshtein,2269,kl_to_reference,0.128029,0.004579,3
levenshtein,2270,kl_to_reference,0.132561,0.002487,3
levenshtein,2271,kl_to_reference,0.129822,0.016245,3
levenshtein,2272,kl_to_reference,0.122059,0.004647,3
levenshtein,2273,kl_to_reference,0.125988,0.008298,3
levenshtein,2274,kl_to_reference,0.130176,0.010484,3
levenshtein,2275,kl_to_reference,0.135784,0.005072,3
levenshtein,2276,kl_to_reference,0.12763,0.006921,3
levenshtein,2277,kl_to_reference,0.12558,0.009644,3
levenshtein,2278,kl_to_reference,0.120835,0.003205,3
levenshtein,2279,kl_to_reference,0.123534,0.000411,3
levenshtein,2280,kl_to_reference,0.130415,0.00824,3
levenshtein,2281,kl_to_reference,0.122936,0.01353,3
levenshtein,2282,kl_to_reference,0.121752,0.012605,3
levenshtein,2283,kl_to_reference,0.123284,0.002827,3
levenshtein,2284,kl_to_reference,0.13976,0.003033,3
levenshtein,2285,kl_to_reference,0.128136,0.014389,3
levenshtein,2286,kl_to_reference,0.123233,0.004425,3
levenshtein,2287,kl_to_reference,0.134976,0.016374,3
levenshtein,2288,kl_to_reference,0.126977,0.011388,3
levenshtein,2289,kl_to_reference,0.123877,0.007231,3
levenshtein,2290,kl_to_reference,0.12059,0.003488,3
levenshtein,2291,kl_to_reference,0.132865,0.005177,3
levenshtein,2292,kl_to_reference,0.131416,0.010469,3
levenshtein,2293,kl_to_reference,0.128703,0.006481,3
levenshtein,2294,kl_to_reference,0.134434,0.005471,3
levenshtein,2295,kl_to_reference,0.125608,0.008904,3
levenshtein,2296,kl_to_reference,0.12883,0.005845,3
levenshtein,2297,kl_to_reference,0.129212,0.005222,3
levenshtein,2298,kl_to_reference,0.119686,0.00448,3
levenshtein,2299,kl_to_reference,0.118523,0.006474,3
levenshtein,2300,kl_to_reference,0.125922,0.001426,3
levenshtein,2301,kl_to_reference,0.130689,0.007532,3
levenshtein,2302,kl_to_reference,0.117493,0.000864,3
levenshtein,2303,kl_to_reference,0.134292,0.005864,3
levenshtein,2304,kl_to_reference,0.138472,0.003063,3
levenshtein,2305,kl_to_reference,0.130808,0.003775,3
levenshtein,2306,kl_to_reference,0.124553,0.008481,3
levenshtein,2307,kl_to_reference,0.135599,0.009797,3
levenshtein,2308,kl_to_reference,0.121907,0.007275,3
levenshtein,2309,kl_to_reference,0.137513,0.002147,3
levenshtein,2310,kl_to_reference,0.127898,0.004222,3
levenshtein,2311,kl_to_reference,0.127912,0.009962,3
levenshtein,2312,kl_to_reference,0.129433,0.001818,3
levenshtein,2313,kl_to_reference,0.133171,0.006104,3
levenshtein,2314,kl_to_reference,0.13381,0.011152,3
levenshtein,2315,kl_to_reference,0.13227,0.010451,3
levenshtein,2316,kl_to_reference,0.128598,0.001346,3
levenshtein,2317,kl_to_reference,0.128449,0.003679,3
levenshtein,2318,kl_to_reference,0.132489,0.004126,3
levenshtein,2319,kl_to_reference,0.118733,0.000625,3
levenshtein,2320,kl_to_reference,0.132472,0.008779,3
levenshtein,2321,kl_to_reference,0.131454,0.004763,3
levenshtein,2322,kl_to_reference,0.128349,0.012995,3
levenshtein,2323,kl_to_reference,0.13171,0.007649,3
levenshtein,2324,kl_to_reference,0.127491,0.006245,3
levenshtein,2325,kl_to_reference,0.120809,0.007217,3
levenshtein,2326,kl_to_reference,0.130607,0.004529,3
levenshtein,2327,kl_to_reference,0.124388,0.01,3
levenshtein,2328,kl_to_reference,0.123556,0.001941,3
levenshtein,2329,kl_to_reference,0.126702,0.006094,3
levenshtein,2330,kl_to_reference,0.13079,0.010098,3
levenshtein,2331,kl_to_reference,0.127857,0.000938,3
levenshtein,2332,kl_to_reference,0.123084,0.004219,3
levenshtein,2333,kl_to_reference,0.127663,0.005399,3
levenshtein,2334,kl_to_reference,0.125841,0.006497,3
levenshtein,2335,kl_to_reference,0.128898,0.005777,3
levenshtein,2336,kl_to_reference,0.133153,0.009361,3
levenshtein,2337,kl_to_reference,0.125531,0.006904,3
levenshtein,2338,kl_to_reference,0.130747,0.007676,3
levenshtein,2339,kl_to_reference,0.129172,0.009856,3
levenshtein,2340,kl_to_reference,0.120316,0.006474,3
levenshtein,2341,kl_to_reference,0.135065,0.008607,3
levenshtein,2342,kl_to_reference,0.140799,0.002761,3
levenshtein,2343,kl_to_reference,0.130664,0.01662,3
levenshtein,2344,kl_to_reference,0.128695,0.003449,3
levenshtein,2345,kl_to_reference,0.127897,0.008158,3
levenshtein,2346,kl_to_reference,0.133935,0.004202,3
levenshtein,2347,kl_to_reference,0.119984,0.003829,3
levenshtein,2348,kl_to_reference,0.129749,0.001353,3
levenshtein,2349,kl_to_reference,0.12619,0.011916,3
levenshtein,2350,kl_to_reference,0.125776,0.003782,3
levenshtein,2351,kl_to_reference,0.129125,0.006474,3
levenshtein,2352,kl_to_reference,0.127897,0.008413,3
levenshtein,2353,kl_to_reference,0.121952,0.0071,3
levenshtein,2354,kl_to_reference,0.124323,0.010855,3
levenshtein,2355,kl_to_reference,0.128082,0.004988,3
levenshtein,2356,kl_to_reference,0.124227,0.011906,3
levenshtein,2357,kl_to_reference,0.127436,0.005195,3
levenshtein,2358,kl_to_reference,0.124947,0.010693,3
levenshtein,2359,kl_to_reference,0.11838,0.008368,3
levenshtein,2360,kl_to_reference,0.131472,0.010319,3
levenshtein,2361,kl_to_reference,0.128916,0.008496,3
levenshtein,2362,kl_to_reference,0.131066,0.009709,3
levenshtein,2363,kl_to_reference,0.118032,0.007043,3
levenshtein,2364,kl_to_reference,0.12838,0.005889,3
levenshtein,2365,kl_to_reference,0.11762,0.007619,3
levenshtein,2366,kl_to_reference,0.125976,0.014355,3
levenshtein,2367,kl_to_reference,0.130996,0.008561,3
levenshtein,2368,kl_to_reference,0.128818,0.006693,3
levenshtein,2369,kl_to_reference,0.13552,0.003814,3
levenshtein,2370,kl_to_reference,0.133657,0.005008,3
levenshtein,2371,kl_to_reference,0.128958,0.007179,3
levenshtein,2372,kl_to_reference,0.127366,0.002908,3
levenshtein,2373,kl_to_reference,0.129238,0.00529,3
levenshtein,2374,kl_to_reference,0.124599,0.007212,3
levenshtein,2375,kl_to_reference,0.126466,0.001662,3
levenshtein,2376,kl_to_reference,0.127304,0.003648,3
levenshtein,2377,kl_to_reference,0.125193,0.005226,3
levenshtein,2378,kl_to_reference,0.126213,0.007766,3
levenshtein,2379,kl_to_reference,0.131347,0.002518,3
levenshtein,2380,kl_to_reference,0.14101,0.013031,3
levenshtein,2381,kl_to_reference,0.133041,0.008468,3
levenshtein,2382,kl_to_reference,0.133978,0.002926,3
levenshtein,2383,kl_to_reference,0.132551,0.011498,3
levenshtein,2384,kl_to_reference,0.137092,0.010219,3
levenshtein,2385,kl_to_reference,0.13215,0.002405,3
levenshtein,2386,kl_to_reference,0.13316,0.00276,3
levenshtein,2387,kl_to_reference,0.135763,0.006079,3
levenshtein,2388,kl_to_reference,0.13761,0.006718,3
levenshtein,2389,kl_to_reference,0.135611,0.001653,3
levenshtein,2390,kl_to_reference,0.13051,0.003421,3
levenshtein,2391,kl_to_reference,0.133389,0.008293,3
levenshtein,2392,kl_to_reference,0.134452,0.011249,3
levenshtein,2393,kl_to_reference,0.137782,0.004329,3
levenshtein,2394,kl_to_reference,0.127638,0.013554,3
levenshtein,2395,kl_to_reference,0.134909,0.004766,3
levenshtein,2396,kl_to_reference,0.123925,0.011511,3
levenshtein,2397,kl_to_reference,0.132218,0.008124,3
levenshtein,2398,kl_to_reference,0.135356,0.01322,3
levenshtein,2399,kl_to_reference,0.130068,0.010298,3
levenshtein,2400,kl_to_reference,0.134425,0.005679,3
levenshtein,2401,kl_to_reference,0.131462,0.005041,3
levenshtein,2402,kl_to_reference,0.125768,0.006897,3
levenshtein,2403,kl_to_reference,0.124512,0.011917,3
levenshtein,2404,kl_to_reference,0.13103,0.002181,3
levenshtein,2405,kl_to_reference,0.132301,0.001277,3
levenshtein,2406,kl_to_reference,0.131788,0.007489,3
levenshtein,2407,kl_to_reference,0.132055,0.007341,3
levenshtein,2408,kl_to_reference,0.116271,0.005574,3
levenshtein,2409,kl_to_reference,0.125365,0.00381,3
levenshtein,2410,kl_to_reference,0.12989,0.006916,3
levenshtein,2411,kl_to_reference,0.137866,0.017399,3
levenshtein,2412,kl_to_reference,0.129819,0.012036,3
levenshtein,2413,kl_to_reference,0.128618,0.009005,3
levenshtein,2414,kl_to_reference,0.136318,0.001895,3
levenshtein,2415,kl_to_reference,0.131328,0.002978,3
levenshtein,2416,kl_to_reference,0.13213,0.000717,3
levenshtein,2417,kl_to_reference,0.125901,0.001394,3
levenshtein,2418,kl_to_reference,0.131154,0.003892,3
levenshtein,2419,kl_to_reference,0.138144,0.003051,3
levenshtein,2420,kl_to_reference,0.132583,0.010338,3
levenshtein,2421,kl_to_reference,0.12568,0.005527,3
levenshtein,2422,kl_to_reference,0.142194,0.009742,3
levenshtein,2423,kl_to_reference,0.132715,0.00491,3
levenshtein,2424,kl_to_reference,0.12585,0.003967,3
levenshtein,2425,kl_to_reference,0.129094,0.003745,3
levenshtein,2426,kl_to_reference,0.124906,0.01135,3
levenshtein,2427,kl_to_reference,0.13373,0.006061,3
levenshtein,2428,kl_to_reference,0.129697,0.012646,3
levenshtein,2429,kl_to_reference,0.13979,0.008709,3
levenshtein,2430,kl_to_reference,0.128928,0.012938,3
levenshtein,2431,kl_to_reference,0.13065,0.007105,3
levenshtein,2432,kl_to_reference,0.121434,0.008626,3
levenshtein,2433,kl_to_reference,0.121193,0.001042,3
levenshtein,2434,kl_to_reference,0.126318,0.006859,3
levenshtein,2435,kl_to_reference,0.127145,0.007926,3
levenshtein,2436,kl_to_reference,0.13194,0.002116,3
levenshtein,2437,kl_to_reference,0.124344,0.001788,3
levenshtein,2438,kl_to_reference,0.126875,0.004812,3
levenshtein,2439,kl_to_reference,0.141037,0.009573,3
levenshtein,2440,kl_to_reference,0.129177,0.01164,3
levenshtein,2441,kl_to_reference,0.140817,0.004774,3
levenshtein,2442,kl_to_reference,0.127715,0.004146,3
levenshtein,2443,kl_to_reference,0.139282,0.006189,3
levenshtein,2444,kl_to_reference,0.132355,0.00778,3
levenshtein,2445,kl_to_reference,0.127171,0.003639,3
levenshtein,2446,kl_to_reference,0.132862,0.002145,3
levenshtein,2447,kl_to_reference,0.13524,0.011605,3
levenshtein,2448,kl_to_reference,0.12263,0.007662,3
levenshtein,2449,kl_to_reference,0.136808,0.004602,3
levenshtein,2450,kl_to_reference,0.135632,0.008569,3
levenshtein,2451,kl_to_reference,0.13238,0.005986,3
levenshtein,2452,kl_to_reference,0.133954,0.00536,3
levenshtein,2453,kl_to_reference,0.129721,0.012532,3
levenshtein,2454,kl_to_reference,0.128495,0.002405,3
levenshtein,2455,kl_to_reference,0.135756,0.005119,3
levenshtein,2456,kl_to_reference,0.135529,0.006147,3
levenshtein,2457,kl_to_reference,0.135242,0.009336,3
levenshtein,2458,kl_to_reference,0.130658,0.002236,3
levenshtein,2459,kl_to_reference,0.134053,0.007939,3
levenshtein,2460,kl_to_reference,0.130807,0.012572,3
levenshtein,2461,kl_to_reference,0.137728,0.002998,3
levenshtein,2462,kl_to_reference,0.138349,0.006892,3
levenshtein,2463,kl_to_reference,0.124653,0.002852,3
levenshtein,2464,kl_to_reference,0.134347,0.012848,3
levenshtein,2465,kl_to_reference,0.119119,0.001583,3
levenshtein,2466,kl_to_reference,0.131097,0.001813,3
levenshtein,2467,kl_to_reference,0.13125,0.006167,3
levenshtein,2468,kl_to_reference,0.125521,0.002654,3
levenshtein,2469,kl_to_reference,0.130869,0.000718,3
levenshtein,2470,kl_to_reference,0.131527,0.003114,3
levenshtein,2471,kl_to_reference,0.126221,0.006964,3
levenshtein,2472,kl_to_reference,0.130556,0.00584,3
levenshtein,2473,kl_to_reference,0.142607,0.011825,3
levenshtein,2474,kl_to_reference,0.122934,0.007987,3
levenshtein,2475,kl_to_reference,0.141669,0.005589,3
levenshtein,2476,kl_to_reference,0.127014,0.00701,3
levenshtein,2477,kl_to_reference,0.130707,0.006906,3
levenshtein,2478,kl_to_reference,0.129282,0.008067,3
levenshtein,2479,kl_to_reference,0.124245,0.004869,3
levenshtein,2480,kl_to_reference,0.129842,0.001154,3
levenshtein,2481,kl_to_reference,0.135436,0.007298,3
levenshtein,2482,kl_to_reference,0.123671,0.013492,3
levenshtein,2483,kl_to_reference,0.129911,0.009026,3
levenshtein,2484,kl_to_reference,0.129714,0.003881,3
levenshtein,2485,kl_to_reference,0.13245,0.007011,3
levenshtein,2486,kl_to_reference,0.1383,0.005232,3
levenshtein,2487,kl_to_reference,0.127082,0.005893,3
levenshtein,2488,kl_to_reference,0.140336,0.011827,3
levenshtein,2489,kl_to_reference,0.132658,0.003977,3
levenshtein,2490,kl_to_reference,0.130133,0.004367,3
levenshtein,2491,kl_to_reference,0.136334,0.000631,3
levenshtein,2492,kl_to_reference,0.137449,0.006609,3
levenshtein,2493,kl_to_reference,0.129984,0.007344,3
levenshtein,2494,kl_to_reference,0.138056,0.011863,3
levenshtein,2495,kl_to_reference,0.122189,0.0021,3
levenshtein,2496,kl_to_reference,0.139663,0.011136,3
levenshtein,2497,kl_to_reference,0.139018,0.015164,3
levenshtein,2498,kl_to_reference,0.139207,0.003714,3
levenshtein,2499,kl_to_reference,0.137069,0.008515,3
levenshtein,2500,kl_to_reference,0.128613,0.005262,3
levenshtein,2501,kl_to_reference,0.126436,0.005627,3
levenshtein,2502,kl_to_reference,0.137056,0.001927,3
levenshtein,2503,kl_to_reference,0.127382,0.00456,3
levenshtein,2504,kl_to_reference,0.123987,0.004937,3
levenshtein,2505,kl_to_reference,0.13032,0.011143,3
levenshtein,2506,kl_to_reference,0.139333,0.00718,3
levenshtein,2507,kl_to_reference,0.138804,0.002531,3
levenshtein,2508,kl_to_reference,0.136399,0.002321,3
levenshtein,2509,kl_to_reference,0.132085,0.001853,3
levenshtein,2510,kl_to_reference,0.13225,0.005478,3
levenshtein,2511,kl_to_reference,0.130269,0.00233,3
levenshtein,2512,kl_to_reference,0.135272,0.006001,3
levenshtein,2513,kl_to_reference,0.127449,0.005338,3
levenshtein,2514,kl_to_reference,0.134399,0.004592,3
levenshtein,2515,kl_to_reference,0.124723,0.002733,3
levenshtein,2516,kl_to_reference,0.127132,0.008043,3
levenshtein,2517,kl_to_reference,0.134389,0.011585,3
levenshtein,2518,kl_to_reference,0.130635,0.007789,3
levenshtein,2519,kl_to_reference,0.138068,0.006276,3
levenshtein,2520,kl_to_reference,0.129263,0.00941,3
levenshtein,2521,kl_to_reference,0.128917,0.009284,3
levenshtein,2522,kl_to_reference,0.119297,0.010319,3
levenshtein,2523,kl_to_reference,0.122645,0.004003,3
levenshtein,2524,kl_to_reference,0.128839,0.001119,3
levenshtein,2525,kl_to_reference,0.131913,0.004587,3
levenshtein,2526,kl_to_reference,0.136078,0.005893,3
levenshtein,2527,kl_to_reference,0.128497,0.010532,3
levenshtein,2528,kl_to_reference,0.133943,0.009838,3
levenshtein,2529,kl_to_reference,0.126733,0.003256,3
levenshtein,2530,kl_to_reference,0.126153,0.012297,3
levenshtein,2531,kl_to_reference,0.130967,0.003038,3
levenshtein,2532,kl_to_reference,0.125443,0.005802,3
levenshtein,2533,kl_to_reference,0.134049,0.00679,3
levenshtein,2534,kl_to_reference,0.130593,0.011073,3
levenshtein,2535,kl_to_reference,0.134073,0.011817,3
levenshtein,2536,kl_to_reference,0.125342,0.006752,3
levenshtein,2537,kl_to_reference,0.138558,0.00215,3
levenshtein,2538,kl_to_reference,0.136971,0.010706,3
levenshtein,2539,kl_to_reference,0.133039,0.006082,3
levenshtein,2540,kl_to_reference,0.128056,0.007713,3
levenshtein,2541,kl_to_reference,0.136056,0.007627,3
levenshtein,2542,kl_to_reference,0.140896,0.008306,3
levenshtein,2543,kl_to_reference,0.123378,0.008749,3
levenshtein,2544,kl_to_reference,0.123464,0.008078,3
levenshtein,2545,kl_to_reference,0.131279,0.004493,3
levenshtein,2546,kl_to_reference,0.13457,0.004502,3
levenshtein,2547,kl_to_reference,0.134039,0.004257,3
levenshtein,2548,kl_to_reference,0.133529,0.00547,3
levenshtein,2549,kl_to_reference,0.127734,0.005987,3
levenshtein,2550,kl_to_reference,0.12722,0.007805,3
levenshtein,2551,kl_to_reference,0.120983,0.007942,3
levenshtein,2552,kl_to_reference,0.123545,0.003395,3
levenshtein,2553,kl_to_reference,0.132603,0.013206,3
levenshtein,2554,kl_to_reference,0.123787,0.005347,3
levenshtein,2555,kl_to_reference,0.129125,0.004284,3
levenshtein,2556,kl_to_reference,0.134218,0.009178,3
levenshtein,2557,kl_to_reference,0.136617,0.014148,3
levenshtein,2558,kl_to_reference,0.129714,0.005768,3
levenshtein,2559,kl_to_reference,0.140972,0.005292,3
levenshtein,2560,kl_to_reference,0.127047,0.006858,3
levenshtein,2561,kl_to_reference,0.136125,0.00853,3
levenshtein,2562,kl_to_reference,0.136172,0.00428,3
levenshtein,2563,kl_to_reference,0.13704,0.007887,3
levenshtein,2564,kl_to_reference,0.127382,0.004937,3
levenshtein,2565,kl_to_reference,0.130273,0.001655,3
levenshtein,2566,kl_to_reference,0.133185,0.013706,3
levenshtein,2567,kl_to_reference,0.131201,0.004497,3
levenshtein,2568,kl_to_reference,0.141047,0.010158,3
levenshtein,2569,kl_to_reference,0.128122,0.007073,3
levenshtein,2570,kl_to_reference,0.139234,0.005647,3
levenshtein,2571,kl_to_reference,0.131323,0.011152,3
levenshtein,2572,kl_to_reference,0.126776,0.006354,3
levenshtein,2573,kl_to_reference,0.136081,0.013963,3
levenshtein,2574,kl_to_reference,0.132034,0.006925,3
levenshtein,2575,kl_to_reference,0.123945,0.004861,3
levenshtein,2576,kl_to_reference,0.126201,0.006243,3
levenshtein,2577,kl_to_reference,0.124556,0.002644,3
levenshtein,2578,kl_to_reference,0.13223,0.01402,3
levenshtein,2579,kl_to_reference,0.142243,0.0096,3
levenshtein,2580,kl_to_reference,0.134606,0.004521,3
levenshtein,2581,kl_to_reference,0.132389,0.006434,3
levenshtein,2582,kl_to_reference,0.128783,0.007208,3
levenshtein,2583,kl_to_reference,0.137233,0.003394,3
levenshtein,2584,kl_to_reference,0.135855,0.012903,3
levenshtein,2585,kl_to_reference,0.130087,0.007483,3
levenshtein,2586,kl_to_reference,0.13032,0.006222,3
levenshtein,2587,kl_to_reference,0.141065,0.008674,3
levenshtein,2588,kl_to_reference,0.139092,0.001924,3
levenshtein,2589,kl_to_reference,0.133107,0.013541,3
levenshtein,2590,kl_to_reference,0.131152,0.00512,3
levenshtein,2591,kl_to_reference,0.136253,0.007532,3
levenshtein,2592,kl_to_reference,0.126638,0.005565,3
levenshtein,2593,kl_to_reference,0.128667,0.005628,3
levenshtein,2594,kl_to_reference,0.127427,0.006013,3
levenshtein,2595,kl_to_reference,0.13606,0.013931,3
levenshtein,2596,kl_to_reference,0.125982,0.005993,3
levenshtein,2597,kl_to_reference,0.130613,0.002962,3
levenshtein,2598,kl_to_reference,0.136532,0.011528,3
levenshtein,2599,kl_to_reference,0.132861,0.005512,3
levenshtein,2600,kl_to_reference,0.13299,0.011958,3
levenshtein,2601,kl_to_reference,0.134167,0.006095,3
levenshtein,2602,kl_to_reference,0.1248,0.008407,3
levenshtein,2603,kl_to_reference,0.13209,0.006389,3
levenshtein,2604,kl_to_reference,0.130805,0.019966,3
levenshtein,2605,kl_to_reference,0.140457,0.001806,3
levenshtein,2606,kl_to_reference,0.135182,0.003994,3
levenshtein,2607,kl_to_reference,0.137746,0.007318,3
levenshtein,2608,kl_to_reference,0.137376,0.009359,3
levenshtein,2609,kl_to_reference,0.133478,0.014877,3
levenshtein,2610,kl_to_reference,0.132667,0.00862,3
levenshtein,2611,kl_to_reference,0.128098,0.00502,3
levenshtein,2612,kl_to_reference,0.128822,0.003994,3
levenshtein,2613,kl_to_reference,0.129901,0.00752,3
levenshtein,2614,kl_to_reference,0.127777,0.009222,3
levenshtein,2615,kl_to_reference,0.136441,0.003907,3
levenshtein,2616,kl_to_reference,0.123201,0.003093,3
levenshtein,2617,kl_to_reference,0.139765,0.013169,3
levenshtein,2618,kl_to_reference,0.132277,0.005587,3
levenshtein,2619,kl_to_reference,0.132705,0.004313,3
levenshtein,2620,kl_to_reference,0.131241,0.010119,3
levenshtein,2621,kl_to_reference,0.132688,0.013274,3
levenshtein,2622,kl_to_reference,0.131542,0.004436,3
levenshtein,2623,kl_to_reference,0.143668,0.005256,3
levenshtein,2624,kl_to_reference,0.14398,0.011869,3
levenshtein,2625,kl_to_reference,0.131511,0.005047,3
levenshtein,2626,kl_to_reference,0.136564,0.013064,3
levenshtein,2627,kl_to_reference,0.122277,0.001557,3
levenshtein,2628,kl_to_reference,0.130951,0.005289,3
levenshtein,2629,kl_to_reference,0.129694,0.006928,3
levenshtein,2630,kl_to_reference,0.13031,0.002445,3
levenshtein,2631,kl_to_reference,0.130573,0.001434,3
levenshtein,2632,kl_to_reference,0.131873,0.004263,3
levenshtein,2633,kl_to_reference,0.134685,0.007059,3
levenshtein,2634,kl_to_reference,0.145497,0.002842,3
levenshtein,2635,kl_to_reference,0.130975,0.019288,3
levenshtein,2636,kl_to_reference,0.1358,0.012441,3
levenshtein,2637,kl_to_reference,0.129178,0.007988,3
levenshtein,2638,kl_to_reference,0.126147,0.007095,3
levenshtein,2639,kl_to_reference,0.127369,0.007806,3
levenshtein,2640,kl_to_reference,0.130991,0.007545,3
levenshtein,2641,kl_to_reference,0.130774,0.003809,3
levenshtein,2642,kl_to_reference,0.129116,0.005754,3
levenshtein,2643,kl_to_reference,0.131032,0.008999,3
levenshtein,2644,kl_to_reference,0.126371,0.011194,3
levenshtein,2645,kl_to_reference,0.127244,0.011267,3
levenshtein,2646,kl_to_reference,0.129545,0.002818,3
levenshtein,2647,kl_to_reference,0.12903,0.006147,3
levenshtein,2648,kl_to_reference,0.13964,0.007314,3
levenshtein,2649,kl_to_reference,0.131302,0.011161,3
levenshtein,2650,kl_to_reference,0.138117,0.001745,3
levenshtein,2651,kl_to_reference,0.137863,0.008558,3
levenshtein,2652,kl_to_reference,0.137708,0.005502,3
levenshtein,2653,kl_to_reference,0.142064,0.010647,3
levenshtein,2654,kl_to_reference,0.133586,0.005442,3
levenshtein,2655,kl_to_reference,0.132858,0.012677,3
levenshtein,2656,kl_to_reference,0.129445,0.002209,3
levenshtein,2657,kl_to_reference,0.139404,0.001684,3
levenshtein,2658,kl_to_reference,0.139726,0.006985,3
levenshtein,2659,kl_to_reference,0.138944,0.003336,3
levenshtein,2660,kl_to_reference,0.12497,0.007031,3
levenshtein,2661,kl_to_reference,0.128499,0.006963,3
levenshtein,2662,kl_to_reference,0.127736,0.004702,3
levenshtein,2663,kl_to_reference,0.126729,0.004046,3
levenshtein,2664,kl_to_reference,0.135481,0.012024,3
levenshtein,2665,kl_to_reference,0.133348,0.010417,3
levenshtein,2666,kl_to_reference,0.125302,0.010112,3
levenshtein,2667,kl_to_reference,0.13662,0.005372,3
levenshtein,2668,kl_to_reference,0.130258,0.008547,3
levenshtein,2669,kl_to_reference,0.133686,0.015064,3
levenshtein,2670,kl_to_reference,0.134595,0.009478,3
levenshtein,2671,kl_to_reference,0.127655,0.004867,3
levenshtein,2672,kl_to_reference,0.135801,0.00719,3
levenshtein,2673,kl_to_reference,0.133255,0.009795,3
levenshtein,2674,kl_to_reference,0.128108,0.002516,3
levenshtein,2675,kl_to_reference,0.134848,0.01105,3
levenshtein,2676,kl_to_reference,0.130502,0.004259,3
levenshtein,2677,kl_to_reference,0.135912,0.006606,3
levenshtein,2678,kl_to_reference,0.129311,0.005586,3
levenshtein,2679,kl_to_reference,0.127905,0.004395,3
levenshtein,2680,kl_to_reference,0.135514,0.008702,3
levenshtein,2681,kl_to_reference,0.127493,0.00603,3
levenshtein,2682,kl_to_reference,0.135035,0.007389,3
levenshtein,2683,kl_to_reference,0.134322,0.008091,3
levenshtein,2684,kl_to_reference,0.130827,0.00621,3
levenshtein,2685,kl_to_reference,0.136755,0.012914,3
levenshtein,2686,kl_to_reference,0.133474,0.00488,3
levenshtein,2687,kl_to_reference,0.130091,0.008555,3
levenshtein,2688,kl_to_reference,0.134453,0.008131,3
levenshtein,2689,kl_to_reference,0.132533,0.001088,3
levenshtein,2690,kl_to_reference,0.12278,0.003915,3
levenshtein,2691,kl_to_reference,0.131083,0.007092,3
levenshtein,2692,kl_to_reference,0.130974,0.0078,3
levenshtein,2693,kl_to_reference,0.131976,0.002138,3
levenshtein,2694,kl_to_reference,0.132343,0.005798,3
levenshtein,2695,kl_to_reference,0.132648,0.002522,3
levenshtein,2696,kl_to_reference,0.13386,0.009314,3
levenshtein,2697,kl_to_reference,0.136444,0.006683,3
levenshtein,2698,kl_to_reference,0.127245,0.011724,3
levenshtein,2699,kl_to_reference,0.135598,0.00747,3
levenshtein,2700,kl_to_reference,0.141811,0.004845,3
levenshtein,2701,kl_to_reference,0.129954,0.01097,3
levenshtein,2702,kl_to_reference,0.122457,0.007697,3
levenshtein,2703,kl_to_reference,0.131493,0.009533,3
levenshtein,2704,kl_to_reference,0.118943,0.004304,3
levenshtein,2705,kl_to_reference,0.127518,0.006735,3
levenshtein,2706,kl_to_reference,0.126613,0.003283,3
levenshtein,2707,kl_to_reference,0.135803,0.00679,3
levenshtein,2708,kl_to_reference,0.132281,0.005836,3
levenshtein,2709,kl_to_reference,0.129485,0.005418,3
levenshtein,2710,kl_to_reference,0.126065,0.004382,3
levenshtein,2711,kl_to_reference,0.122352,0.006111,3
levenshtein,2712,kl_to_reference,0.125843,0.005252,3
levenshtein,2713,kl_to_reference,0.130496,0.008565,3
levenshtein,2714,kl_to_reference,0.131775,0.011118,3
levenshtein,2715,kl_to_reference,0.121018,0.01129,3
levenshtein,2716,kl_to_reference,0.120439,0.005936,3
levenshtein,2717,kl_to_reference,0.129751,0.006242,3
levenshtein,2718,kl_to_reference,0.135532,0.001627,3
levenshtein,2719,kl_to_reference,0.136474,0.003173,3
levenshtein,2720,kl_to_reference,0.130715,0.009769,3
levenshtein,2721,kl_to_reference,0.135468,0.001393,3
levenshtein,2722,kl_to_reference,0.131477,0.002788,3
levenshtein,2723,kl_to_reference,0.135881,0.004813,3
levenshtein,2724,kl_to_reference,0.122991,0.010574,3
levenshtein,2725,kl_to_reference,0.12663,0.004647,3
levenshtein,2726,kl_to_reference,0.126735,0.007464,3
levenshtein,2727,kl_to_reference,0.131711,0.003282,3
levenshtein,2728,kl_to_reference,0.135887,0.004801,3
levenshtein,2729,kl_to_reference,0.135151,0.005297,3
levenshtein,2730,kl_to_reference,0.133192,0.005217,3
levenshtein,2731,kl_to_reference,0.123806,0.011099,3
levenshtein,2732,kl_to_reference,0.132294,0.002637,3
levenshtein,2733,kl_to_reference,0.139697,0.005753,3
levenshtein,2734,kl_to_reference,0.120855,0.002234,3
levenshtein,2735,kl_to_reference,0.131867,0.005843,3
levenshtein,2736,kl_to_reference,0.133191,0.009099,3
levenshtein,2737,kl_to_reference,0.127783,0.002638,3
levenshtein,2738,kl_to_reference,0.127962,0.012647,3
levenshtein,2739,kl_to_reference,0.127719,0.008186,3
levenshtein,2740,kl_to_reference,0.128643,0.005291,3
levenshtein,2741,kl_to_reference,0.132949,0.004964,3
levenshtein,2742,kl_to_reference,0.132649,0.006162,3
levenshtein,2743,kl_to_reference,0.128869,0.005912,3
levenshtein,2744,kl_to_reference,0.139321,0.002085,3
levenshtein,2745,kl_to_reference,0.128171,0.008695,3
levenshtein,2746,kl_to_reference,0.135684,0.004577,3
levenshtein,2747,kl_to_reference,0.130738,0.007643,3
levenshtein,2748,kl_to_reference,0.132466,0.005636,3
levenshtein,2749,kl_to_reference,0.123169,0.004236,3
levenshtein,2750,kl_to_reference,0.131584,0.009568,3
levenshtein,2751,kl_to_reference,0.122284,0.002081,3
levenshtein,2752,kl_to_reference,0.136337,0.009456,3
levenshtein,2753,kl_to_reference,0.127519,0.004855,3
levenshtein,2754,kl_to_reference,0.136156,0.003524,3
levenshtein,2755,kl_to_reference,0.126414,0.006924,3
levenshtein,2756,kl_to_reference,0.122076,0.004748,3
levenshtein,2757,kl_to_reference,0.129934,0.009603,3
levenshtein,2758,kl_to_reference,0.134006,0.002676,3
levenshtein,2759,kl_to_reference,0.129114,0.009495,3
levenshtein,2760,kl_to_reference,0.119951,0.006155,3
levenshtein,2761,kl_to_reference,0.141908,0.002976,3
levenshtein,2762,kl_to_reference,0.133205,0.009147,3
levenshtein,2763,kl_to_reference,0.136384,0.006235,3
levenshtein,2764,kl_to_reference,0.132194,0.014636,3
levenshtein,2765,kl_to_reference,0.126532,0.004088,3
levenshtein,2766,kl_to_reference,0.13004,0.003826,3
levenshtein,2767,kl_to_reference,0.131728,0.001377,3
levenshtein,2768,kl_to_reference,0.135347,0.004533,3
levenshtein,2769,kl_to_reference,0.123722,0.007855,3
levenshtein,2770,kl_to_reference,0.132394,0.005435,3
levenshtein,2771,kl_to_reference,0.137086,0.003369,3
levenshtein,2772,kl_to_reference,0.138428,0.004427,3
levenshtein,2773,kl_to_reference,0.125108,0.006294,3
levenshtein,2774,kl_to_reference,0.127908,0.007383,3
levenshtein,2775,kl_to_reference,0.139225,0.009517,3
levenshtein,2776,kl_to_reference,0.127846,0.011139,3
levenshtein,2777,kl_to_reference,0.134603,0.004658,3
levenshtein,2778,kl_to_reference,0.137554,0.003256,3
levenshtein,2779,kl_to_reference,0.135283,0.011901,3
levenshtein,2780,kl_to_reference,0.138074,0.002085,3
levenshtein,2781,kl_to_reference,0.130527,0.007078,3
levenshtein,2782,kl_to_reference,0.139799,0.007473,3
levenshtein,2783,kl_to_reference,0.143783,0.008245,3
levenshtein,2784,kl_to_reference,0.133159,0.002167,3
levenshtein,2785,kl_to_reference,0.13019,0.005308,3
levenshtein,2786,kl_to_reference,0.135789,0.002039,3
levenshtein,2787,kl_to_reference,0.137113,0.003191,3
levenshtein,2788,kl_to_reference,0.134732,0.0069,3
levenshtein,2789,kl_to_reference,0.129298,0.004963,3
levenshtein,2790,kl_to_reference,0.130288,0.009043,3
levenshtein,2791,kl_to_reference,0.13988,0.011153,3
levenshtein,2792,kl_to_reference,0.13079,0.006654,3
levenshtein,2793,kl_to_reference,0.131903,0.003315,3
levenshtein,2794,kl_to_reference,0.142067,0.002086,3
levenshtein,2795,kl_to_reference,0.134895,0.003354,3
levenshtein,2796,kl_to_reference,0.134991,0.007261,3
levenshtein,2797,kl_to_reference,0.137149,0.014618,3
levenshtein,2798,kl_to_reference,0.154232,0.009577,3
levenshtein,2799,kl_to_reference,0.138614,0.013732,3
levenshtein,2800,kl_to_reference,0.133164,0.005293,3
levenshtein,2801,kl_to_reference,0.127107,0.011159,3
levenshtein,2802,kl_to_reference,0.125761,0.000763,3
levenshtein,2803,kl_to_reference,0.136951,0.006045,3
levenshtein,2804,kl_to_reference,0.130087,0.014497,3
levenshtein,2805,kl_to_reference,0.138732,0.006512,3
levenshtein,2806,kl_to_reference,0.129938,0.003185,3
levenshtein,2807,kl_to_reference,0.140411,0.006456,3
levenshtein,2808,kl_to_reference,0.136035,0.000615,3
levenshtein,2809,kl_to_reference,0.12757,0.015255,3
levenshtein,2810,kl_to_reference,0.135064,0.01788,3
levenshtein,2811,kl_to_reference,0.137717,0.007592,3
levenshtein,2812,kl_to_reference,0.132023,0.003585,3
levenshtein,2813,kl_to_reference,0.137026,0.004521,3
levenshtein,2814,kl_to_reference,0.142102,0.005252,3
levenshtein,2815,kl_to_reference,0.130664,0.002151,3
levenshtein,2816,kl_to_reference,0.138268,0.004001,3
levenshtein,2817,kl_to_reference,0.130254,0.003066,3
levenshtein,2818,kl_to_reference,0.140062,0.011501,3
levenshtein,2819,kl_to_reference,0.134043,0.008966,3
levenshtein,2820,kl_to_reference,0.143116,0.005476,3
levenshtein,2821,kl_to_reference,0.133108,0.010133,3
levenshtein,2822,kl_to_reference,0.142942,0.004849,3
levenshtein,2823,kl_to_reference,0.125413,0.008489,3
levenshtein,2824,kl_to_reference,0.121648,0.00093,3
levenshtein,2825,kl_to_reference,0.131649,0.009657,3
levenshtein,2826,kl_to_reference,0.131677,0.005122,3
levenshtein,2827,kl_to_reference,0.132109,0.003675,3
levenshtein,2828,kl_to_reference,0.13761,0.008433,3
levenshtein,2829,kl_to_reference,0.129411,0.001091,3
levenshtein,2830,kl_to_reference,0.14032,0.013065,3
levenshtein,2831,kl_to_reference,0.126747,0.008706,3
levenshtein,2832,kl_to_reference,0.133723,0.009243,3
levenshtein,2833,kl_to_reference,0.131726,0.010625,3
levenshtein,2834,kl_to_reference,0.136863,0.011554,3
levenshtein,2835,kl_to_reference,0.129642,0.005892,3
levenshtein,2836,kl_to_reference,0.135117,0.009752,3
levenshtein,2837,kl_to_reference,0.124827,0.001587,3
levenshtein,2838,kl_to_reference,0.131358,0.007753,3
levenshtein,2839,kl_to_reference,0.130894,0.005585,3
levenshtein,2840,kl_to_reference,0.124782,0.002083,3
levenshtein,2841,kl_to_reference,0.137244,0.004511,3
levenshtein,2842,kl_to_reference,0.131202,0.008658,3
levenshtein,2843,kl_to_reference,0.134214,0.005393,3
levenshtein,2844,kl_to_reference,0.127943,0.007227,3
levenshtein,2845,kl_to_reference,0.12835,0.001227,3
levenshtein,2846,kl_to_reference,0.12772,0.011258,3
levenshtein,2847,kl_to_reference,0.140123,0.009268,3
levenshtein,2848,kl_to_reference,0.125353,0.006315,3
levenshtein,2849,kl_to_reference,0.136746,0.01047,3
levenshtein,2850,kl_to_reference,0.131068,0.004573,3
levenshtein,2851,kl_to_reference,0.126225,0.005442,3
levenshtein,2852,kl_to_reference,0.132987,0.00401,3
levenshtein,2853,kl_to_reference,0.130787,0.000923,3
levenshtein,2854,kl_to_reference,0.127352,0.010216,3
levenshtein,2855,kl_to_reference,0.134718,0.006967,3
levenshtein,2856,kl_to_reference,0.140377,0.007073,3
levenshtein,2857,kl_to_reference,0.124456,0.002394,3
levenshtein,2858,kl_to_reference,0.133507,0.00734,3
levenshtein,2859,kl_to_reference,0.138921,0.014614,3
levenshtein,2860,kl_to_reference,0.135912,0.008467,3
levenshtein,2861,kl_to_reference,0.129439,0.003922,3
levenshtein,2862,kl_to_reference,0.122805,0.001171,3
levenshtein,2863,kl_to_reference,0.131591,0.001999,3
levenshtein,2864,kl_to_reference,0.125571,0.002672,3
levenshtein,2865,kl_to_reference,0.122574,0.009741,3
levenshtein,2866,kl_to_reference,0.12657,0.003681,3
levenshtein,2867,kl_to_reference,0.127645,0.005339,3
levenshtein,2868,kl_to_reference,0.129756,0.005516,3
levenshtein,2869,kl_to_reference,0.129508,0.007752,3
levenshtein,2870,kl_to_reference,0.14226,0.007863,3
levenshtein,2871,kl_to_reference,0.135937,0.011185,3
levenshtein,2872,kl_to_reference,0.132239,0.011198,3
levenshtein,2873,kl_to_reference,0.142694,0.012523,3
levenshtein,2874,kl_to_reference,0.132815,0.002491,3
levenshtein,2875,kl_to_reference,0.131927,0.00421,3
levenshtein,2876,kl_to_reference,0.138856,0.005546,3
levenshtein,2877,kl_to_reference,0.135703,0.012457,3
levenshtein,2878,kl_to_reference,0.142154,0.003299,3
levenshtein,2879,kl_to_reference,0.135946,0.004382,3
levenshtein,2880,kl_to_reference,0.132584,0.004946,3
levenshtein,2881,kl_to_reference,0.133089,0.003817,3
levenshtein,2882,kl_to_reference,0.128393,0.007994,3
levenshtein,2883,kl_to_reference,0.123332,0.007224,3
levenshtein,2884,kl_to_reference,0.132396,0.008069,3
levenshtein,2885,kl_to_reference,0.140966,0.005775,3
levenshtein,2886,kl_to_reference,0.131251,0.008549,3
levenshtein,2887,kl_to_reference,0.130371,0.005275,3
levenshtein,2888,kl_to_reference,0.128181,0.004985,3
levenshtein,2889,kl_to_reference,0.129402,0.007655,3
levenshtein,2890,kl_to_reference,0.126965,0.007886,3
levenshtein,2891,kl_to_reference,0.135491,0.010823,3
levenshtein,2892,kl_to_reference,0.123402,0.008067,3
levenshtein,2893,kl_to_reference,0.124796,0.00335,3
levenshtein,2894,kl_to_reference,0.129631,0.008772,3
levenshtein,2895,kl_to_reference,0.12707,0.00558,3
levenshtein,2896,kl_to_reference,0.128775,0.003192,3
levenshtein,2897,kl_to_reference,0.129612,0.013159,3
levenshtein,2898,kl_to_reference,0.13281,0.003959,3
levenshtein,2899,kl_to_reference,0.136166,0.009559,3
levenshtein,2900,kl_to_reference,0.133797,0.003894,3
levenshtein,2901,kl_to_reference,0.125963,0.006003,3
levenshtein,2902,kl_to_reference,0.127466,0.006868,3
levenshtein,2903,kl_to_reference,0.133181,0.005146,3
levenshtein,2904,kl_to_reference,0.137051,0.005251,3
levenshtein,2905,kl_to_reference,0.133728,0.006244,3
levenshtein,2906,kl_to_reference,0.1296,0.005644,3
levenshtein,2907,kl_to_reference,0.133321,0.008931,3
levenshtein,2908,kl_to_reference,0.133396,0.007537,3
levenshtein,2909,kl_to_reference,0.139706,0.005732,3
levenshtein,2910,kl_to_reference,0.125649,0.002527,3
levenshtein,2911,kl_to_reference,0.130459,0.001719,3
levenshtein,2912,kl_to_reference,0.132739,0.007181,3
levenshtein,2913,kl_to_reference,0.124035,0.00592,3
levenshtein,2914,kl_to_reference,0.13538,0.012325,3
levenshtein,2915,kl_to_reference,0.138677,0.008519,3
levenshtein,2916,kl_to_reference,0.138231,0.010703,3
levenshtein,2917,kl_to_reference,0.122917,0.007069,3
levenshtein,2918,kl_to_reference,0.139505,0.016021,3
levenshtein,2919,kl_to_reference,0.129144,0.004798,3
levenshtein,2920,kl_to_reference,0.127769,0.004708,3
levenshtein,2921,kl_to_reference,0.12595,0.003201,3
levenshtein,2922,kl_to_reference,0.126795,0.007888,3
levenshtein,2923,kl_to_reference,0.126266,0.000886,3
levenshtein,2924,kl_to_reference,0.135572,0.014145,3
levenshtein,2925,kl_to_reference,0.139344,0.003702,3
levenshtein,2926,kl_to_reference,0.137935,0.001887,3
levenshtein,2927,kl_to_reference,0.125732,0.004569,3
levenshtein,2928,kl_to_reference,0.131839,0.007973,3
levenshtein,2929,kl_to_reference,0.12745,0.005553,3
levenshtein,2930,kl_to_reference,0.129732,0.002674,3
levenshtein,2931,kl_to_reference,0.135782,0.004973,3
levenshtein,2932,kl_to_reference,0.130764,0.004017,3
levenshtein,2933,kl_to_reference,0.126914,0.004905,3
levenshtein,2934,kl_to_reference,0.130465,0.006589,3
levenshtein,2935,kl_to_reference,0.133724,0.014436,3
levenshtein,2936,kl_to_reference,0.132517,0.005793,3
levenshtein,2937,kl_to_reference,0.127408,0.008389,3
levenshtein,2938,kl_to_reference,0.132014,0.009796,3
levenshtein,2939,kl_to_reference,0.139057,0.003699,3
levenshtein,2940,kl_to_reference,0.140171,0.017318,3
levenshtein,2941,kl_to_reference,0.128548,0.002345,3
levenshtein,2942,kl_to_reference,0.142885,0.008274,3
levenshtein,2943,kl_to_reference,0.129141,0.002458,3
levenshtein,2944,kl_to_reference,0.125539,0.003813,3
levenshtein,2945,kl_to_reference,0.124774,0.007224,3
levenshtein,2946,kl_to_reference,0.126894,0.004105,3
levenshtein,2947,kl_to_reference,0.132911,0.005872,3
levenshtein,2948,kl_to_reference,0.131326,0.005108,3
levenshtein,2949,kl_to_reference,0.126023,0.005797,3
levenshtein,2950,kl_to_reference,0.125928,0.006114,3
levenshtein,2951,kl_to_reference,0.135005,0.006375,3
levenshtein,2952,kl_to_reference,0.131201,0.00565,3
levenshtein,2953,kl_to_reference,0.136393,0.007156,3
levenshtein,2954,kl_to_reference,0.129249,0.003464,3
levenshtein,2955,kl_to_reference,0.130442,0.007102,3
levenshtein,2956,kl_to_reference,0.136094,0.010268,3
levenshtein,2957,kl_to_reference,0.132334,0.010586,3
levenshtein,2958,kl_to_reference,0.133224,0.013528,3
levenshtein,2959,kl_to_reference,0.127926,0.000972,3
levenshtein,2960,kl_to_reference,0.131631,0.007485,3
levenshtein,2961,kl_to_reference,0.128891,0.004933,3
levenshtein,2962,kl_to_reference,0.136047,0.011665,3
levenshtein,2963,kl_to_reference,0.131702,0.00662,3
levenshtein,2964,kl_to_reference,0.123756,0.008677,3
levenshtein,2965,kl_to_reference,0.131614,0.01015,3
levenshtein,2966,kl_to_reference,0.130603,0.003831,3
levenshtein,2967,kl_to_reference,0.132402,0.012601,3
levenshtein,2968,kl_to_reference,0.132422,0.011433,3
levenshtein,2969,kl_to_reference,0.12626,0.003896,3
levenshtein,2970,kl_to_reference,0.13829,0.006647,3
levenshtein,2971,kl_to_reference,0.129731,0.011798,3
levenshtein,2972,kl_to_reference,0.131028,0.007571,3
levenshtein,2973,kl_to_reference,0.12985,0.006895,3
levenshtein,2974,kl_to_reference,0.13037,0.004525,3
levenshtein,2975,kl_to_reference,0.137544,0.006068,3
levenshtein,2976,kl_to_reference,0.125,0.014588,3
levenshtein,2977,kl_to_reference,0.134854,0.00236,3
levenshtein,2978,kl_to_reference,0.131525,0.006529,3
levenshtein,2979,kl_to_reference,0.131567,0.004672,3
levenshtein,2980,kl_to_reference,0.12323,0.006297,3
levenshtein,2981,kl_to_reference,0.14095,0.007387,3
levenshtein,2982,kl_to_reference,0.12997,0.002621,3
levenshtein,2983,kl_to_reference,0.12995,0.006295,3
levenshtein,2984,kl_to_reference,0.12895,0.002242,3
levenshtein,2985,kl_to_reference,0.130274,0.003987,3
levenshtein,2986,kl_to_reference,0.124535,0.001262,3
levenshtein,2987,kl_to_reference,0.138185,0.002715,3
levenshtein,2988,kl_to_reference,0.125584,0.005144,3
levenshtein,2989,kl_to_reference,0.133322,0.002582,3
levenshtein,2990,kl_to_reference,0.127618,0.003037,3
levenshtein,2991,kl_to_reference,0.13622,0.003111,3
levenshtein,2992,kl_to_reference,0.1249,0.003238,3
levenshtein,2993,kl_to_reference,0.135159,0.007262,3
levenshtein,2994,kl_to_reference,0.124875,0.012415,3
levenshtein,2995,kl_to_reference,0.131772,0.007385,3
levenshtein,2996,kl_to_reference,0.12778,0.005183,3
levenshtein,2997,kl_to_reference,0.128499,0.002539,3
levenshtein,2998,kl_to_reference,0.134665,0.006342,3
levenshtein,2999,kl_to_reference,0.134864,0.007121,3
levenshtein,0,entropy,0.60091,0.014511,3
levenshtein,1,entropy,0.613921,0.020669,3
levenshtein,2,entropy,0.632752,0.005768,3
levenshtein,3,entropy,0.631368,0.011376,3
levenshtein,4,entropy,0.626626,0.014194,3
levenshtein,5,entropy,0.640251,0.015371,3
levenshtein,6,entropy,0.664235,0.012408,3
levenshtein,7,entropy,0.645583,0.011051,3
levenshtein,8,entropy,0.677877,0.014915,3
levenshtein,9,entropy,0.666744,0.015301,3
levenshtein,10,entropy,0.643492,0.021294,3
levenshtein,11,entropy,0.638286,0.016702,3
levenshtein,12,entropy,0.660365,0.034811,3
levenshtein,13,entropy,0.664903,0.011709,3
levenshtein,14,entropy,0.667898,0.011613,3
levenshtein,15,entropy,0.646894,0.029184,3
levenshtein,16,entropy,0.649481,0.017754,3
levenshtein,17,entropy,0.643515,0.032129,3
levenshtein,18,entropy,0.642976,0.014049,3
levenshtein,19,entropy,0.668954,0.017822,3
levenshtein,20,entropy,0.623893,0.02604,3
levenshtein,21,entropy,0.633612,0.012989,3
levenshtein,22,entropy,0.647658,0.019172,3
levenshtein,23,entropy,0.627278,0.003493,3
levenshtein,24,entropy,0.655409,0.02151,3
levenshtein,25,entropy,0.661492,0.019686,3
levenshtein,26,entropy,0.626799,0.02168,3
levenshtein,27,entropy,0.64762,0.013978,3
levenshtein,28,entropy,0.639361,0.013914,3
levenshtein,29,entropy,0.6365,0.024101,3
levenshtein,30,entropy,0.642351,0.012518,3
levenshtein,31,entropy,0.626687,0.032265,3
levenshtein,32,entropy,0.620242,0.032972,3
levenshtein,33,entropy,0.639954,0.01366,3
levenshtein,34,entropy,0.646972,0.029712,3
levenshtein,35,entropy,0.651384,0.024393,3
levenshtein,36,entropy,0.651161,0.013705,3
levenshtein,37,entropy,0.644568,0.003524,3
levenshtein,38,entropy,0.627046,0.0154,3
levenshtein,39,entropy,0.642888,0.021187,3
levenshtein,40,entropy,0.631871,0.011316,3
levenshtein,41,entropy,0.63428,0.019385,3
levenshtein,42,entropy,0.628667,0.01219,3
levenshtein,43,entropy,0.649238,0.011975,3
levenshtein,44,entropy,0.638532,0.018199,3
levenshtein,45,entropy,0.664272,0.002089,3
levenshtein,46,entropy,0.646713,0.024306,3
levenshtein,47,entropy,0.669633,0.01241,3
levenshtein,48,entropy,0.643587,0.018924,3
levenshtein,49,entropy,0.63062,0.007744,3
levenshtein,50,entropy,0.648891,0.02126,3
levenshtein,51,entropy,0.645392,0.002118,3
levenshtein,52,entropy,0.637626,0.011402,3
levenshtein,53,entropy,0.655544,0.014091,3
levenshtein,54,entropy,0.636725,0.008056,3
levenshtein,55,entropy,0.645971,0.018172,3
levenshtein,56,entropy,0.654401,0.018481,3
levenshtein,57,entropy,0.652042,0.013253,3
levenshtein,58,entropy,0.629746,0.012345,3
levenshtein,59,entropy,0.64841,0.014459,3
levenshtein,60,entropy,0.639496,0.003117,3
levenshtein,61,entropy,0.620757,0.011383,3
levenshtein,62,entropy,0.645835,0.022281,3
levenshtein,63,entropy,0.661504,0.031736,3
levenshtein,64,entropy,0.660528,0.011313,3
levenshtein,65,entropy,0.635618,0.008451,3
levenshtein,66,entropy,0.63263,0.01665,3
levenshtein,67,entropy,0.625498,0.008401,3
levenshtein,68,entropy,0.651318,0.00993,3
levenshtein,69,entropy,0.657059,0.014023,3
levenshtein,70,entropy,0.65171,0.017187,3
levenshtein,71,entropy,0.651087,0.013229,3
levenshtein,72,entropy,0.640689,0.014061,3
levenshtein,73,entropy,0.65351,0.01094,3
levenshtein,74,entropy,0.656524,0.030831,3
levenshtein,75,entropy,0.653496,0.007721,3
levenshtein,76,entropy,0.660698,0.019057,3
levenshtein,77,entropy,0.634687,0.005202,3
levenshtein,78,entropy,0.627354,0.030909,3
levenshtein,79,entropy,0.635059,0.020658,3
levenshtein,80,entropy,0.632585,0.01856,3
levenshtein,81,entropy,0.616196,0.007286,3
levenshtein,82,entropy,0.655579,0.022758,3
levenshtein,83,entropy,0.604849,0.042191,3
levenshtein,84,entropy,0.632985,0.012755,3
levenshtein,85,entropy,0.645724,0.02234,3
levenshtein,86,entropy,0.636726,0.013397,3
levenshtein,87,entropy,0.649893,0.005201,3
levenshtein,88,entropy,0.622055,0.03371,3
levenshtein,89,entropy,0.6292,0.019129,3
levenshtein,90,entropy,0.623724,0.014207,3
levenshtein,91,entropy,0.634519,0.012664,3
levenshtein,92,entropy,0.625666,0.012802,3
levenshtein,93,entropy,0.640436,0.009261,3
levenshtein,94,entropy,0.637168,0.010268,3
levenshtein,95,entropy,0.635561,0.019795,3
levenshtein,96,entropy,0.597428,0.010642,3
levenshtein,97,entropy,0.631373,0.003417,3
levenshtein,98,entropy,0.607205,0.040993,3
levenshtein,99,entropy,0.624537,0.014522,3
levenshtein,100,entropy,0.627254,0.014987,3
levenshtein,101,entropy,0.64464,0.015971,3
levenshtein,102,entropy,0.622704,0.039138,3
levenshtein,103,entropy,0.631782,0.014819,3
levenshtein,104,entropy,0.640984,0.008891,3
levenshtein,105,entropy,0.642537,0.006279,3
levenshtein,106,entropy,0.620609,0.013317,3
levenshtein,107,entropy,0.634915,0.024725,3
levenshtein,108,entropy,0.608797,0.019299,3
levenshtein,109,entropy,0.640603,0.004848,3
levenshtein,110,entropy,0.618254,0.036231,3
levenshtein,111,entropy,0.635238,0.011806,3
levenshtein,112,entropy,0.63487,0.027532,3
levenshtein,113,entropy,0.624063,0.013581,3
levenshtein,114,entropy,0.637612,0.008084,3
levenshtein,115,entropy,0.631731,0.026141,3
levenshtein,116,entropy,0.638026,0.006489,3
levenshtein,117,entropy,0.637195,0.0143,3
levenshtein,118,entropy,0.633696,0.02071,3
levenshtein,119,entropy,0.627536,0.030332,3
levenshtein,120,entropy,0.636742,0.021685,3
levenshtein,121,entropy,0.63795,0.01509,3
levenshtein,122,entropy,0.647341,0.014077,3
levenshtein,123,entropy,0.616963,0.024342,3
levenshtein,124,entropy,0.648364,0.011163,3
levenshtein,125,entropy,0.633189,0.006069,3
levenshtein,126,entropy,0.657745,0.020526,3
levenshtein,127,entropy,0.635562,0.020428,3
levenshtein,128,entropy,0.634568,0.022141,3
levenshtein,129,entropy,0.640723,0.000342,3
levenshtein,130,entropy,0.623597,0.015031,3
levenshtein,131,entropy,0.633304,0.016357,3
levenshtein,132,entropy,0.637664,0.010063,3
levenshtein,133,entropy,0.623153,0.010057,3
levenshtein,134,entropy,0.644024,0.009259,3
levenshtein,135,entropy,0.645376,0.017741,3
levenshtein,136,entropy,0.627214,0.016766,3
levenshtein,137,entropy,0.634527,0.007684,3
levenshtein,138,entropy,0.630907,0.022798,3
levenshtein,139,entropy,0.643822,0.027067,3
levenshtein,140,entropy,0.6186,0.008036,3
levenshtein,141,entropy,0.62876,0.013285,3
levenshtein,142,entropy,0.630859,0.006455,3
levenshtein,143,entropy,0.650129,0.002292,3
levenshtein,144,entropy,0.633064,0.011194,3
levenshtein,145,entropy,0.633875,0.013365,3
levenshtein,146,entropy,0.629091,0.013944,3
levenshtein,147,entropy,0.645813,0.007395,3
levenshtein,148,entropy,0.62291,0.031924,3
levenshtein,149,entropy,0.635281,0.019809,3
levenshtein,150,entropy,0.657911,0.008338,3
levenshtein,151,entropy,0.64265,0.004109,3
levenshtein,152,entropy,0.63582,0.020198,3
levenshtein,153,entropy,0.620803,0.014994,3
levenshtein,154,entropy,0.626475,0.009376,3
levenshtein,155,entropy,0.604589,0.006192,3
levenshtein,156,entropy,0.617356,0.024676,3
levenshtein,157,entropy,0.618807,0.013491,3
levenshtein,158,entropy,0.638923,0.016048,3
levenshtein,159,entropy,0.619003,0.019966,3
levenshtein,160,entropy,0.631946,0.008912,3
levenshtein,161,entropy,0.629837,0.011205,3
levenshtein,162,entropy,0.62549,0.007235,3
levenshtein,163,entropy,0.642424,0.039755,3
levenshtein,164,entropy,0.613208,0.022666,3
levenshtein,165,entropy,0.618979,0.011958,3
levenshtein,166,entropy,0.638126,0.023397,3
levenshtein,167,entropy,0.62787,0.01204,3
levenshtein,168,entropy,0.639972,0.023088,3
levenshtein,169,entropy,0.646528,0.020257,3
levenshtein,170,entropy,0.615409,0.015733,3
levenshtein,171,entropy,0.620195,0.022152,3
levenshtein,172,entropy,0.624784,0.027936,3
levenshtein,173,entropy,0.629907,0.011688,3
levenshtein,174,entropy,0.641289,0.036436,3
levenshtein,175,entropy,0.636058,0.01301,3
levenshtein,176,entropy,0.614229,0.007937,3
levenshtein,177,entropy,0.615714,0.005486,3
levenshtein,178,entropy,0.629524,0.014324,3
levenshtein,179,entropy,0.63467,0.023455,3
levenshtein,180,entropy,0.622674,0.036574,3
levenshtein,181,entropy,0.624671,0.015313,3
levenshtein,182,entropy,0.639377,0.013677,3
levenshtein,183,entropy,0.634994,0.023075,3
levenshtein,184,entropy,0.645696,0.012276,3
levenshtein,185,entropy,0.636164,0.01728,3
levenshtein,186,entropy,0.627287,0.034304,3
levenshtein,187,entropy,0.625936,0.024557,3
levenshtein,188,entropy,0.642234,0.011094,3
levenshtein,189,entropy,0.620936,0.01605,3
levenshtein,190,entropy,0.619737,0.011833,3
levenshtein,191,entropy,0.629997,0.016857,3
levenshtein,192,entropy,0.632578,0.01052,3
levenshtein,193,entropy,0.606107,0.006187,3
levenshtein,194,entropy,0.623622,0.021354,3
levenshtein,195,entropy,0.618868,0.010437,3
levenshtein,196,entropy,0.616536,0.013167,3
levenshtein,197,entropy,0.607719,0.006214,3
levenshtein,198,entropy,0.641531,0.020054,3
levenshtein,199,entropy,0.639235,0.00867,3
levenshtein,200,entropy,0.636895,0.011366,3
levenshtein,201,entropy,0.615226,0.005382,3
levenshtein,202,entropy,0.646648,0.02538,3
levenshtein,203,entropy,0.650987,0.003829,3
levenshtein,204,entropy,0.621633,0.032302,3
levenshtein,205,entropy,0.633926,0.01258,3
levenshtein,206,entropy,0.642531,0.019759,3
levenshtein,207,entropy,0.630064,0.008405,3
levenshtein,208,entropy,0.640164,0.003889,3
levenshtein,209,entropy,0.635863,0.00545,3
levenshtein,210,entropy,0.627505,0.02,3
levenshtein,211,entropy,0.626135,0.012296,3
levenshtein,212,entropy,0.635923,0.010449,3
levenshtein,213,entropy,0.635042,0.010963,3
levenshtein,214,entropy,0.62359,0.015523,3
levenshtein,215,entropy,0.657752,0.01102,3
levenshtein,216,entropy,0.62436,0.007287,3
levenshtein,217,entropy,0.627585,0.020824,3
levenshtein,218,entropy,0.626531,0.007875,3
levenshtein,219,entropy,0.615919,0.011882,3
levenshtein,220,entropy,0.639056,0.018524,3
levenshtein,221,entropy,0.669193,0.016973,3
levenshtein,222,entropy,0.649458,0.012472,3
levenshtein,223,entropy,0.620345,0.009107,3
levenshtein,224,entropy,0.656174,0.004545,3
levenshtein,225,entropy,0.624947,0.013067,3
levenshtein,226,entropy,0.632515,0.017072,3
levenshtein,227,entropy,0.612413,0.03471,3
levenshtein,228,entropy,0.629934,0.010934,3
levenshtein,229,entropy,0.622159,0.025217,3
levenshtein,230,entropy,0.617823,0.011255,3
levenshtein,231,entropy,0.608422,0.013169,3
levenshtein,232,entropy,0.638697,0.018557,3
levenshtein,233,entropy,0.630558,0.00985,3
levenshtein,234,entropy,0.64174,0.013364,3
levenshtein,235,entropy,0.626829,0.022903,3
levenshtein,236,entropy,0.600574,0.01613,3
levenshtein,237,entropy,0.630532,0.020198,3
levenshtein,238,entropy,0.626789,0.00891,3
levenshtein,239,entropy,0.62213,0.019532,3
levenshtein,240,entropy,0.622811,0.018557,3
levenshtein,241,entropy,0.62154,0.011841,3
levenshtein,242,entropy,0.610682,0.022128,3
levenshtein,243,entropy,0.631853,0.027229,3
levenshtein,244,entropy,0.638178,0.01386,3
levenshtein,245,entropy,0.635795,0.023927,3
levenshtein,246,entropy,0.620543,0.02109,3
levenshtein,247,entropy,0.641641,0.013188,3
levenshtein,248,entropy,0.612171,0.029484,3
levenshtein,249,entropy,0.615759,0.007056,3
levenshtein,250,entropy,0.626511,0.011082,3
levenshtein,251,entropy,0.627609,0.006842,3
levenshtein,252,entropy,0.624418,0.027509,3
levenshtein,253,entropy,0.606814,0.012944,3
levenshtein,254,entropy,0.631559,0.031851,3
levenshtein,255,entropy,0.623583,0.01014,3
levenshtein,256,entropy,0.622926,0.009294,3
levenshtein,257,entropy,0.628792,0.020928,3
levenshtein,258,entropy,0.647113,0.007202,3
levenshtein,259,entropy,0.627197,0.038583,3
levenshtein,260,entropy,0.621174,0.024746,3
levenshtein,261,entropy,0.614415,0.022708,3
levenshtein,262,entropy,0.617733,0.012364,3
levenshtein,263,entropy,0.617639,0.018971,3
levenshtein,264,entropy,0.625997,0.014172,3
levenshtein,265,entropy,0.651152,0.011753,3
levenshtein,266,entropy,0.647331,0.016004,3
levenshtein,267,entropy,0.637636,0.008013,3
levenshtein,268,entropy,0.633187,0.018836,3
levenshtein,269,entropy,0.642977,0.008852,3
levenshtein,270,entropy,0.631904,0.007698,3
levenshtein,271,entropy,0.632535,0.022474,3
levenshtein,272,entropy,0.6264,0.006891,3
levenshtein,273,entropy,0.642002,0.005226,3
levenshtein,274,entropy,0.628185,0.023256,3
levenshtein,275,entropy,0.62593,0.0187,3
levenshtein,276,entropy,0.611614,0.026016,3
levenshtein,277,entropy,0.637947,0.009119,3
levenshtein,278,entropy,0.630187,0.021518,3
levenshtein,279,entropy,0.616191,0.015031,3
levenshtein,280,entropy,0.620394,0.020159,3
levenshtein,281,entropy,0.636117,0.022124,3
levenshtein,282,entropy,0.629292,0.007893,3
levenshtein,283,entropy,0.605578,0.014735,3
levenshtein,284,entropy,0.624868,0.005638,3
levenshtein,285,entropy,0.620783,0.014384,3
levenshtein,286,entropy,0.638121,0.01539,3
levenshtein,287,entropy,0.606107,0.016168,3
levenshtein,288,entropy,0.627487,0.02255,3
levenshtein,289,entropy,0.623089,0.018649,3
levenshtein,290,entropy,0.63321,0.008895,3
levenshtein,291,entropy,0.634654,0.014035,3
levenshtein,292,entropy,0.619616,0.008558,3
levenshtein,293,entropy,0.61869,0.00487,3
levenshtein,294,entropy,0.630816,0.019701,3
levenshtein,295,entropy,0.629682,0.017488,3
levenshtein,296,entropy,0.633653,0.020978,3
levenshtein,297,entropy,0.634919,0.025992,3
levenshtein,298,entropy,0.641806,0.004682,3
levenshtein,299,entropy,0.613425,0.015718,3
levenshtein,300,entropy,0.632924,0.033382,3
levenshtein,301,entropy,0.624994,0.007029,3
levenshtein,302,entropy,0.614982,0.020049,3
levenshtein,303,entropy,0.641685,0.01066,3
levenshtein,304,entropy,0.621605,0.013867,3
levenshtein,305,entropy,0.647493,0.011475,3
levenshtein,306,entropy,0.626722,0.022784,3
levenshtein,307,entropy,0.613949,0.011838,3
levenshtein,308,entropy,0.645228,0.008553,3
levenshtein,309,entropy,0.636374,0.021188,3
levenshtein,310,entropy,0.621223,0.010169,3
levenshtein,311,entropy,0.624279,0.008369,3
levenshtein,312,entropy,0.63878,0.01267,3
levenshtein,313,entropy,0.625017,0.009192,3
levenshtein,314,entropy,0.638303,0.015648,3
levenshtein,315,entropy,0.656975,0.014347,3
levenshtein,316,entropy,0.643803,0.023415,3
levenshtein,317,entropy,0.652763,0.014396,3
levenshtein,318,entropy,0.637923,0.005944,3
levenshtein,319,entropy,0.622954,0.019167,3
levenshtein,320,entropy,0.635173,0.02176,3
levenshtein,321,entropy,0.613475,0.014751,3
levenshtein,322,entropy,0.620644,0.016733,3
levenshtein,323,entropy,0.637684,0.046221,3
levenshtein,324,entropy,0.624449,0.009469,3
levenshtein,325,entropy,0.615599,0.012646,3
levenshtein,326,entropy,0.619143,0.023572,3
levenshtein,327,entropy,0.630271,0.026915,3
levenshtein,328,entropy,0.644534,0.015873,3
levenshtein,329,entropy,0.628241,0.012799,3
levenshtein,330,entropy,0.620535,0.004151,3
levenshtein,331,entropy,0.616688,0.005071,3
levenshtein,332,entropy,0.6394,0.007729,3
levenshtein,333,entropy,0.626322,0.01842,3
levenshtein,334,entropy,0.621879,0.014602,3
levenshtein,335,entropy,0.59979,0.006391,3
levenshtein,336,entropy,0.627636,0.018553,3
levenshtein,337,entropy,0.62672,0.01989,3
levenshtein,338,entropy,0.626152,0.007493,3
levenshtein,339,entropy,0.619091,0.009914,3
levenshtein,340,entropy,0.646036,0.0308,3
levenshtein,341,entropy,0.588763,0.012569,3
levenshtein,342,entropy,0.630829,0.009779,3
levenshtein,343,entropy,0.629289,0.020203,3
levenshtein,344,entropy,0.621736,0.009901,3
levenshtein,345,entropy,0.653074,0.028827,3
levenshtein,346,entropy,0.618234,0.006749,3
levenshtein,347,entropy,0.601637,0.021688,3
levenshtein,348,entropy,0.628837,0.006065,3
levenshtein,349,entropy,0.615915,0.004026,3
levenshtein,350,entropy,0.615635,0.021936,3
levenshtein,351,entropy,0.595747,0.007592,3
levenshtein,352,entropy,0.595994,0.010503,3
levenshtein,353,entropy,0.610969,0.020001,3
levenshtein,354,entropy,0.601499,0.023008,3
levenshtein,355,entropy,0.619899,0.012722,3
levenshtein,356,entropy,0.614902,0.010246,3
levenshtein,357,entropy,0.6312,0.014636,3
levenshtein,358,entropy,0.612709,0.031131,3
levenshtein,359,entropy,0.614302,0.021598,3
levenshtein,360,entropy,0.597464,0.02885,3
levenshtein,361,entropy,0.604774,0.014307,3
levenshtein,362,entropy,0.620797,0.014032,3
levenshtein,363,entropy,0.589927,0.018493,3
levenshtein,364,entropy,0.606946,0.010339,3
levenshtein,365,entropy,0.58876,0.012062,3
levenshtein,366,entropy,0.624454,0.01857,3
levenshtein,367,entropy,0.633173,0.017168,3
levenshtein,368,entropy,0.60614,0.002296,3
levenshtein,369,entropy,0.622886,0.0043,3
levenshtein,370,entropy,0.617423,0.009561,3
levenshtein,371,entropy,0.607482,0.025166,3
levenshtein,372,entropy,0.595852,0.025468,3
levenshtein,373,entropy,0.622071,0.014931,3
levenshtein,374,entropy,0.612863,0.017386,3
levenshtein,375,entropy,0.60183,0.019833,3
levenshtein,376,entropy,0.619841,0.034031,3
levenshtein,377,entropy,0.628825,0.00878,3
levenshtein,378,entropy,0.624015,0.004726,3
levenshtein,379,entropy,0.615677,0.014075,3
levenshtein,380,entropy,0.619268,0.012771,3
levenshtein,381,entropy,0.618756,0.023743,3
levenshtein,382,entropy,0.604282,0.012588,3
levenshtein,383,entropy,0.60095,0.012697,3
levenshtein,384,entropy,0.611547,0.031282,3
levenshtein,385,entropy,0.615889,0.029095,3
levenshtein,386,entropy,0.613439,0.028408,3
levenshtein,387,entropy,0.602897,0.01512,3
levenshtein,388,entropy,0.625219,0.010395,3
levenshtein,389,entropy,0.608032,0.00944,3
levenshtein,390,entropy,0.613858,0.010084,3
levenshtein,391,entropy,0.618779,0.029801,3
levenshtein,392,entropy,0.620698,0.009532,3
levenshtein,393,entropy,0.612218,0.030429,3
levenshtein,394,entropy,0.641541,0.016831,3
levenshtein,395,entropy,0.592951,0.003834,3
levenshtein,396,entropy,0.615809,0.001095,3
levenshtein,397,entropy,0.611856,0.014649,3
levenshtein,398,entropy,0.609019,0.010234,3
levenshtein,399,entropy,0.625979,0.019509,3
levenshtein,400,entropy,0.615859,0.010138,3
levenshtein,401,entropy,0.586553,0.017289,3
levenshtein,402,entropy,0.599537,0.003871,3
levenshtein,403,entropy,0.616707,0.008922,3
levenshtein,404,entropy,0.627652,0.009141,3
levenshtein,405,entropy,0.616109,0.010744,3
levenshtein,406,entropy,0.628083,0.006864,3
levenshtein,407,entropy,0.616921,0.011468,3
levenshtein,408,entropy,0.612322,0.011232,3
levenshtein,409,entropy,0.610969,0.005596,3
levenshtein,410,entropy,0.628716,0.024462,3
levenshtein,411,entropy,0.615614,0.006669,3
levenshtein,412,entropy,0.603934,0.037975,3
levenshtein,413,entropy,0.612605,0.031312,3
levenshtein,414,entropy,0.610912,0.01826,3
levenshtein,415,entropy,0.638138,0.018683,3
levenshtein,416,entropy,0.635799,0.03729,3
levenshtein,417,entropy,0.606178,0.008645,3
levenshtein,418,entropy,0.629474,0.018907,3
levenshtein,419,entropy,0.623743,0.010364,3
levenshtein,420,entropy,0.606071,0.019107,3
levenshtein,421,entropy,0.617238,0.010772,3
levenshtein,422,entropy,0.600975,0.03271,3
levenshtein,423,entropy,0.619155,0.017551,3
levenshtein,424,entropy,0.624127,0.001344,3
levenshtein,425,entropy,0.594466,0.012812,3
levenshtein,426,entropy,0.607744,0.013066,3
levenshtein,427,entropy,0.638155,0.012157,3
levenshtein,428,entropy,0.608324,0.007587,3
levenshtein,429,entropy,0.617953,0.013824,3
levenshtein,430,entropy,0.614768,0.021131,3
levenshtein,431,entropy,0.59204,0.018625,3
levenshtein,432,entropy,0.601968,0.030249,3
levenshtein,433,entropy,0.638936,0.020046,3
levenshtein,434,entropy,0.608568,0.006968,3
levenshtein,435,entropy,0.619555,0.017099,3
levenshtein,436,entropy,0.600192,0.030525,3
levenshtein,437,entropy,0.622193,0.015289,3
levenshtein,438,entropy,0.612666,0.02033,3
levenshtein,439,entropy,0.61944,0.027317,3
levenshtein,440,entropy,0.606112,0.041627,3
levenshtein,441,entropy,0.611123,0.00627,3
levenshtein,442,entropy,0.621788,0.004613,3
levenshtein,443,entropy,0.585552,0.016839,3
levenshtein,444,entropy,0.614106,0.011376,3
levenshtein,445,entropy,0.60746,0.002761,3
levenshtein,446,entropy,0.609957,0.011603,3
levenshtein,447,entropy,0.609789,0.015196,3
levenshtein,448,entropy,0.60267,0.018816,3
levenshtein,449,entropy,0.617466,0.021448,3
levenshtein,450,entropy,0.590807,0.023033,3
levenshtein,451,entropy,0.602755,0.032556,3
levenshtein,452,entropy,0.620241,0.033044,3
levenshtein,453,entropy,0.610111,0.01319,3
levenshtein,454,entropy,0.633298,0.017764,3
levenshtein,455,entropy,0.617521,0.010591,3
levenshtein,456,entropy,0.629663,0.021983,3
levenshtein,457,entropy,0.610658,0.022229,3
levenshtein,458,entropy,0.624213,0.012421,3
levenshtein,459,entropy,0.625787,0.016698,3
levenshtein,460,entropy,0.608958,0.023894,3
levenshtein,461,entropy,0.613104,0.033588,3
levenshtein,462,entropy,0.597206,0.027771,3
levenshtein,463,entropy,0.616224,0.01667,3
levenshtein,464,entropy,0.613734,0.014037,3
levenshtein,465,entropy,0.612592,0.03267,3
levenshtein,466,entropy,0.619999,0.020186,3
levenshtein,467,entropy,0.6211,0.019689,3
levenshtein,468,entropy,0.604993,0.026872,3
levenshtein,469,entropy,0.624642,0.019531,3
levenshtein,470,entropy,0.59343,0.0198,3
levenshtein,471,entropy,0.609113,0.021207,3
levenshtein,472,entropy,0.596274,0.019341,3
levenshtein,473,entropy,0.621017,0.017212,3
levenshtein,474,entropy,0.621443,0.006733,3
levenshtein,475,entropy,0.610325,0.028964,3
levenshtein,476,entropy,0.592045,0.007282,3
levenshtein,477,entropy,0.584292,0.017993,3
levenshtein,478,entropy,0.597695,0.023178,3
levenshtein,479,entropy,0.595477,0.007441,3
levenshtein,480,entropy,0.590923,0.034553,3
levenshtein,481,entropy,0.581906,0.004247,3
levenshtein,482,entropy,0.623137,0.014839,3
levenshtein,483,entropy,0.627286,0.014765,3
levenshtein,484,entropy,0.621872,0.003475,3
levenshtein,485,entropy,0.594975,0.024021,3
levenshtein,486,entropy,0.59123,0.00795,3
levenshtein,487,entropy,0.605645,0.025565,3
levenshtein,488,entropy,0.614524,0.020692,3
levenshtein,489,entropy,0.603629,0.011523,3
levenshtein,490,entropy,0.606616,0.037196,3
levenshtein,491,entropy,0.59027,0.010317,3
levenshtein,492,entropy,0.616609,0.020624,3
levenshtein,493,entropy,0.631733,0.023384,3
levenshtein,494,entropy,0.596511,0.021174,3
levenshtein,495,entropy,0.601754,0.030488,3
levenshtein,496,entropy,0.605595,0.009006,3
levenshtein,497,entropy,0.609073,0.010993,3
levenshtein,498,entropy,0.59735,0.008349,3
levenshtein,499,entropy,0.615395,0.008612,3
levenshtein,500,entropy,0.597084,0.031366,3
levenshtein,501,entropy,0.594062,0.028678,3
levenshtein,502,entropy,0.606709,0.02138,3
levenshtein,503,entropy,0.590269,0.01825,3
levenshtein,504,entropy,0.606979,0.022455,3
levenshtein,505,entropy,0.589937,0.008035,3
levenshtein,506,entropy,0.597872,0.012262,3
levenshtein,507,entropy,0.582211,0.019284,3
levenshtein,508,entropy,0.600828,0.004059,3
levenshtein,509,entropy,0.603547,0.023177,3
levenshtein,510,entropy,0.606848,0.007888,3
levenshtein,511,entropy,0.588138,0.018984,3
levenshtein,512,entropy,0.605657,0.02787,3
levenshtein,513,entropy,0.613511,0.022774,3
levenshtein,514,entropy,0.618611,0.023792,3
levenshtein,515,entropy,0.579284,0.018364,3
levenshtein,516,entropy,0.597927,0.031719,3
levenshtein,517,entropy,0.615186,0.021115,3
levenshtein,518,entropy,0.595453,0.00808,3
levenshtein,519,entropy,0.617202,0.021511,3
levenshtein,520,entropy,0.61633,0.006163,3
levenshtein,521,entropy,0.610809,0.026685,3
levenshtein,522,entropy,0.609992,0.013319,3
levenshtein,523,entropy,0.597297,0.00812,3
levenshtein,524,entropy,0.614833,0.022944,3
levenshtein,525,entropy,0.592568,0.025354,3
levenshtein,526,entropy,0.604308,0.029632,3
levenshtein,527,entropy,0.59774,0.0251,3
levenshtein,528,entropy,0.59829,0.021895,3
levenshtein,529,entropy,0.619375,0.016834,3
levenshtein,530,entropy,0.592956,0.001784,3
levenshtein,531,entropy,0.603546,0.025586,3
levenshtein,532,entropy,0.579626,0.031035,3
levenshtein,533,entropy,0.588412,0.005784,3
levenshtein,534,entropy,0.603774,0.012572,3
levenshtein,535,entropy,0.598671,0.024458,3
levenshtein,536,entropy,0.606537,0.009876,3
levenshtein,537,entropy,0.610013,0.0204,3
levenshtein,538,entropy,0.603359,0.028502,3
levenshtein,539,entropy,0.60199,0.01734,3
levenshtein,540,entropy,0.597702,0.016174,3
levenshtein,541,entropy,0.607659,0.018618,3
levenshtein,542,entropy,0.586911,0.025062,3
levenshtein,543,entropy,0.612052,0.018145,3
levenshtein,544,entropy,0.618518,0.018364,3
levenshtein,545,entropy,0.578939,0.019906,3
levenshtein,546,entropy,0.598944,0.017122,3
levenshtein,547,entropy,0.603407,0.004962,3
levenshtein,548,entropy,0.598789,0.013624,3
levenshtein,549,entropy,0.619498,0.00538,3
levenshtein,550,entropy,0.601734,0.019179,3
levenshtein,551,entropy,0.582773,0.015051,3
levenshtein,552,entropy,0.59629,0.023462,3
levenshtein,553,entropy,0.613884,0.006105,3
levenshtein,554,entropy,0.582928,0.031995,3
levenshtein,555,entropy,0.592946,0.008588,3
levenshtein,556,entropy,0.592816,0.014812,3
levenshtein,557,entropy,0.607051,0.01847,3
levenshtein,558,entropy,0.599135,0.01106,3
levenshtein,559,entropy,0.617521,0.015032,3
levenshtein,560,entropy,0.600741,0.006673,3
levenshtein,561,entropy,0.597171,0.011968,3
levenshtein,562,entropy,0.580928,0.02406,3
levenshtein,563,entropy,0.601546,0.015492,3
levenshtein,564,entropy,0.612264,0.020399,3
levenshtein,565,entropy,0.593161,0.003716,3
levenshtein,566,entropy,0.589841,0.012492,3
levenshtein,567,entropy,0.611134,0.048275,3
levenshtein,568,entropy,0.579146,0.01232,3
levenshtein,569,entropy,0.583077,0.015743,3
levenshtein,570,entropy,0.596708,0.015979,3
levenshtein,571,entropy,0.571804,0.022595,3
levenshtein,572,entropy,0.573284,0.016518,3
levenshtein,573,entropy,0.596467,0.009642,3
levenshtein,574,entropy,0.603579,0.010895,3
levenshtein,575,entropy,0.62511,0.001378,3
levenshtein,576,entropy,0.593138,0.014751,3
levenshtein,577,entropy,0.571891,0.01574,3
levenshtein,578,entropy,0.619898,0.012188,3
levenshtein,579,entropy,0.604437,0.003732,3
levenshtein,580,entropy,0.601464,0.026155,3
levenshtein,581,entropy,0.61043,0.013388,3
levenshtein,582,entropy,0.593651,0.006675,3
levenshtein,583,entropy,0.60411,0.013265,3
levenshtein,584,entropy,0.593146,0.027241,3
levenshtein,585,entropy,0.591506,0.013922,3
levenshtein,586,entropy,0.607055,0.004154,3
levenshtein,587,entropy,0.574976,0.038271,3
levenshtein,588,entropy,0.620968,0.001912,3
levenshtein,589,entropy,0.586776,0.015858,3
levenshtein,590,entropy,0.592363,0.011292,3
levenshtein,591,entropy,0.586712,0.003147,3
levenshtein,592,entropy,0.597829,0.020013,3
levenshtein,593,entropy,0.598758,0.015646,3
levenshtein,594,entropy,0.585815,0.009061,3
levenshtein,595,entropy,0.595616,0.009899,3
levenshtein,596,entropy,0.603755,0.021062,3
levenshtein,597,entropy,0.588631,0.021593,3
levenshtein,598,entropy,0.593006,0.015119,3
levenshtein,599,entropy,0.596167,0.012373,3
levenshtein,600,entropy,0.603804,0.019432,3
levenshtein,601,entropy,0.614627,0.023534,3
levenshtein,602,entropy,0.584731,0.012904,3
levenshtein,603,entropy,0.623374,0.009151,3
levenshtein,604,entropy,0.616275,0.006843,3
levenshtein,605,entropy,0.589972,0.027051,3
levenshtein,606,entropy,0.594315,0.014969,3
levenshtein,607,entropy,0.592459,0.031481,3
levenshtein,608,entropy,0.622636,0.020149,3
levenshtein,609,entropy,0.577744,0.008028,3
levenshtein,610,entropy,0.594854,0.007561,3
levenshtein,611,entropy,0.586389,0.023348,3
levenshtein,612,entropy,0.625093,0.001531,3
levenshtein,613,entropy,0.61929,0.017635,3
levenshtein,614,entropy,0.60316,0.010706,3
levenshtein,615,entropy,0.59503,0.02942,3
levenshtein,616,entropy,0.594998,0.009355,3
levenshtein,617,entropy,0.588342,0.018803,3
levenshtein,618,entropy,0.599373,0.021301,3
levenshtein,619,entropy,0.582214,0.008797,3
levenshtein,620,entropy,0.611396,0.011889,3
levenshtein,621,entropy,0.606081,0.022104,3
levenshtein,622,entropy,0.586806,0.001988,3
levenshtein,623,entropy,0.603081,0.029791,3
levenshtein,624,entropy,0.608287,0.023556,3
levenshtein,625,entropy,0.593777,0.007551,3
levenshtein,626,entropy,0.598349,0.021904,3
levenshtein,627,entropy,0.577404,0.034959,3
levenshtein,628,entropy,0.590752,0.024467,3
levenshtein,629,entropy,0.601522,0.00844,3
levenshtein,630,entropy,0.58223,0.016921,3
levenshtein,631,entropy,0.578932,0.025472,3
levenshtein,632,entropy,0.605973,0.005134,3
levenshtein,633,entropy,0.599957,0.026738,3
levenshtein,634,entropy,0.589916,0.01212,3
levenshtein,635,entropy,0.602022,0.00314,3
levenshtein,636,entropy,0.570461,0.011829,3
levenshtein,637,entropy,0.57509,0.012763,3
levenshtein,638,entropy,0.590733,0.015413,3
levenshtein,639,entropy,0.587675,0.028592,3
levenshtein,640,entropy,0.606836,0.014134,3
levenshtein,641,entropy,0.615569,0.015404,3
levenshtein,642,entropy,0.610239,0.010896,3
levenshtein,643,entropy,0.580995,0.014572,3
levenshtein,644,entropy,0.587345,0.010717,3
levenshtein,645,entropy,0.597728,0.012857,3
levenshtein,646,entropy,0.59538,0.019045,3
levenshtein,647,entropy,0.561753,0.015509,3
levenshtein,648,entropy,0.601975,0.018489,3
levenshtein,649,entropy,0.596479,0.028648,3
levenshtein,650,entropy,0.581404,0.026393,3
levenshtein,651,entropy,0.570735,0.00322,3
levenshtein,652,entropy,0.538262,0.022351,3
levenshtein,653,entropy,0.597216,0.012974,3
levenshtein,654,entropy,0.573626,0.011494,3
levenshtein,655,entropy,0.587042,0.014836,3
levenshtein,656,entropy,0.594505,0.007963,3
levenshtein,657,entropy,0.607495,0.016211,3
levenshtein,658,entropy,0.60532,0.013524,3
levenshtein,659,entropy,0.596379,0.02108,3
levenshtein,660,entropy,0.585244,0.031153,3
levenshtein,661,entropy,0.596796,0.010914,3
levenshtein,662,entropy,0.590813,0.022997,3
levenshtein,663,entropy,0.597049,0.008948,3
levenshtein,664,entropy,0.613618,0.02444,3
levenshtein,665,entropy,0.580585,0.007973,3
levenshtein,666,entropy,0.57564,0.025187,3
levenshtein,667,entropy,0.578688,0.019201,3
levenshtein,668,entropy,0.587654,0.022958,3
levenshtein,669,entropy,0.595861,0.011797,3
levenshtein,670,entropy,0.568842,0.021543,3
levenshtein,671,entropy,0.602992,0.00524,3
levenshtein,672,entropy,0.590295,0.028794,3
levenshtein,673,entropy,0.615739,0.014109,3
levenshtein,674,entropy,0.593086,0.015994,3
levenshtein,675,entropy,0.617333,0.016376,3
levenshtein,676,entropy,0.595926,0.021077,3
levenshtein,677,entropy,0.587727,0.008917,3
levenshtein,678,entropy,0.581661,0.01129,3
levenshtein,679,entropy,0.597144,0.007057,3
levenshtein,680,entropy,0.593555,0.027505,3
levenshtein,681,entropy,0.582283,0.005224,3
levenshtein,682,entropy,0.593404,0.028621,3
levenshtein,683,entropy,0.57124,0.005146,3
levenshtein,684,entropy,0.595602,0.011869,3
levenshtein,685,entropy,0.581862,0.009761,3
levenshtein,686,entropy,0.584798,0.020325,3
levenshtein,687,entropy,0.581277,0.028048,3
levenshtein,688,entropy,0.603443,0.019793,3
levenshtein,689,entropy,0.584846,0.019303,3
levenshtein,690,entropy,0.602772,0.004202,3
levenshtein,691,entropy,0.590641,0.007247,3
levenshtein,692,entropy,0.574175,0.018084,3
levenshtein,693,entropy,0.604191,0.020993,3
levenshtein,694,entropy,0.5955,0.01263,3
levenshtein,695,entropy,0.578747,0.019483,3
levenshtein,696,entropy,0.591433,0.02077,3
levenshtein,697,entropy,0.592908,0.010917,3
levenshtein,698,entropy,0.573059,0.015425,3
levenshtein,699,entropy,0.596296,0.014818,3
levenshtein,700,entropy,0.580251,0.023157,3
levenshtein,701,entropy,0.57761,0.012746,3
levenshtein,702,entropy,0.5908,0.019201,3
levenshtein,703,entropy,0.596031,0.024933,3
levenshtein,704,entropy,0.608032,0.014162,3
levenshtein,705,entropy,0.610176,0.0225,3
levenshtein,706,entropy,0.587575,0.014357,3
levenshtein,707,entropy,0.585726,0.002843,3
levenshtein,708,entropy,0.567627,0.012343,3
levenshtein,709,entropy,0.59909,0.023902,3
levenshtein,710,entropy,0.576186,0.017881,3
levenshtein,711,entropy,0.579389,0.007531,3
levenshtein,712,entropy,0.590133,0.014495,3
levenshtein,713,entropy,0.606314,0.004178,3
levenshtein,714,entropy,0.575233,0.020684,3
levenshtein,715,entropy,0.586703,0.009039,3
levenshtein,716,entropy,0.586327,0.023422,3
levenshtein,717,entropy,0.593488,0.018061,3
levenshtein,718,entropy,0.606139,0.038044,3
levenshtein,719,entropy,0.589273,0.012537,3
levenshtein,720,entropy,0.596126,0.008002,3
levenshtein,721,entropy,0.606808,0.008992,3
levenshtein,722,entropy,0.603509,0.017765,3
levenshtein,723,entropy,0.578845,0.01517,3
levenshtein,724,entropy,0.608533,0.018059,3
levenshtein,725,entropy,0.607933,0.017516,3
levenshtein,726,entropy,0.591455,0.019568,3
levenshtein,727,entropy,0.596837,0.031129,3
levenshtein,728,entropy,0.588816,0.007444,3
levenshtein,729,entropy,0.594436,0.021891,3
levenshtein,730,entropy,0.591006,0.020391,3
levenshtein,731,entropy,0.600885,0.022962,3
levenshtein,732,entropy,0.593509,0.019002,3
levenshtein,733,entropy,0.581307,0.001585,3
levenshtein,734,entropy,0.596511,0.008912,3
levenshtein,735,entropy,0.593606,0.02034,3
levenshtein,736,entropy,0.601436,0.00587,3
levenshtein,737,entropy,0.595134,0.008207,3
levenshtein,738,entropy,0.589879,0.01642,3
levenshtein,739,entropy,0.572445,0.003391,3
levenshtein,740,entropy,0.578224,0.004379,3
levenshtein,741,entropy,0.588964,0.033973,3
levenshtein,742,entropy,0.585491,0.016534,3
levenshtein,743,entropy,0.595594,0.017717,3
levenshtein,744,entropy,0.58538,0.002776,3
levenshtein,745,entropy,0.587471,0.007958,3
levenshtein,746,entropy,0.587759,0.01418,3
levenshtein,747,entropy,0.607851,0.001252,3
levenshtein,748,entropy,0.57373,0.021173,3
levenshtein,749,entropy,0.59429,0.004588,3
levenshtein,750,entropy,0.591556,0.018715,3
levenshtein,751,entropy,0.598373,0.011296,3
levenshtein,752,entropy,0.594955,0.015699,3
levenshtein,753,entropy,0.592452,0.015957,3
levenshtein,754,entropy,0.57875,0.007059,3
levenshtein,755,entropy,0.569851,0.019294,3
levenshtein,756,entropy,0.583434,0.031496,3
levenshtein,757,entropy,0.583078,0.016113,3
levenshtein,758,entropy,0.585764,0.011292,3
levenshtein,759,entropy,0.632824,0.022762,3
levenshtein,760,entropy,0.599611,0.030595,3
levenshtein,761,entropy,0.591829,0.01742,3
levenshtein,762,entropy,0.596866,0.016783,3
levenshtein,763,entropy,0.57847,0.013222,3
levenshtein,764,entropy,0.568005,0.013585,3
levenshtein,765,entropy,0.591194,0.011249,3
levenshtein,766,entropy,0.608184,0.023699,3
levenshtein,767,entropy,0.575122,0.02934,3
levenshtein,768,entropy,0.591275,0.022092,3
levenshtein,769,entropy,0.611848,0.018846,3
levenshtein,770,entropy,0.578502,0.022889,3
levenshtein,771,entropy,0.595894,0.019074,3
levenshtein,772,entropy,0.5997,0.014298,3
levenshtein,773,entropy,0.598048,0.002113,3
levenshtein,774,entropy,0.594328,0.01194,3
levenshtein,775,entropy,0.582715,0.026478,3
levenshtein,776,entropy,0.587326,0.023345,3
levenshtein,777,entropy,0.593781,0.023587,3
levenshtein,778,entropy,0.581244,0.017982,3
levenshtein,779,entropy,0.606533,0.021077,3
levenshtein,780,entropy,0.600674,0.01239,3
levenshtein,781,entropy,0.607623,0.014173,3
levenshtein,782,entropy,0.610591,0.018542,3
levenshtein,783,entropy,0.606036,0.014404,3
levenshtein,784,entropy,0.584508,0.007494,3
levenshtein,785,entropy,0.593832,0.032919,3
levenshtein,786,entropy,0.59458,0.007198,3
levenshtein,787,entropy,0.57981,0.024683,3
levenshtein,788,entropy,0.610909,0.029444,3
levenshtein,789,entropy,0.587565,0.031488,3
levenshtein,790,entropy,0.570409,0.030572,3
levenshtein,791,entropy,0.572491,0.030456,3
levenshtein,792,entropy,0.598377,0.022027,3
levenshtein,793,entropy,0.581485,0.009883,3
levenshtein,794,entropy,0.592735,0.041733,3
levenshtein,795,entropy,0.574564,0.015415,3
levenshtein,796,entropy,0.568095,0.01547,3
levenshtein,797,entropy,0.584586,0.017741,3
levenshtein,798,entropy,0.602559,0.018828,3
levenshtein,799,entropy,0.601237,0.026056,3
levenshtein,800,entropy,0.588764,0.029219,3
levenshtein,801,entropy,0.581209,0.008778,3
levenshtein,802,entropy,0.572519,0.030105,3
levenshtein,803,entropy,0.5697,0.014512,3
levenshtein,804,entropy,0.566689,0.03158,3
levenshtein,805,entropy,0.588375,0.040494,3
levenshtein,806,entropy,0.572782,0.018877,3
levenshtein,807,entropy,0.57917,0.004402,3
levenshtein,808,entropy,0.565223,0.024043,3
levenshtein,809,entropy,0.578685,0.02342,3
levenshtein,810,entropy,0.587515,0.018188,3
levenshtein,811,entropy,0.594155,0.012326,3
levenshtein,812,entropy,0.599637,0.021436,3
levenshtein,813,entropy,0.598063,0.009405,3
levenshtein,814,entropy,0.589818,0.025809,3
levenshtein,815,entropy,0.572421,0.013123,3
levenshtein,816,entropy,0.582545,0.022636,3
levenshtein,817,entropy,0.592669,0.019212,3
levenshtein,818,entropy,0.584104,0.029182,3
levenshtein,819,entropy,0.587864,0.023725,3
levenshtein,820,entropy,0.575583,0.006576,3
levenshtein,821,entropy,0.553535,0.040253,3
levenshtein,822,entropy,0.587639,0.002262,3
levenshtein,823,entropy,0.57002,0.006201,3
levenshtein,824,entropy,0.59582,0.021606,3
levenshtein,825,entropy,0.575179,0.026801,3
levenshtein,826,entropy,0.559375,0.021809,3
levenshtein,827,entropy,0.58823,0.044498,3
levenshtein,828,entropy,0.586445,0.010219,3
levenshtein,829,entropy,0.579234,0.032531,3
levenshtein,830,entropy,0.568697,0.004471,3
levenshtein,831,entropy,0.555065,0.008918,3
levenshtein,832,entropy,0.590763,0.02623,3
levenshtein,833,entropy,0.562648,0.011983,3
levenshtein,834,entropy,0.557699,0.022971,3
levenshtein,835,entropy,0.566838,0.02115,3
levenshtein,836,entropy,0.597769,0.027553,3
levenshtein,837,entropy,0.575207,0.01995,3
levenshtein,838,entropy,0.577384,0.017743,3
levenshtein,839,entropy,0.566739,0.024871,3
levenshtein,840,entropy,0.578985,0.022388,3
levenshtein,841,entropy,0.570878,0.008712,3
levenshtein,842,entropy,0.55811,0.026299,3
levenshtein,843,entropy,0.575945,0.033339,3
levenshtein,844,entropy,0.57262,0.036898,3
levenshtein,845,entropy,0.608372,0.016764,3
levenshtein,846,entropy,0.587847,0.027538,3
levenshtein,847,entropy,0.582263,0.03566,3
levenshtein,848,entropy,0.583131,0.018694,3
levenshtein,849,entropy,0.592025,0.019967,3
levenshtein,850,entropy,0.572692,0.006326,3
levenshtein,851,entropy,0.574352,0.029686,3
levenshtein,852,entropy,0.575373,0.005361,3
levenshtein,853,entropy,0.594116,0.00668,3
levenshtein,854,entropy,0.585056,0.022839,3
levenshtein,855,entropy,0.577172,0.017696,3
levenshtein,856,entropy,0.589518,0.036861,3
levenshtein,857,entropy,0.597393,0.01471,3
levenshtein,858,entropy,0.582747,0.038929,3
levenshtein,859,entropy,0.56193,0.027533,3
levenshtein,860,entropy,0.57802,0.006499,3
levenshtein,861,entropy,0.55472,0.010436,3
levenshtein,862,entropy,0.586787,0.023067,3
levenshtein,863,entropy,0.581603,0.011661,3
levenshtein,864,entropy,0.56192,0.004783,3
levenshtein,865,entropy,0.574144,0.006018,3
levenshtein,866,entropy,0.565902,0.040336,3
levenshtein,867,entropy,0.581144,0.002161,3
levenshtein,868,entropy,0.574439,0.030631,3
levenshtein,869,entropy,0.593094,0.004386,3
levenshtein,870,entropy,0.565235,0.01521,3
levenshtein,871,entropy,0.574467,0.01469,3
levenshtein,872,entropy,0.576851,0.012538,3
levenshtein,873,entropy,0.565554,0.009038,3
levenshtein,874,entropy,0.582756,0.00538,3
levenshtein,875,entropy,0.574059,0.021075,3
levenshtein,876,entropy,0.549759,0.011442,3
levenshtein,877,entropy,0.574815,0.009799,3
levenshtein,878,entropy,0.581896,0.009508,3
levenshtein,879,entropy,0.578361,0.010336,3
levenshtein,880,entropy,0.596179,0.032507,3
levenshtein,881,entropy,0.601017,0.02295,3
levenshtein,882,entropy,0.585015,0.015657,3
levenshtein,883,entropy,0.581519,0.006922,3
levenshtein,884,entropy,0.579922,0.022579,3
levenshtein,885,entropy,0.563298,0.008386,3
levenshtein,886,entropy,0.603327,0.009872,3
levenshtein,887,entropy,0.5851,0.034273,3
levenshtein,888,entropy,0.602471,0.031763,3
levenshtein,889,entropy,0.592027,0.011856,3
levenshtein,890,entropy,0.565211,0.031714,3
levenshtein,891,entropy,0.568221,0.024805,3
levenshtein,892,entropy,0.596194,0.042848,3
levenshtein,893,entropy,0.581121,0.028587,3
levenshtein,894,entropy,0.580909,0.020519,3
levenshtein,895,entropy,0.558224,0.002498,3
levenshtein,896,entropy,0.578403,0.001868,3
levenshtein,897,entropy,0.592365,0.035876,3
levenshtein,898,entropy,0.576857,0.023951,3
levenshtein,899,entropy,0.57276,0.001418,3
levenshtein,900,entropy,0.577175,0.008406,3
levenshtein,901,entropy,0.576889,0.005167,3
levenshtein,902,entropy,0.593867,0.012415,3
levenshtein,903,entropy,0.564325,0.005484,3
levenshtein,904,entropy,0.582037,0.010965,3
levenshtein,905,entropy,0.578413,0.015459,3
levenshtein,906,entropy,0.574896,0.012317,3
levenshtein,907,entropy,0.568139,0.007106,3
levenshtein,908,entropy,0.564299,0.00852,3
levenshtein,909,entropy,0.582447,0.006618,3
levenshtein,910,entropy,0.562874,0.006565,3
levenshtein,911,entropy,0.578282,0.016338,3
levenshtein,912,entropy,0.588646,0.027315,3
levenshtein,913,entropy,0.583472,0.028084,3
levenshtein,914,entropy,0.595668,0.007763,3
levenshtein,915,entropy,0.567381,0.008929,3
levenshtein,916,entropy,0.574907,0.015575,3
levenshtein,917,entropy,0.561924,0.011356,3
levenshtein,918,entropy,0.578116,0.027565,3
levenshtein,919,entropy,0.561635,0.012545,3
levenshtein,920,entropy,0.567316,0.016526,3
levenshtein,921,entropy,0.582336,0.016345,3
levenshtein,922,entropy,0.586632,0.0108,3
levenshtein,923,entropy,0.578236,0.009988,3
levenshtein,924,entropy,0.592086,0.012099,3
levenshtein,925,entropy,0.578741,0.036115,3
levenshtein,926,entropy,0.572607,0.01914,3
levenshtein,927,entropy,0.592789,0.018591,3
levenshtein,928,entropy,0.574398,0.010467,3
levenshtein,929,entropy,0.552282,0.008625,3
levenshtein,930,entropy,0.580056,0.005287,3
levenshtein,931,entropy,0.58443,0.027727,3
levenshtein,932,entropy,0.576473,0.003869,3
levenshtein,933,entropy,0.575955,0.012781,3
levenshtein,934,entropy,0.594535,0.019068,3
levenshtein,935,entropy,0.579887,0.006458,3
levenshtein,936,entropy,0.579207,0.001576,3
levenshtein,937,entropy,0.572962,0.028185,3
levenshtein,938,entropy,0.594537,0.034257,3
levenshtein,939,entropy,0.58137,0.049477,3
levenshtein,940,entropy,0.595335,0.017669,3
levenshtein,941,entropy,0.594003,0.048311,3
levenshtein,942,entropy,0.589838,0.023109,3
levenshtein,943,entropy,0.588072,0.020016,3
levenshtein,944,entropy,0.548025,0.026358,3
levenshtein,945,entropy,0.5769,0.032088,3
levenshtein,946,entropy,0.610671,0.0173,3
levenshtein,947,entropy,0.584821,0.014203,3
levenshtein,948,entropy,0.588144,0.046076,3
levenshtein,949,entropy,0.595731,0.04993,3
levenshtein,950,entropy,0.581545,0.01671,3
levenshtein,951,entropy,0.572621,0.003193,3
levenshtein,952,entropy,0.591476,0.030979,3
levenshtein,953,entropy,0.580376,0.01106,3
levenshtein,954,entropy,0.598264,0.012296,3
levenshtein,955,entropy,0.589277,0.012908,3
levenshtein,956,entropy,0.568028,0.007105,3
levenshtein,957,entropy,0.580986,0.016837,3
levenshtein,958,entropy,0.58342,0.010791,3
levenshtein,959,entropy,0.571757,0.007191,3
levenshtein,960,entropy,0.560361,0.011794,3
levenshtein,961,entropy,0.562556,0.019723,3
levenshtein,962,entropy,0.574265,0.00308,3
levenshtein,963,entropy,0.561981,0.023868,3
levenshtein,964,entropy,0.570309,0.014644,3
levenshtein,965,entropy,0.579128,0.014993,3
levenshtein,966,entropy,0.572092,0.024398,3
levenshtein,967,entropy,0.581249,0.014937,3
levenshtein,968,entropy,0.570097,0.023969,3
levenshtein,969,entropy,0.590575,0.026895,3
levenshtein,970,entropy,0.564029,0.022126,3
levenshtein,971,entropy,0.560439,0.018953,3
levenshtein,972,entropy,0.562183,0.010852,3
levenshtein,973,entropy,0.553116,0.022325,3
levenshtein,974,entropy,0.576369,0.00835,3
levenshtein,975,entropy,0.584771,0.011291,3
levenshtein,976,entropy,0.586371,0.0127,3
levenshtein,977,entropy,0.575323,0.013739,3
levenshtein,978,entropy,0.583044,0.027943,3
levenshtein,979,entropy,0.587041,0.010775,3
levenshtein,980,entropy,0.5663,0.030519,3
levenshtein,981,entropy,0.579152,0.017446,3
levenshtein,982,entropy,0.567691,0.016634,3
levenshtein,983,entropy,0.555886,0.01993,3
levenshtein,984,entropy,0.55399,0.010479,3
levenshtein,985,entropy,0.584443,0.023813,3
levenshtein,986,entropy,0.568639,0.022179,3
levenshtein,987,entropy,0.57294,0.016663,3
levenshtein,988,entropy,0.569667,0.021694,3
levenshtein,989,entropy,0.558769,0.017284,3
levenshtein,990,entropy,0.575889,0.013026,3
levenshtein,991,entropy,0.55678,0.029301,3
levenshtein,992,entropy,0.588976,0.02569,3
levenshtein,993,entropy,0.579096,0.018929,3
levenshtein,994,entropy,0.571934,0.020702,3
levenshtein,995,entropy,0.56926,0.010182,3
levenshtein,996,entropy,0.583451,0.004633,3
levenshtein,997,entropy,0.595282,0.016727,3
levenshtein,998,entropy,0.578911,0.021735,3
levenshtein,999,entropy,0.56821,0.028522,3
levenshtein,1000,entropy,0.585494,0.026358,3
levenshtein,1001,entropy,0.571658,0.016154,3
levenshtein,1002,entropy,0.583512,0.015704,3
levenshtein,1003,entropy,0.557865,0.022694,3
levenshtein,1004,entropy,0.593156,0.022522,3
levenshtein,1005,entropy,0.567842,0.008909,3
levenshtein,1006,entropy,0.567683,0.005214,3
levenshtein,1007,entropy,0.555652,0.00486,3
levenshtein,1008,entropy,0.565508,0.007048,3
levenshtein,1009,entropy,0.563967,0.016049,3
levenshtein,1010,entropy,0.604611,0.009976,3
levenshtein,1011,entropy,0.571674,0.012473,3
levenshtein,1012,entropy,0.560468,0.020721,3
levenshtein,1013,entropy,0.5804,0.022132,3
levenshtein,1014,entropy,0.57148,0.015215,3
levenshtein,1015,entropy,0.567862,0.026847,3
levenshtein,1016,entropy,0.57153,0.022801,3
levenshtein,1017,entropy,0.583602,0.010762,3
levenshtein,1018,entropy,0.565884,0.006312,3
levenshtein,1019,entropy,0.575265,0.011968,3
levenshtein,1020,entropy,0.562716,0.020237,3
levenshtein,1021,entropy,0.561194,0.015541,3
levenshtein,1022,entropy,0.562933,0.020919,3
levenshtein,1023,entropy,0.58054,0.018215,3
levenshtein,1024,entropy,0.598107,0.02272,3
levenshtein,1025,entropy,0.561688,0.004975,3
levenshtein,1026,entropy,0.565767,0.018331,3
levenshtein,1027,entropy,0.573666,0.009745,3
levenshtein,1028,entropy,0.560764,0.008626,3
levenshtein,1029,entropy,0.572384,0.016593,3
levenshtein,1030,entropy,0.546829,0.012752,3
levenshtein,1031,entropy,0.597533,0.011406,3
levenshtein,1032,entropy,0.547395,0.026515,3
levenshtein,1033,entropy,0.576481,0.024669,3
levenshtein,1034,entropy,0.55719,0.004979,3
levenshtein,1035,entropy,0.582622,0.018294,3
levenshtein,1036,entropy,0.572387,0.026384,3
levenshtein,1037,entropy,0.555161,0.016358,3
levenshtein,1038,entropy,0.560528,0.020778,3
levenshtein,1039,entropy,0.569299,0.031669,3
levenshtein,1040,entropy,0.562884,0.013918,3
levenshtein,1041,entropy,0.561189,0.024486,3
levenshtein,1042,entropy,0.564273,0.000535,3
levenshtein,1043,entropy,0.556685,0.007975,3
levenshtein,1044,entropy,0.560006,0.01403,3
levenshtein,1045,entropy,0.565423,0.010601,3
levenshtein,1046,entropy,0.562636,0.026387,3
levenshtein,1047,entropy,0.549927,0.018451,3
levenshtein,1048,entropy,0.561514,0.002399,3
levenshtein,1049,entropy,0.578362,0.013012,3
levenshtein,1050,entropy,0.559119,0.021515,3
levenshtein,1051,entropy,0.567765,0.003925,3
levenshtein,1052,entropy,0.542724,0.018373,3
levenshtein,1053,entropy,0.538488,0.009823,3
levenshtein,1054,entropy,0.56611,0.026465,3
levenshtein,1055,entropy,0.54318,0.021903,3
levenshtein,1056,entropy,0.573179,0.018233,3
levenshtein,1057,entropy,0.55385,0.014972,3
levenshtein,1058,entropy,0.555977,0.003458,3
levenshtein,1059,entropy,0.558486,0.00729,3
levenshtein,1060,entropy,0.559781,0.027682,3
levenshtein,1061,entropy,0.569326,0.009027,3
levenshtein,1062,entropy,0.564831,0.016997,3
levenshtein,1063,entropy,0.551771,0.03414,3
levenshtein,1064,entropy,0.567229,0.016932,3
levenshtein,1065,entropy,0.554395,0.015554,3
levenshtein,1066,entropy,0.565068,0.028121,3
levenshtein,1067,entropy,0.562742,0.02949,3
levenshtein,1068,entropy,0.554353,0.00702,3
levenshtein,1069,entropy,0.549733,0.012151,3
levenshtein,1070,entropy,0.580758,0.032481,3
levenshtein,1071,entropy,0.568133,0.005969,3
levenshtein,1072,entropy,0.568826,0.009199,3
levenshtein,1073,entropy,0.57851,0.008482,3
levenshtein,1074,entropy,0.561962,0.009743,3
levenshtein,1075,entropy,0.544088,0.008926,3
levenshtein,1076,entropy,0.542709,0.006725,3
levenshtein,1077,entropy,0.550044,0.007421,3
levenshtein,1078,entropy,0.58492,0.021221,3
levenshtein,1079,entropy,0.557163,0.011531,3
levenshtein,1080,entropy,0.530777,0.023068,3
levenshtein,1081,entropy,0.571845,0.020912,3
levenshtein,1082,entropy,0.547957,0.016489,3
levenshtein,1083,entropy,0.558685,0.013222,3
levenshtein,1084,entropy,0.5612,0.011654,3
levenshtein,1085,entropy,0.575416,0.028001,3
levenshtein,1086,entropy,0.55607,0.024485,3
levenshtein,1087,entropy,0.569352,0.025755,3
levenshtein,1088,entropy,0.560664,0.029721,3
levenshtein,1089,entropy,0.556031,0.020951,3
levenshtein,1090,entropy,0.556422,0.019193,3
levenshtein,1091,entropy,0.560001,0.010304,3
levenshtein,1092,entropy,0.566831,0.032658,3
levenshtein,1093,entropy,0.548364,0.023351,3
levenshtein,1094,entropy,0.518907,0.010173,3
levenshtein,1095,entropy,0.542858,0.004203,3
levenshtein,1096,entropy,0.59936,0.015327,3
levenshtein,1097,entropy,0.567231,0.015715,3
levenshtein,1098,entropy,0.551087,0.020566,3
levenshtein,1099,entropy,0.563272,0.021469,3
levenshtein,1100,entropy,0.568998,0.01693,3
levenshtein,1101,entropy,0.580946,0.013533,3
levenshtein,1102,entropy,0.554868,0.010018,3
levenshtein,1103,entropy,0.556376,0.012941,3
levenshtein,1104,entropy,0.568072,0.008676,3
levenshtein,1105,entropy,0.535147,0.011743,3
levenshtein,1106,entropy,0.559971,0.007786,3
levenshtein,1107,entropy,0.543741,0.025223,3
levenshtein,1108,entropy,0.557944,0.004232,3
levenshtein,1109,entropy,0.555264,0.010797,3
levenshtein,1110,entropy,0.543634,0.005147,3
levenshtein,1111,entropy,0.539018,0.010646,3
levenshtein,1112,entropy,0.553645,0.009805,3
levenshtein,1113,entropy,0.571823,0.016766,3
levenshtein,1114,entropy,0.553981,0.019871,3
levenshtein,1115,entropy,0.552961,0.024966,3
levenshtein,1116,entropy,0.578966,0.039415,3
levenshtein,1117,entropy,0.546812,0.012018,3
levenshtein,1118,entropy,0.56448,0.015039,3
levenshtein,1119,entropy,0.560509,0.009764,3
levenshtein,1120,entropy,0.552726,0.02412,3
levenshtein,1121,entropy,0.535751,0.015281,3
levenshtein,1122,entropy,0.559978,0.022327,3
levenshtein,1123,entropy,0.55413,0.026584,3
levenshtein,1124,entropy,0.560612,0.028311,3
levenshtein,1125,entropy,0.581811,0.021672,3
levenshtein,1126,entropy,0.587225,0.022941,3
levenshtein,1127,entropy,0.559896,0.00569,3
levenshtein,1128,entropy,0.561597,0.010409,3
levenshtein,1129,entropy,0.555564,0.011123,3
levenshtein,1130,entropy,0.572641,0.02501,3
levenshtein,1131,entropy,0.570373,0.022292,3
levenshtein,1132,entropy,0.563943,0.015072,3
levenshtein,1133,entropy,0.57533,0.021423,3
levenshtein,1134,entropy,0.536102,0.020699,3
levenshtein,1135,entropy,0.577843,0.00431,3
levenshtein,1136,entropy,0.560856,0.021416,3
levenshtein,1137,entropy,0.563218,0.021176,3
levenshtein,1138,entropy,0.563129,0.015945,3
levenshtein,1139,entropy,0.552491,0.001787,3
levenshtein,1140,entropy,0.5497,0.016132,3
levenshtein,1141,entropy,0.545533,0.024012,3
levenshtein,1142,entropy,0.565628,0.010725,3
levenshtein,1143,entropy,0.571676,0.01322,3
levenshtein,1144,entropy,0.558356,0.018062,3
levenshtein,1145,entropy,0.53917,0.009239,3
levenshtein,1146,entropy,0.592049,0.016479,3
levenshtein,1147,entropy,0.557075,0.025506,3
levenshtein,1148,entropy,0.552873,0.01887,3
levenshtein,1149,entropy,0.564946,0.005831,3
levenshtein,1150,entropy,0.563359,0.02031,3
levenshtein,1151,entropy,0.571272,0.011535,3
levenshtein,1152,entropy,0.588793,0.032401,3
levenshtein,1153,entropy,0.569354,0.023688,3
levenshtein,1154,entropy,0.557177,0.021243,3
levenshtein,1155,entropy,0.562816,0.015847,3
levenshtein,1156,entropy,0.587298,0.019581,3
levenshtein,1157,entropy,0.561956,0.030959,3
levenshtein,1158,entropy,0.566256,0.011454,3
levenshtein,1159,entropy,0.539755,0.009325,3
levenshtein,1160,entropy,0.571431,0.007424,3
levenshtein,1161,entropy,0.569029,0.005735,3
levenshtein,1162,entropy,0.563275,0.008384,3
levenshtein,1163,entropy,0.565846,0.028505,3
levenshtein,1164,entropy,0.552053,0.011622,3
levenshtein,1165,entropy,0.551019,0.028656,3
levenshtein,1166,entropy,0.547158,0.015296,3
levenshtein,1167,entropy,0.563269,0.021525,3
levenshtein,1168,entropy,0.563094,0.017357,3
levenshtein,1169,entropy,0.564091,0.012905,3
levenshtein,1170,entropy,0.555669,0.012883,3
levenshtein,1171,entropy,0.56181,0.014531,3
levenshtein,1172,entropy,0.547404,0.019024,3
levenshtein,1173,entropy,0.554782,0.01542,3
levenshtein,1174,entropy,0.560526,0.019143,3
levenshtein,1175,entropy,0.57334,0.007211,3
levenshtein,1176,entropy,0.565684,0.020012,3
levenshtein,1177,entropy,0.563965,0.006383,3
levenshtein,1178,entropy,0.558416,0.007572,3
levenshtein,1179,entropy,0.541384,0.00906,3
levenshtein,1180,entropy,0.543958,0.018841,3
levenshtein,1181,entropy,0.574305,0.016361,3
levenshtein,1182,entropy,0.568942,0.02247,3
levenshtein,1183,entropy,0.56923,0.011081,3
levenshtein,1184,entropy,0.563949,0.026463,3
levenshtein,1185,entropy,0.54491,0.018457,3
levenshtein,1186,entropy,0.556159,0.013961,3
levenshtein,1187,entropy,0.546342,0.009743,3
levenshtein,1188,entropy,0.561477,0.017073,3
levenshtein,1189,entropy,0.539146,0.019862,3
levenshtein,1190,entropy,0.56915,0.010823,3
levenshtein,1191,entropy,0.545474,0.030841,3
levenshtein,1192,entropy,0.558293,0.007143,3
levenshtein,1193,entropy,0.547567,0.014063,3
levenshtein,1194,entropy,0.554815,0.017924,3
levenshtein,1195,entropy,0.561538,0.025873,3
levenshtein,1196,entropy,0.553549,0.016867,3
levenshtein,1197,entropy,0.556453,0.012201,3
levenshtein,1198,entropy,0.561877,0.023734,3
levenshtein,1199,entropy,0.553162,0.006138,3
levenshtein,1200,entropy,0.571114,0.012145,3
levenshtein,1201,entropy,0.574433,0.014863,3
levenshtein,1202,entropy,0.550738,0.034496,3
levenshtein,1203,entropy,0.565866,0.02849,3
levenshtein,1204,entropy,0.545155,0.029625,3
levenshtein,1205,entropy,0.574691,0.003218,3
levenshtein,1206,entropy,0.557689,0.014538,3
levenshtein,1207,entropy,0.564922,0.008433,3
levenshtein,1208,entropy,0.569761,0.01205,3
levenshtein,1209,entropy,0.571099,0.011617,3
levenshtein,1210,entropy,0.567983,0.013027,3
levenshtein,1211,entropy,0.564768,0.024349,3
levenshtein,1212,entropy,0.547928,0.023601,3
levenshtein,1213,entropy,0.555775,0.014972,3
levenshtein,1214,entropy,0.552312,0.004893,3
levenshtein,1215,entropy,0.549438,0.01501,3
levenshtein,1216,entropy,0.573757,0.012257,3
levenshtein,1217,entropy,0.550694,0.011626,3
levenshtein,1218,entropy,0.553594,0.011009,3
levenshtein,1219,entropy,0.547013,0.007417,3
levenshtein,1220,entropy,0.566835,0.012091,3
levenshtein,1221,entropy,0.571441,0.015825,3
levenshtein,1222,entropy,0.570211,0.004875,3
levenshtein,1223,entropy,0.560991,0.014227,3
levenshtein,1224,entropy,0.562792,0.017729,3
levenshtein,1225,entropy,0.573291,0.008853,3
levenshtein,1226,entropy,0.561339,0.032227,3
levenshtein,1227,entropy,0.558491,0.029252,3
levenshtein,1228,entropy,0.56626,0.025834,3
levenshtein,1229,entropy,0.543321,0.017825,3
levenshtein,1230,entropy,0.541576,0.004312,3
levenshtein,1231,entropy,0.562867,0.028556,3
levenshtein,1232,entropy,0.547183,0.017693,3
levenshtein,1233,entropy,0.546026,0.030083,3
levenshtein,1234,entropy,0.551294,0.012937,3
levenshtein,1235,entropy,0.571263,0.018437,3
levenshtein,1236,entropy,0.573742,0.004279,3
levenshtein,1237,entropy,0.57186,0.008316,3
levenshtein,1238,entropy,0.55377,0.018294,3
levenshtein,1239,entropy,0.570977,0.006016,3
levenshtein,1240,entropy,0.583147,0.007352,3
levenshtein,1241,entropy,0.555202,0.007795,3
levenshtein,1242,entropy,0.566937,0.014833,3
levenshtein,1243,entropy,0.531758,0.023572,3
levenshtein,1244,entropy,0.554887,0.005201,3
levenshtein,1245,entropy,0.548684,0.012092,3
levenshtein,1246,entropy,0.557135,0.005396,3
levenshtein,1247,entropy,0.548264,0.023918,3
levenshtein,1248,entropy,0.55024,0.008636,3
levenshtein,1249,entropy,0.549816,0.03369,3
levenshtein,1250,entropy,0.582024,0.015602,3
levenshtein,1251,entropy,0.563757,0.010677,3
levenshtein,1252,entropy,0.561771,0.026769,3
levenshtein,1253,entropy,0.530408,0.041699,3
levenshtein,1254,entropy,0.558295,0.00707,3
levenshtein,1255,entropy,0.55522,0.012687,3
levenshtein,1256,entropy,0.557422,0.009413,3
levenshtein,1257,entropy,0.558159,0.035114,3
levenshtein,1258,entropy,0.546826,0.015221,3
levenshtein,1259,entropy,0.548796,0.009014,3
levenshtein,1260,entropy,0.549852,0.020126,3
levenshtein,1261,entropy,0.551819,0.019069,3
levenshtein,1262,entropy,0.551803,0.014527,3
levenshtein,1263,entropy,0.549272,0.01833,3
levenshtein,1264,entropy,0.566428,0.023366,3
levenshtein,1265,entropy,0.567865,0.030722,3
levenshtein,1266,entropy,0.561155,0.016082,3
levenshtein,1267,entropy,0.553291,0.013713,3
levenshtein,1268,entropy,0.543645,0.011433,3
levenshtein,1269,entropy,0.552575,0.008094,3
levenshtein,1270,entropy,0.556109,0.013137,3
levenshtein,1271,entropy,0.549916,0.015992,3
levenshtein,1272,entropy,0.570687,0.023225,3
levenshtein,1273,entropy,0.556587,0.00315,3
levenshtein,1274,entropy,0.547567,0.019035,3
levenshtein,1275,entropy,0.559828,0.024092,3
levenshtein,1276,entropy,0.553339,0.035196,3
levenshtein,1277,entropy,0.533103,0.010424,3
levenshtein,1278,entropy,0.535604,0.031729,3
levenshtein,1279,entropy,0.572926,0.016299,3
levenshtein,1280,entropy,0.551822,0.01538,3
levenshtein,1281,entropy,0.54068,0.018105,3
levenshtein,1282,entropy,0.555972,0.021665,3
levenshtein,1283,entropy,0.565209,0.013381,3
levenshtein,1284,entropy,0.548891,0.006275,3
levenshtein,1285,entropy,0.55712,0.007944,3
levenshtein,1286,entropy,0.567804,0.01074,3
levenshtein,1287,entropy,0.552628,0.016096,3
levenshtein,1288,entropy,0.57083,0.018801,3
levenshtein,1289,entropy,0.548333,0.015541,3
levenshtein,1290,entropy,0.548092,0.008449,3
levenshtein,1291,entropy,0.55055,0.015304,3
levenshtein,1292,entropy,0.549958,0.009722,3
levenshtein,1293,entropy,0.539301,0.008582,3
levenshtein,1294,entropy,0.534365,0.004356,3
levenshtein,1295,entropy,0.531383,0.035054,3
levenshtein,1296,entropy,0.55487,0.014173,3
levenshtein,1297,entropy,0.53736,0.028589,3
levenshtein,1298,entropy,0.535992,0.003919,3
levenshtein,1299,entropy,0.527348,0.023662,3
levenshtein,1300,entropy,0.575215,0.014712,3
levenshtein,1301,entropy,0.523051,0.00703,3
levenshtein,1302,entropy,0.562625,0.013223,3
levenshtein,1303,entropy,0.548881,0.017287,3
levenshtein,1304,entropy,0.55453,0.008688,3
levenshtein,1305,entropy,0.543249,0.019481,3
levenshtein,1306,entropy,0.536306,0.008583,3
levenshtein,1307,entropy,0.52687,0.016205,3
levenshtein,1308,entropy,0.5485,0.020682,3
levenshtein,1309,entropy,0.541379,0.029458,3
levenshtein,1310,entropy,0.548875,0.014219,3
levenshtein,1311,entropy,0.554515,0.023701,3
levenshtein,1312,entropy,0.535054,0.011427,3
levenshtein,1313,entropy,0.544403,0.021841,3
levenshtein,1314,entropy,0.562352,0.003596,3
levenshtein,1315,entropy,0.539787,0.013821,3
levenshtein,1316,entropy,0.534793,0.02424,3
levenshtein,1317,entropy,0.56394,0.019627,3
levenshtein,1318,entropy,0.543153,0.015604,3
levenshtein,1319,entropy,0.542123,0.046093,3
levenshtein,1320,entropy,0.543312,0.005142,3
levenshtein,1321,entropy,0.522297,0.015292,3
levenshtein,1322,entropy,0.560616,0.020438,3
levenshtein,1323,entropy,0.540134,0.002773,3
levenshtein,1324,entropy,0.533077,0.024926,3
levenshtein,1325,entropy,0.538327,0.023642,3
levenshtein,1326,entropy,0.54605,0.019083,3
levenshtein,1327,entropy,0.555025,0.014424,3
levenshtein,1328,entropy,0.548996,0.014595,3
levenshtein,1329,entropy,0.542599,0.008418,3
levenshtein,1330,entropy,0.535361,0.009869,3
levenshtein,1331,entropy,0.539069,0.007119,3
levenshtein,1332,entropy,0.544332,0.005331,3
levenshtein,1333,entropy,0.570592,0.025376,3
levenshtein,1334,entropy,0.546437,0.008537,3
levenshtein,1335,entropy,0.545184,0.013447,3
levenshtein,1336,entropy,0.53727,0.018177,3
levenshtein,1337,entropy,0.560195,0.006465,3
levenshtein,1338,entropy,0.550459,0.00993,3
levenshtein,1339,entropy,0.55282,0.015056,3
levenshtein,1340,entropy,0.555551,0.00489,3
levenshtein,1341,entropy,0.549314,0.026207,3
levenshtein,1342,entropy,0.57113,0.01421,3
levenshtein,1343,entropy,0.568562,0.05062,3
levenshtein,1344,entropy,0.528169,0.007033,3
levenshtein,1345,entropy,0.541281,0.007621,3
levenshtein,1346,entropy,0.566908,0.009373,3
levenshtein,1347,entropy,0.553207,0.017923,3
levenshtein,1348,entropy,0.540643,0.012086,3
levenshtein,1349,entropy,0.570369,0.020856,3
levenshtein,1350,entropy,0.536879,0.030182,3
levenshtein,1351,entropy,0.548856,0.030966,3
levenshtein,1352,entropy,0.542097,0.029126,3
levenshtein,1353,entropy,0.551896,0.029438,3
levenshtein,1354,entropy,0.568765,0.016942,3
levenshtein,1355,entropy,0.563025,0.026155,3
levenshtein,1356,entropy,0.571024,0.013014,3
levenshtein,1357,entropy,0.551755,0.017049,3
levenshtein,1358,entropy,0.558311,0.026557,3
levenshtein,1359,entropy,0.532415,0.009113,3
levenshtein,1360,entropy,0.5449,0.014412,3
levenshtein,1361,entropy,0.556223,0.003058,3
levenshtein,1362,entropy,0.543305,0.013098,3
levenshtein,1363,entropy,0.546698,0.028238,3
levenshtein,1364,entropy,0.560957,0.008832,3
levenshtein,1365,entropy,0.525664,0.010994,3
levenshtein,1366,entropy,0.545724,0.004448,3
levenshtein,1367,entropy,0.543266,0.002658,3
levenshtein,1368,entropy,0.558553,0.005693,3
levenshtein,1369,entropy,0.559945,0.024718,3
levenshtein,1370,entropy,0.546436,0.022152,3
levenshtein,1371,entropy,0.560345,0.004608,3
levenshtein,1372,entropy,0.543239,0.009604,3
levenshtein,1373,entropy,0.538651,0.022496,3
levenshtein,1374,entropy,0.557186,0.022838,3
levenshtein,1375,entropy,0.542544,0.01164,3
levenshtein,1376,entropy,0.536783,0.028918,3
levenshtein,1377,entropy,0.542559,0.01976,3
levenshtein,1378,entropy,0.535986,0.001315,3
levenshtein,1379,entropy,0.535595,0.011231,3
levenshtein,1380,entropy,0.547756,0.002579,3
levenshtein,1381,entropy,0.536894,0.00696,3
levenshtein,1382,entropy,0.547424,0.009912,3
levenshtein,1383,entropy,0.549609,0.009333,3
levenshtein,1384,entropy,0.55689,0.007377,3
levenshtein,1385,entropy,0.547363,0.006713,3
levenshtein,1386,entropy,0.554907,0.007368,3
levenshtein,1387,entropy,0.552604,0.012132,3
levenshtein,1388,entropy,0.541269,0.018249,3
levenshtein,1389,entropy,0.555098,0.002865,3
levenshtein,1390,entropy,0.546653,0.004835,3
levenshtein,1391,entropy,0.547345,0.007067,3
levenshtein,1392,entropy,0.562212,0.001485,3
levenshtein,1393,entropy,0.561938,0.011691,3
levenshtein,1394,entropy,0.556398,0.004261,3
levenshtein,1395,entropy,0.543192,0.014439,3
levenshtein,1396,entropy,0.55725,0.012181,3
levenshtein,1397,entropy,0.544471,0.006338,3
levenshtein,1398,entropy,0.534677,0.020529,3
levenshtein,1399,entropy,0.563582,0.03105,3
levenshtein,1400,entropy,0.551789,0.011648,3
levenshtein,1401,entropy,0.556471,0.00125,3
levenshtein,1402,entropy,0.552301,0.011118,3
levenshtein,1403,entropy,0.550098,0.010306,3
levenshtein,1404,entropy,0.561336,0.003423,3
levenshtein,1405,entropy,0.553157,0.008004,3
levenshtein,1406,entropy,0.562264,0.020893,3
levenshtein,1407,entropy,0.543576,0.014795,3
levenshtein,1408,entropy,0.557216,0.014154,3
levenshtein,1409,entropy,0.532116,0.007464,3
levenshtein,1410,entropy,0.569115,0.018256,3
levenshtein,1411,entropy,0.562124,0.017484,3
levenshtein,1412,entropy,0.546729,0.006124,3
levenshtein,1413,entropy,0.56038,0.017929,3
levenshtein,1414,entropy,0.553835,0.021932,3
levenshtein,1415,entropy,0.567389,0.029027,3
levenshtein,1416,entropy,0.524698,0.002606,3
levenshtein,1417,entropy,0.540625,0.007965,3
levenshtein,1418,entropy,0.549538,0.021138,3
levenshtein,1419,entropy,0.541523,0.013647,3
levenshtein,1420,entropy,0.537543,0.016498,3
levenshtein,1421,entropy,0.550672,0.031833,3
levenshtein,1422,entropy,0.539901,0.004035,3
levenshtein,1423,entropy,0.551724,0.007871,3
levenshtein,1424,entropy,0.545828,0.010542,3
levenshtein,1425,entropy,0.571091,0.014576,3
levenshtein,1426,entropy,0.565286,0.012269,3
levenshtein,1427,entropy,0.552331,0.010905,3
levenshtein,1428,entropy,0.538131,0.02511,3
levenshtein,1429,entropy,0.56291,0.010175,3
levenshtein,1430,entropy,0.548237,0.004298,3
levenshtein,1431,entropy,0.550486,0.011628,3
levenshtein,1432,entropy,0.542863,0.027031,3
levenshtein,1433,entropy,0.531941,0.019872,3
levenshtein,1434,entropy,0.554968,0.004704,3
levenshtein,1435,entropy,0.53337,0.002903,3
levenshtein,1436,entropy,0.572263,0.010836,3
levenshtein,1437,entropy,0.554996,0.017743,3
levenshtein,1438,entropy,0.557016,0.007614,3
levenshtein,1439,entropy,0.541547,0.017908,3
levenshtein,1440,entropy,0.564212,0.016308,3
levenshtein,1441,entropy,0.550335,0.010376,3
levenshtein,1442,entropy,0.571335,0.01453,3
levenshtein,1443,entropy,0.572531,0.007184,3
levenshtein,1444,entropy,0.566609,0.01256,3
levenshtein,1445,entropy,0.54184,0.007865,3
levenshtein,1446,entropy,0.540534,0.002526,3
levenshtein,1447,entropy,0.536701,0.018685,3
levenshtein,1448,entropy,0.544209,0.021517,3
levenshtein,1449,entropy,0.548008,0.005813,3
levenshtein,1450,entropy,0.556917,0.022124,3
levenshtein,1451,entropy,0.566188,0.024161,3
levenshtein,1452,entropy,0.533514,0.008196,3
levenshtein,1453,entropy,0.558437,0.019919,3
levenshtein,1454,entropy,0.569463,0.026832,3
levenshtein,1455,entropy,0.542813,0.015427,3
levenshtein,1456,entropy,0.534227,0.041256,3
levenshtein,1457,entropy,0.541009,0.016582,3
levenshtein,1458,entropy,0.53684,0.009531,3
levenshtein,1459,entropy,0.529468,0.018401,3
levenshtein,1460,entropy,0.537655,0.012082,3
levenshtein,1461,entropy,0.533312,0.019765,3
levenshtein,1462,entropy,0.534223,0.015647,3
levenshtein,1463,entropy,0.541242,0.015157,3
levenshtein,1464,entropy,0.543742,0.017961,3
levenshtein,1465,entropy,0.558644,0.020141,3
levenshtein,1466,entropy,0.552715,0.007112,3
levenshtein,1467,entropy,0.549743,0.018457,3
levenshtein,1468,entropy,0.536906,0.012486,3
levenshtein,1469,entropy,0.546791,0.017734,3
levenshtein,1470,entropy,0.542429,0.000749,3
levenshtein,1471,entropy,0.539652,0.037629,3
levenshtein,1472,entropy,0.52365,0.013668,3
levenshtein,1473,entropy,0.530078,0.009603,3
levenshtein,1474,entropy,0.548754,0.011855,3
levenshtein,1475,entropy,0.558112,0.001186,3
levenshtein,1476,entropy,0.543295,0.023066,3
levenshtein,1477,entropy,0.543404,0.003666,3
levenshtein,1478,entropy,0.517128,0.004778,3
levenshtein,1479,entropy,0.549434,0.012341,3
levenshtein,1480,entropy,0.549583,0.014006,3
levenshtein,1481,entropy,0.533624,0.016595,3
levenshtein,1482,entropy,0.530277,0.008825,3
levenshtein,1483,entropy,0.547335,0.016419,3
levenshtein,1484,entropy,0.523299,0.005437,3
levenshtein,1485,entropy,0.555423,0.004885,3
levenshtein,1486,entropy,0.534723,0.03142,3
levenshtein,1487,entropy,0.53684,0.00793,3
levenshtein,1488,entropy,0.530013,0.012879,3
levenshtein,1489,entropy,0.562627,0.022591,3
levenshtein,1490,entropy,0.524584,0.017259,3
levenshtein,1491,entropy,0.533339,0.01555,3
levenshtein,1492,entropy,0.530238,0.009895,3
levenshtein,1493,entropy,0.54007,0.007346,3
levenshtein,1494,entropy,0.533301,0.019507,3
levenshtein,1495,entropy,0.546509,0.007853,3
levenshtein,1496,entropy,0.548858,0.000928,3
levenshtein,1497,entropy,0.541081,0.015558,3
levenshtein,1498,entropy,0.543242,0.013255,3
levenshtein,1499,entropy,0.542584,0.014225,3
levenshtein,1500,entropy,0.549412,0.013448,3
levenshtein,1501,entropy,0.536408,0.015797,3
levenshtein,1502,entropy,0.556773,0.011873,3
levenshtein,1503,entropy,0.540897,0.008082,3
levenshtein,1504,entropy,0.549509,0.012894,3
levenshtein,1505,entropy,0.543969,0.034198,3
levenshtein,1506,entropy,0.536713,0.013704,3
levenshtein,1507,entropy,0.528249,0.010421,3
levenshtein,1508,entropy,0.552336,0.031413,3
levenshtein,1509,entropy,0.533765,0.012941,3
levenshtein,1510,entropy,0.53847,0.016661,3
levenshtein,1511,entropy,0.555825,0.020928,3
levenshtein,1512,entropy,0.522367,0.01418,3
levenshtein,1513,entropy,0.528335,0.012323,3
levenshtein,1514,entropy,0.530203,0.022565,3
levenshtein,1515,entropy,0.537539,0.019398,3
levenshtein,1516,entropy,0.53652,0.02571,3
levenshtein,1517,entropy,0.533212,0.006648,3
levenshtein,1518,entropy,0.55325,0.007629,3
levenshtein,1519,entropy,0.544616,0.019248,3
levenshtein,1520,entropy,0.513027,0.007491,3
levenshtein,1521,entropy,0.515056,0.000877,3
levenshtein,1522,entropy,0.523546,0.013671,3
levenshtein,1523,entropy,0.539175,0.014321,3
levenshtein,1524,entropy,0.539612,0.001017,3
levenshtein,1525,entropy,0.532796,0.005201,3
levenshtein,1526,entropy,0.545147,0.032764,3
levenshtein,1527,entropy,0.534917,0.00975,3
levenshtein,1528,entropy,0.529956,0.031058,3
levenshtein,1529,entropy,0.543345,0.003207,3
levenshtein,1530,entropy,0.534641,0.023742,3
levenshtein,1531,entropy,0.542421,0.013344,3
levenshtein,1532,entropy,0.550077,0.016795,3
levenshtein,1533,entropy,0.537037,0.014491,3
levenshtein,1534,entropy,0.544123,0.014322,3
levenshtein,1535,entropy,0.536721,0.028406,3
levenshtein,1536,entropy,0.535392,0.019705,3
levenshtein,1537,entropy,0.546552,0.024842,3
levenshtein,1538,entropy,0.531789,0.012695,3
levenshtein,1539,entropy,0.522662,0.02418,3
levenshtein,1540,entropy,0.552124,0.002789,3
levenshtein,1541,entropy,0.544497,0.008403,3
levenshtein,1542,entropy,0.523886,0.005423,3
levenshtein,1543,entropy,0.548983,0.006262,3
levenshtein,1544,entropy,0.517538,0.013063,3
levenshtein,1545,entropy,0.523166,0.024914,3
levenshtein,1546,entropy,0.536901,0.01601,3
levenshtein,1547,entropy,0.546061,0.013513,3
levenshtein,1548,entropy,0.538602,0.022059,3
levenshtein,1549,entropy,0.550503,0.008746,3
levenshtein,1550,entropy,0.553149,0.009762,3
levenshtein,1551,entropy,0.535958,0.019866,3
levenshtein,1552,entropy,0.526862,0.007508,3
levenshtein,1553,entropy,0.550262,0.023994,3
levenshtein,1554,entropy,0.531117,0.026712,3
levenshtein,1555,entropy,0.535742,0.023141,3
levenshtein,1556,entropy,0.532768,0.030866,3
levenshtein,1557,entropy,0.544708,0.00709,3
levenshtein,1558,entropy,0.549837,0.006282,3
levenshtein,1559,entropy,0.541774,0.014272,3
levenshtein,1560,entropy,0.528231,0.014461,3
levenshtein,1561,entropy,0.56646,0.011032,3
levenshtein,1562,entropy,0.562441,0.021315,3
levenshtein,1563,entropy,0.543769,0.011739,3
levenshtein,1564,entropy,0.555378,0.009997,3
levenshtein,1565,entropy,0.539539,0.009628,3
levenshtein,1566,entropy,0.540606,0.006067,3
levenshtein,1567,entropy,0.542154,0.008309,3
levenshtein,1568,entropy,0.541141,0.009348,3
levenshtein,1569,entropy,0.538232,0.015363,3
levenshtein,1570,entropy,0.55765,0.00969,3
levenshtein,1571,entropy,0.525804,0.024398,3
levenshtein,1572,entropy,0.531281,0.013136,3
levenshtein,1573,entropy,0.547453,0.016438,3
levenshtein,1574,entropy,0.539891,0.017906,3
levenshtein,1575,entropy,0.550278,0.028364,3
levenshtein,1576,entropy,0.512889,0.01933,3
levenshtein,1577,entropy,0.549348,0.015643,3
levenshtein,1578,entropy,0.544297,0.019593,3
levenshtein,1579,entropy,0.524983,0.012577,3
levenshtein,1580,entropy,0.547799,0.009887,3
levenshtein,1581,entropy,0.529311,0.009493,3
levenshtein,1582,entropy,0.531037,0.008241,3
levenshtein,1583,entropy,0.558079,0.017103,3
levenshtein,1584,entropy,0.51631,0.014956,3
levenshtein,1585,entropy,0.542214,0.027388,3
levenshtein,1586,entropy,0.509147,0.018325,3
levenshtein,1587,entropy,0.559164,0.01677,3
levenshtein,1588,entropy,0.543043,0.011465,3
levenshtein,1589,entropy,0.572332,0.009737,3
levenshtein,1590,entropy,0.537167,0.015416,3
levenshtein,1591,entropy,0.545298,0.033042,3
levenshtein,1592,entropy,0.543177,0.016231,3
levenshtein,1593,entropy,0.543385,0.008245,3
levenshtein,1594,entropy,0.523452,0.014398,3
levenshtein,1595,entropy,0.54877,0.005107,3
levenshtein,1596,entropy,0.544273,0.008466,3
levenshtein,1597,entropy,0.528596,0.019697,3
levenshtein,1598,entropy,0.530848,0.008976,3
levenshtein,1599,entropy,0.540547,0.012766,3
levenshtein,1600,entropy,0.527179,0.021001,3
levenshtein,1601,entropy,0.550643,0.00911,3
levenshtein,1602,entropy,0.544856,0.02712,3
levenshtein,1603,entropy,0.539192,0.00961,3
levenshtein,1604,entropy,0.544381,0.048747,3
levenshtein,1605,entropy,0.528588,0.015444,3
levenshtein,1606,entropy,0.547025,0.008175,3
levenshtein,1607,entropy,0.523155,0.014347,3
levenshtein,1608,entropy,0.529285,0.005994,3
levenshtein,1609,entropy,0.541151,0.026423,3
levenshtein,1610,entropy,0.519649,0.023165,3
levenshtein,1611,entropy,0.560837,0.024202,3
levenshtein,1612,entropy,0.525268,0.008015,3
levenshtein,1613,entropy,0.538689,0.008805,3
levenshtein,1614,entropy,0.539078,0.016199,3
levenshtein,1615,entropy,0.555458,0.005665,3
levenshtein,1616,entropy,0.554772,0.014074,3
levenshtein,1617,entropy,0.539894,0.022016,3
levenshtein,1618,entropy,0.541443,0.006374,3
levenshtein,1619,entropy,0.551238,0.014896,3
levenshtein,1620,entropy,0.54581,0.022589,3
levenshtein,1621,entropy,0.547887,0.007417,3
levenshtein,1622,entropy,0.533708,0.014374,3
levenshtein,1623,entropy,0.527512,0.021498,3
levenshtein,1624,entropy,0.527521,0.027594,3
levenshtein,1625,entropy,0.562054,0.008101,3
levenshtein,1626,entropy,0.526043,0.007121,3
levenshtein,1627,entropy,0.538567,0.010911,3
levenshtein,1628,entropy,0.542238,0.00336,3
levenshtein,1629,entropy,0.536176,0.023686,3
levenshtein,1630,entropy,0.524258,0.024495,3
levenshtein,1631,entropy,0.533485,0.029672,3
levenshtein,1632,entropy,0.534281,0.011282,3
levenshtein,1633,entropy,0.537144,0.010397,3
levenshtein,1634,entropy,0.543471,0.009541,3
levenshtein,1635,entropy,0.536204,0.015376,3
levenshtein,1636,entropy,0.550251,0.013529,3
levenshtein,1637,entropy,0.547838,0.007176,3
levenshtein,1638,entropy,0.5443,0.008441,3
levenshtein,1639,entropy,0.531366,0.01299,3
levenshtein,1640,entropy,0.542224,0.006104,3
levenshtein,1641,entropy,0.527714,0.001067,3
levenshtein,1642,entropy,0.531911,0.016174,3
levenshtein,1643,entropy,0.529624,0.007021,3
levenshtein,1644,entropy,0.537741,0.002901,3
levenshtein,1645,entropy,0.52625,0.002089,3
levenshtein,1646,entropy,0.565144,0.005143,3
levenshtein,1647,entropy,0.53853,0.008947,3
levenshtein,1648,entropy,0.53608,0.015072,3
levenshtein,1649,entropy,0.539635,0.006316,3
levenshtein,1650,entropy,0.562985,0.014847,3
levenshtein,1651,entropy,0.531275,0.004671,3
levenshtein,1652,entropy,0.537842,0.008236,3
levenshtein,1653,entropy,0.530863,0.02305,3
levenshtein,1654,entropy,0.531603,0.009086,3
levenshtein,1655,entropy,0.541001,0.01385,3
levenshtein,1656,entropy,0.535373,0.01174,3
levenshtein,1657,entropy,0.525565,0.020695,3
levenshtein,1658,entropy,0.541119,0.006838,3
levenshtein,1659,entropy,0.528183,0.009338,3
levenshtein,1660,entropy,0.539238,0.008218,3
levenshtein,1661,entropy,0.534328,0.022503,3
levenshtein,1662,entropy,0.536211,0.014582,3
levenshtein,1663,entropy,0.542307,0.008772,3
levenshtein,1664,entropy,0.524377,0.011664,3
levenshtein,1665,entropy,0.538737,0.025849,3
levenshtein,1666,entropy,0.551942,0.010444,3
levenshtein,1667,entropy,0.546924,0.020249,3
levenshtein,1668,entropy,0.538444,0.018642,3
levenshtein,1669,entropy,0.559822,0.036085,3
levenshtein,1670,entropy,0.545972,0.014178,3
levenshtein,1671,entropy,0.555014,0.009791,3
levenshtein,1672,entropy,0.566638,0.022199,3
levenshtein,1673,entropy,0.556979,0.006714,3
levenshtein,1674,entropy,0.522928,0.017259,3
levenshtein,1675,entropy,0.540174,0.010293,3
levenshtein,1676,entropy,0.545942,0.018249,3
levenshtein,1677,entropy,0.522287,0.003348,3
levenshtein,1678,entropy,0.538552,0.013805,3
levenshtein,1679,entropy,0.533387,0.010675,3
levenshtein,1680,entropy,0.528804,0.01301,3
levenshtein,1681,entropy,0.53774,0.015552,3
levenshtein,1682,entropy,0.546653,0.022025,3
levenshtein,1683,entropy,0.538495,0.021622,3
levenshtein,1684,entropy,0.549131,0.006867,3
levenshtein,1685,entropy,0.53934,0.016819,3
levenshtein,1686,entropy,0.538189,0.011145,3
levenshtein,1687,entropy,0.561422,0.021939,3
levenshtein,1688,entropy,0.553899,0.012996,3
levenshtein,1689,entropy,0.520911,0.0061,3
levenshtein,1690,entropy,0.561764,0.014334,3
levenshtein,1691,entropy,0.558,0.028121,3
levenshtein,1692,entropy,0.544726,0.0184,3
levenshtein,1693,entropy,0.534476,0.019108,3
levenshtein,1694,entropy,0.546908,0.014051,3
levenshtein,1695,entropy,0.539894,0.019198,3
levenshtein,1696,entropy,0.559287,0.013812,3
levenshtein,1697,entropy,0.506431,0.020261,3
levenshtein,1698,entropy,0.542641,0.012521,3
levenshtein,1699,entropy,0.527854,0.004176,3
levenshtein,1700,entropy,0.513686,0.016673,3
levenshtein,1701,entropy,0.53807,0.025026,3
levenshtein,1702,entropy,0.522521,0.015445,3
levenshtein,1703,entropy,0.550687,0.007765,3
levenshtein,1704,entropy,0.531448,0.018451,3
levenshtein,1705,entropy,0.532334,0.01288,3
levenshtein,1706,entropy,0.526501,0.014479,3
levenshtein,1707,entropy,0.545758,0.017516,3
levenshtein,1708,entropy,0.518955,0.023925,3
levenshtein,1709,entropy,0.538142,0.014543,3
levenshtein,1710,entropy,0.544663,0.00371,3
levenshtein,1711,entropy,0.513863,0.016942,3
levenshtein,1712,entropy,0.547175,0.023285,3
levenshtein,1713,entropy,0.519357,0.01762,3
levenshtein,1714,entropy,0.504414,0.023946,3
levenshtein,1715,entropy,0.503857,0.027388,3
levenshtein,1716,entropy,0.516559,0.014912,3
levenshtein,1717,entropy,0.509416,0.010554,3
levenshtein,1718,entropy,0.556235,0.020211,3
levenshtein,1719,entropy,0.526605,0.017338,3
levenshtein,1720,entropy,0.517807,0.009369,3
levenshtein,1721,entropy,0.5295,0.015522,3
levenshtein,1722,entropy,0.505299,0.025698,3
levenshtein,1723,entropy,0.527119,0.018648,3
levenshtein,1724,entropy,0.526118,0.016482,3
levenshtein,1725,entropy,0.518894,0.018548,3
levenshtein,1726,entropy,0.539972,0.02604,3
levenshtein,1727,entropy,0.534684,0.025039,3
levenshtein,1728,entropy,0.532922,0.022423,3
levenshtein,1729,entropy,0.545048,0.012417,3
levenshtein,1730,entropy,0.524211,0.013865,3
levenshtein,1731,entropy,0.534763,0.005609,3
levenshtein,1732,entropy,0.553496,0.015676,3
levenshtein,1733,entropy,0.552918,0.01042,3
levenshtein,1734,entropy,0.538405,0.008163,3
levenshtein,1735,entropy,0.53236,0.023636,3
levenshtein,1736,entropy,0.523224,0.01281,3
levenshtein,1737,entropy,0.536705,0.001825,3
levenshtein,1738,entropy,0.530873,0.023674,3
levenshtein,1739,entropy,0.531787,0.022884,3
levenshtein,1740,entropy,0.547806,0.029728,3
levenshtein,1741,entropy,0.530127,0.021088,3
levenshtein,1742,entropy,0.540001,0.008814,3
levenshtein,1743,entropy,0.526223,0.008587,3
levenshtein,1744,entropy,0.535414,0.019359,3
levenshtein,1745,entropy,0.527347,0.011304,3
levenshtein,1746,entropy,0.524544,0.003748,3
levenshtein,1747,entropy,0.5305,0.026217,3
levenshtein,1748,entropy,0.540112,0.01934,3
levenshtein,1749,entropy,0.539144,0.003038,3
levenshtein,1750,entropy,0.523584,0.019612,3
levenshtein,1751,entropy,0.526224,0.012253,3
levenshtein,1752,entropy,0.531324,0.018628,3
levenshtein,1753,entropy,0.519736,0.020711,3
levenshtein,1754,entropy,0.527994,0.019385,3
levenshtein,1755,entropy,0.520614,0.0141,3
levenshtein,1756,entropy,0.537293,0.02831,3
levenshtein,1757,entropy,0.540458,0.008218,3
levenshtein,1758,entropy,0.531351,0.00499,3
levenshtein,1759,entropy,0.521397,0.004549,3
levenshtein,1760,entropy,0.536364,0.008354,3
levenshtein,1761,entropy,0.52635,0.007562,3
levenshtein,1762,entropy,0.535573,0.013586,3
levenshtein,1763,entropy,0.526071,0.015709,3
levenshtein,1764,entropy,0.537246,0.002348,3
levenshtein,1765,entropy,0.526056,0.014508,3
levenshtein,1766,entropy,0.541847,0.001501,3
levenshtein,1767,entropy,0.529034,0.021805,3
levenshtein,1768,entropy,0.530712,0.010576,3
levenshtein,1769,entropy,0.552212,0.014225,3
levenshtein,1770,entropy,0.526337,0.005848,3
levenshtein,1771,entropy,0.522429,0.007001,3
levenshtein,1772,entropy,0.525165,0.017261,3
levenshtein,1773,entropy,0.529543,0.011912,3
levenshtein,1774,entropy,0.552653,0.003617,3
levenshtein,1775,entropy,0.52116,0.009288,3
levenshtein,1776,entropy,0.545907,0.013641,3
levenshtein,1777,entropy,0.504181,0.014678,3
levenshtein,1778,entropy,0.553981,0.018852,3
levenshtein,1779,entropy,0.52797,0.001706,3
levenshtein,1780,entropy,0.524885,0.009649,3
levenshtein,1781,entropy,0.516034,0.012301,3
levenshtein,1782,entropy,0.525779,0.004344,3
levenshtein,1783,entropy,0.550253,0.022411,3
levenshtein,1784,entropy,0.528638,0.015135,3
levenshtein,1785,entropy,0.541998,0.015023,3
levenshtein,1786,entropy,0.533754,0.006309,3
levenshtein,1787,entropy,0.536475,0.01361,3
levenshtein,1788,entropy,0.555845,0.008841,3
levenshtein,1789,entropy,0.543099,0.014696,3
levenshtein,1790,entropy,0.545247,0.004716,3
levenshtein,1791,entropy,0.520766,0.019547,3
levenshtein,1792,entropy,0.542312,0.015977,3
levenshtein,1793,entropy,0.527076,0.00666,3
levenshtein,1794,entropy,0.527127,0.009903,3
levenshtein,1795,entropy,0.538688,0.016758,3
levenshtein,1796,entropy,0.55191,0.00497,3
levenshtein,1797,entropy,0.536682,0.025665,3
levenshtein,1798,entropy,0.545944,0.016198,3
levenshtein,1799,entropy,0.530459,0.015179,3
levenshtein,1800,entropy,0.532363,0.006192,3
levenshtein,1801,entropy,0.531333,0.024579,3
levenshtein,1802,entropy,0.524838,0.02147,3
levenshtein,1803,entropy,0.525964,0.007327,3
levenshtein,1804,entropy,0.534319,0.01269,3
levenshtein,1805,entropy,0.52883,0.035115,3
levenshtein,1806,entropy,0.519765,0.019518,3
levenshtein,1807,entropy,0.534675,0.010033,3
levenshtein,1808,entropy,0.519921,0.012741,3
levenshtein,1809,entropy,0.537442,0.016908,3
levenshtein,1810,entropy,0.514009,0.019505,3
levenshtein,1811,entropy,0.524124,0.001656,3
levenshtein,1812,entropy,0.523144,0.014813,3
levenshtein,1813,entropy,0.531366,0.008419,3
levenshtein,1814,entropy,0.528715,0.017459,3
levenshtein,1815,entropy,0.540645,0.004814,3
levenshtein,1816,entropy,0.53883,0.003652,3
levenshtein,1817,entropy,0.533744,0.004746,3
levenshtein,1818,entropy,0.523934,0.012049,3
levenshtein,1819,entropy,0.536819,0.023452,3
levenshtein,1820,entropy,0.532982,0.01218,3
levenshtein,1821,entropy,0.542084,0.020275,3
levenshtein,1822,entropy,0.498764,0.016291,3
levenshtein,1823,entropy,0.51305,0.012367,3
levenshtein,1824,entropy,0.527503,0.022844,3
levenshtein,1825,entropy,0.534781,0.014417,3
levenshtein,1826,entropy,0.514894,0.018873,3
levenshtein,1827,entropy,0.537821,0.012744,3
levenshtein,1828,entropy,0.519992,0.019,3
levenshtein,1829,entropy,0.53623,0.021333,3
levenshtein,1830,entropy,0.520933,0.007398,3
levenshtein,1831,entropy,0.52157,0.007963,3
levenshtein,1832,entropy,0.514437,0.017597,3
levenshtein,1833,entropy,0.523686,0.021965,3
levenshtein,1834,entropy,0.53576,0.024886,3
levenshtein,1835,entropy,0.521128,0.024573,3
levenshtein,1836,entropy,0.535745,0.012358,3
levenshtein,1837,entropy,0.511282,0.010765,3
levenshtein,1838,entropy,0.512046,0.015025,3
levenshtein,1839,entropy,0.519975,0.009945,3
levenshtein,1840,entropy,0.524296,0.025014,3
levenshtein,1841,entropy,0.532214,0.038198,3
levenshtein,1842,entropy,0.524088,0.018381,3
levenshtein,1843,entropy,0.538282,0.005012,3
levenshtein,1844,entropy,0.541708,0.032877,3
levenshtein,1845,entropy,0.505179,0.009882,3
levenshtein,1846,entropy,0.524856,0.008367,3
levenshtein,1847,entropy,0.541457,0.012941,3
levenshtein,1848,entropy,0.526203,0.020597,3
levenshtein,1849,entropy,0.538357,0.029822,3
levenshtein,1850,entropy,0.511147,0.006637,3
levenshtein,1851,entropy,0.536445,0.013323,3
levenshtein,1852,entropy,0.506956,0.024257,3
levenshtein,1853,entropy,0.541962,0.003277,3
levenshtein,1854,entropy,0.509183,0.017165,3
levenshtein,1855,entropy,0.552996,0.021068,3
levenshtein,1856,entropy,0.502896,0.016052,3
levenshtein,1857,entropy,0.527332,0.008514,3
levenshtein,1858,entropy,0.544572,0.009948,3
levenshtein,1859,entropy,0.52167,0.025027,3
levenshtein,1860,entropy,0.53304,0.022825,3
levenshtein,1861,entropy,0.530751,0.015376,3
levenshtein,1862,entropy,0.532157,0.005694,3
levenshtein,1863,entropy,0.530031,0.025815,3
levenshtein,1864,entropy,0.515438,0.032263,3
levenshtein,1865,entropy,0.545193,0.011478,3
levenshtein,1866,entropy,0.529456,0.020535,3
levenshtein,1867,entropy,0.533536,0.022098,3
levenshtein,1868,entropy,0.514848,0.023112,3
levenshtein,1869,entropy,0.546382,0.0177,3
levenshtein,1870,entropy,0.532535,0.017251,3
levenshtein,1871,entropy,0.554952,0.01237,3
levenshtein,1872,entropy,0.545844,0.004188,3
levenshtein,1873,entropy,0.531483,0.013701,3
levenshtein,1874,entropy,0.506144,0.016793,3
levenshtein,1875,entropy,0.525595,0.004992,3
levenshtein,1876,entropy,0.537967,0.009416,3
levenshtein,1877,entropy,0.51379,0.005333,3
levenshtein,1878,entropy,0.523841,0.011357,3
levenshtein,1879,entropy,0.537473,0.026641,3
levenshtein,1880,entropy,0.528383,0.020912,3
levenshtein,1881,entropy,0.53549,0.003066,3
levenshtein,1882,entropy,0.536693,0.034567,3
levenshtein,1883,entropy,0.515972,0.022829,3
levenshtein,1884,entropy,0.524247,0.009277,3
levenshtein,1885,entropy,0.537395,0.023276,3
levenshtein,1886,entropy,0.531927,0.002668,3
levenshtein,1887,entropy,0.543717,0.016314,3
levenshtein,1888,entropy,0.534304,0.0063,3
levenshtein,1889,entropy,0.527685,0.016995,3
levenshtein,1890,entropy,0.536471,0.012451,3
levenshtein,1891,entropy,0.550004,0.007385,3
levenshtein,1892,entropy,0.532695,0.012502,3
levenshtein,1893,entropy,0.511729,0.018801,3
levenshtein,1894,entropy,0.535367,0.018992,3
levenshtein,1895,entropy,0.536085,0.015263,3
levenshtein,1896,entropy,0.543777,0.008129,3
levenshtein,1897,entropy,0.535299,0.004484,3
levenshtein,1898,entropy,0.522476,0.021153,3
levenshtein,1899,entropy,0.547435,0.009302,3
levenshtein,1900,entropy,0.532812,0.012987,3
levenshtein,1901,entropy,0.537726,0.015483,3
levenshtein,1902,entropy,0.530201,0.011522,3
levenshtein,1903,entropy,0.521274,0.006001,3
levenshtein,1904,entropy,0.531419,0.004379,3
levenshtein,1905,entropy,0.538943,0.010203,3
levenshtein,1906,entropy,0.525793,0.010939,3
levenshtein,1907,entropy,0.534462,0.020026,3
levenshtein,1908,entropy,0.51526,0.019996,3
levenshtein,1909,entropy,0.533324,0.00538,3
levenshtein,1910,entropy,0.521832,0.029416,3
levenshtein,1911,entropy,0.511972,0.000898,3
levenshtein,1912,entropy,0.521101,0.018778,3
levenshtein,1913,entropy,0.528498,0.019167,3
levenshtein,1914,entropy,0.50902,0.006176,3
levenshtein,1915,entropy,0.528524,0.009502,3
levenshtein,1916,entropy,0.552443,0.011782,3
levenshtein,1917,entropy,0.521819,0.030628,3
levenshtein,1918,entropy,0.51857,0.01725,3
levenshtein,1919,entropy,0.537583,0.030011,3
levenshtein,1920,entropy,0.521606,0.020664,3
levenshtein,1921,entropy,0.543395,0.015424,3
levenshtein,1922,entropy,0.547624,0.006551,3
levenshtein,1923,entropy,0.494095,0.012802,3
levenshtein,1924,entropy,0.518378,0.01817,3
levenshtein,1925,entropy,0.517996,0.012859,3
levenshtein,1926,entropy,0.538637,0.01226,3
levenshtein,1927,entropy,0.522994,0.012973,3
levenshtein,1928,entropy,0.525174,0.018327,3
levenshtein,1929,entropy,0.509208,0.017457,3
levenshtein,1930,entropy,0.519313,0.006867,3
levenshtein,1931,entropy,0.512553,0.014658,3
levenshtein,1932,entropy,0.524059,0.031514,3
levenshtein,1933,entropy,0.510573,0.022698,3
levenshtein,1934,entropy,0.512286,0.013586,3
levenshtein,1935,entropy,0.524999,0.011478,3
levenshtein,1936,entropy,0.530843,0.020643,3
levenshtein,1937,entropy,0.530219,0.006947,3
levenshtein,1938,entropy,0.53142,0.011376,3
levenshtein,1939,entropy,0.534049,0.009134,3
levenshtein,1940,entropy,0.523396,0.005669,3
levenshtein,1941,entropy,0.526294,0.004781,3
levenshtein,1942,entropy,0.51699,0.024374,3
levenshtein,1943,entropy,0.543277,0.019329,3
levenshtein,1944,entropy,0.536632,0.018359,3
levenshtein,1945,entropy,0.51626,0.012217,3
levenshtein,1946,entropy,0.526411,0.018433,3
levenshtein,1947,entropy,0.513935,0.011885,3
levenshtein,1948,entropy,0.512267,0.037027,3
levenshtein,1949,entropy,0.526769,0.025404,3
levenshtein,1950,entropy,0.531059,0.01926,3
levenshtein,1951,entropy,0.514467,0.004012,3
levenshtein,1952,entropy,0.515195,0.009212,3
levenshtein,1953,entropy,0.518679,0.013582,3
levenshtein,1954,entropy,0.515537,0.026502,3
levenshtein,1955,entropy,0.511314,0.006718,3
levenshtein,1956,entropy,0.54681,0.030164,3
levenshtein,1957,entropy,0.513978,0.020234,3
levenshtein,1958,entropy,0.522652,0.026802,3
levenshtein,1959,entropy,0.521068,0.027633,3
levenshtein,1960,entropy,0.516424,0.007581,3
levenshtein,1961,entropy,0.513877,0.008348,3
levenshtein,1962,entropy,0.521139,0.014575,3
levenshtein,1963,entropy,0.514046,0.019858,3
levenshtein,1964,entropy,0.520105,0.013244,3
levenshtein,1965,entropy,0.523025,0.013033,3
levenshtein,1966,entropy,0.512917,0.018659,3
levenshtein,1967,entropy,0.506303,0.01041,3
levenshtein,1968,entropy,0.525205,0.025601,3
levenshtein,1969,entropy,0.530205,0.008816,3
levenshtein,1970,entropy,0.508609,0.016405,3
levenshtein,1971,entropy,0.523313,0.005812,3
levenshtein,1972,entropy,0.505332,0.003259,3
levenshtein,1973,entropy,0.494693,0.010834,3
levenshtein,1974,entropy,0.520679,0.023222,3
levenshtein,1975,entropy,0.518519,0.010637,3
levenshtein,1976,entropy,0.506272,0.011729,3
levenshtein,1977,entropy,0.520635,0.008193,3
levenshtein,1978,entropy,0.506865,0.018563,3
levenshtein,1979,entropy,0.514665,0.019838,3
levenshtein,1980,entropy,0.525389,0.002114,3
levenshtein,1981,entropy,0.529212,0.013393,3
levenshtein,1982,entropy,0.513675,0.012273,3
levenshtein,1983,entropy,0.505369,0.006134,3
levenshtein,1984,entropy,0.530729,0.011344,3
levenshtein,1985,entropy,0.524852,0.007679,3
levenshtein,1986,entropy,0.522693,0.007237,3
levenshtein,1987,entropy,0.517659,0.020278,3
levenshtein,1988,entropy,0.534761,0.027013,3
levenshtein,1989,entropy,0.533269,0.003222,3
levenshtein,1990,entropy,0.518704,0.00897,3
levenshtein,1991,entropy,0.534974,0.024852,3
levenshtein,1992,entropy,0.533513,0.00222,3
levenshtein,1993,entropy,0.524339,0.034248,3
levenshtein,1994,entropy,0.526958,0.012939,3
levenshtein,1995,entropy,0.528253,0.014404,3
levenshtein,1996,entropy,0.531106,0.008065,3
levenshtein,1997,entropy,0.536614,0.015644,3
levenshtein,1998,entropy,0.529601,0.008968,3
levenshtein,1999,entropy,0.527899,0.024491,3
levenshtein,2000,entropy,0.499333,0.008595,3
levenshtein,2001,entropy,0.516349,0.027132,3
levenshtein,2002,entropy,0.522872,0.003191,3
levenshtein,2003,entropy,0.540785,0.014046,3
levenshtein,2004,entropy,0.513226,0.010571,3
levenshtein,2005,entropy,0.500366,0.007591,3
levenshtein,2006,entropy,0.526292,0.004666,3
levenshtein,2007,entropy,0.51222,0.01396,3
levenshtein,2008,entropy,0.516574,0.032329,3
levenshtein,2009,entropy,0.488331,0.00867,3
levenshtein,2010,entropy,0.511261,0.0337,3
levenshtein,2011,entropy,0.515632,0.017097,3
levenshtein,2012,entropy,0.528253,0.007897,3
levenshtein,2013,entropy,0.519375,0.017671,3
levenshtein,2014,entropy,0.504784,0.020312,3
levenshtein,2015,entropy,0.514919,0.01752,3
levenshtein,2016,entropy,0.489954,0.024071,3
levenshtein,2017,entropy,0.497245,0.008495,3
levenshtein,2018,entropy,0.515384,0.026265,3
levenshtein,2019,entropy,0.507551,0.011425,3
levenshtein,2020,entropy,0.523813,0.015142,3
levenshtein,2021,entropy,0.523511,0.020819,3
levenshtein,2022,entropy,0.517391,0.017338,3
levenshtein,2023,entropy,0.519282,0.023477,3
levenshtein,2024,entropy,0.523637,0.016669,3
levenshtein,2025,entropy,0.499152,0.015945,3
levenshtein,2026,entropy,0.517103,0.012233,3
levenshtein,2027,entropy,0.539982,0.012165,3
levenshtein,2028,entropy,0.536769,0.010607,3
levenshtein,2029,entropy,0.532194,0.01165,3
levenshtein,2030,entropy,0.530453,0.015564,3
levenshtein,2031,entropy,0.524161,0.027741,3
levenshtein,2032,entropy,0.524004,0.007551,3
levenshtein,2033,entropy,0.527225,0.021049,3
levenshtein,2034,entropy,0.526298,0.009328,3
levenshtein,2035,entropy,0.524099,0.032227,3
levenshtein,2036,entropy,0.516728,0.013746,3
levenshtein,2037,entropy,0.518667,0.010824,3
levenshtein,2038,entropy,0.517662,0.012445,3
levenshtein,2039,entropy,0.518063,0.021999,3
levenshtein,2040,entropy,0.510241,0.01461,3
levenshtein,2041,entropy,0.500295,0.00409,3
levenshtein,2042,entropy,0.530915,0.008303,3
levenshtein,2043,entropy,0.519448,0.010452,3
levenshtein,2044,entropy,0.523708,0.007098,3
levenshtein,2045,entropy,0.517265,0.029288,3
levenshtein,2046,entropy,0.514915,0.005521,3
levenshtein,2047,entropy,0.531636,0.012701,3
levenshtein,2048,entropy,0.528452,0.024003,3
levenshtein,2049,entropy,0.520975,0.030305,3
levenshtein,2050,entropy,0.528364,0.0179,3
levenshtein,2051,entropy,0.520112,0.015304,3
levenshtein,2052,entropy,0.520097,0.01342,3
levenshtein,2053,entropy,0.532689,0.002868,3
levenshtein,2054,entropy,0.531178,0.008029,3
levenshtein,2055,entropy,0.495314,0.018057,3
levenshtein,2056,entropy,0.515928,0.012861,3
levenshtein,2057,entropy,0.531703,0.032884,3
levenshtein,2058,entropy,0.522681,0.002693,3
levenshtein,2059,entropy,0.5368,0.014637,3
levenshtein,2060,entropy,0.505008,0.021862,3
levenshtein,2061,entropy,0.540196,0.006613,3
levenshtein,2062,entropy,0.52903,0.021455,3
levenshtein,2063,entropy,0.543361,0.010701,3
levenshtein,2064,entropy,0.516108,0.008706,3
levenshtein,2065,entropy,0.518573,0.01025,3
levenshtein,2066,entropy,0.518805,0.02494,3
levenshtein,2067,entropy,0.529922,0.017501,3
levenshtein,2068,entropy,0.52487,0.008164,3
levenshtein,2069,entropy,0.517319,0.007264,3
levenshtein,2070,entropy,0.513653,0.008877,3
levenshtein,2071,entropy,0.532775,0.005812,3
levenshtein,2072,entropy,0.518563,0.005868,3
levenshtein,2073,entropy,0.503997,0.010518,3
levenshtein,2074,entropy,0.532321,0.021786,3
levenshtein,2075,entropy,0.522174,0.011197,3
levenshtein,2076,entropy,0.531736,0.013507,3
levenshtein,2077,entropy,0.526723,0.016552,3
levenshtein,2078,entropy,0.521677,0.030595,3
levenshtein,2079,entropy,0.511017,0.007947,3
levenshtein,2080,entropy,0.537203,0.003269,3
levenshtein,2081,entropy,0.53407,0.015007,3
levenshtein,2082,entropy,0.506726,0.013535,3
levenshtein,2083,entropy,0.527826,0.01746,3
levenshtein,2084,entropy,0.51255,0.028089,3
levenshtein,2085,entropy,0.507483,0.009024,3
levenshtein,2086,entropy,0.518936,0.009313,3
levenshtein,2087,entropy,0.506834,0.013642,3
levenshtein,2088,entropy,0.524745,0.029715,3
levenshtein,2089,entropy,0.516681,0.014338,3
levenshtein,2090,entropy,0.529445,0.015171,3
levenshtein,2091,entropy,0.518934,0.013579,3
levenshtein,2092,entropy,0.513936,0.01823,3
levenshtein,2093,entropy,0.519404,0.01711,3
levenshtein,2094,entropy,0.507359,0.008904,3
levenshtein,2095,entropy,0.515305,0.017453,3
levenshtein,2096,entropy,0.515759,0.009273,3
levenshtein,2097,entropy,0.501785,0.016657,3
levenshtein,2098,entropy,0.518102,0.021046,3
levenshtein,2099,entropy,0.5019,0.009559,3
levenshtein,2100,entropy,0.53481,0.00212,3
levenshtein,2101,entropy,0.525279,0.015189,3
levenshtein,2102,entropy,0.507981,0.014924,3
levenshtein,2103,entropy,0.50506,0.015048,3
levenshtein,2104,entropy,0.525431,0.003112,3
levenshtein,2105,entropy,0.517471,0.005872,3
levenshtein,2106,entropy,0.498401,0.005107,3
levenshtein,2107,entropy,0.511815,0.02455,3
levenshtein,2108,entropy,0.509237,0.008998,3
levenshtein,2109,entropy,0.521015,0.005505,3
levenshtein,2110,entropy,0.515145,0.022919,3
levenshtein,2111,entropy,0.511479,0.018594,3
levenshtein,2112,entropy,0.505172,0.006452,3
levenshtein,2113,entropy,0.52883,0.02532,3
levenshtein,2114,entropy,0.516288,0.006418,3
levenshtein,2115,entropy,0.513403,0.012853,3
levenshtein,2116,entropy,0.519672,0.00529,3
levenshtein,2117,entropy,0.522572,0.025852,3
levenshtein,2118,entropy,0.501732,0.010346,3
levenshtein,2119,entropy,0.525524,0.009066,3
levenshtein,2120,entropy,0.531481,0.01234,3
levenshtein,2121,entropy,0.530072,0.023322,3
levenshtein,2122,entropy,0.520732,0.021994,3
levenshtein,2123,entropy,0.53177,0.007248,3
levenshtein,2124,entropy,0.523665,0.009981,3
levenshtein,2125,entropy,0.521834,0.007995,3
levenshtein,2126,entropy,0.530697,0.002721,3
levenshtein,2127,entropy,0.486123,0.017921,3
levenshtein,2128,entropy,0.517814,0.015365,3
levenshtein,2129,entropy,0.517137,0.01242,3
levenshtein,2130,entropy,0.490767,0.021687,3
levenshtein,2131,entropy,0.488834,0.013754,3
levenshtein,2132,entropy,0.510541,0.02439,3
levenshtein,2133,entropy,0.508535,0.007232,3
levenshtein,2134,entropy,0.522247,0.013943,3
levenshtein,2135,entropy,0.531435,0.018616,3
levenshtein,2136,entropy,0.518487,0.015961,3
levenshtein,2137,entropy,0.498006,0.021768,3
levenshtein,2138,entropy,0.504915,0.002838,3
levenshtein,2139,entropy,0.514874,0.020186,3
levenshtein,2140,entropy,0.504059,0.007974,3
levenshtein,2141,entropy,0.521246,0.013831,3
levenshtein,2142,entropy,0.520965,0.004655,3
levenshtein,2143,entropy,0.505721,0.009248,3
levenshtein,2144,entropy,0.516538,0.005113,3
levenshtein,2145,entropy,0.486227,0.011815,3
levenshtein,2146,entropy,0.491916,0.00887,3
levenshtein,2147,entropy,0.490464,0.010499,3
levenshtein,2148,entropy,0.524412,0.009809,3
levenshtein,2149,entropy,0.501988,0.023751,3
levenshtein,2150,entropy,0.516062,0.013808,3
levenshtein,2151,entropy,0.503343,0.008483,3
levenshtein,2152,entropy,0.514766,0.013928,3
levenshtein,2153,entropy,0.522641,0.016166,3
levenshtein,2154,entropy,0.52217,0.012676,3
levenshtein,2155,entropy,0.509711,0.016479,3
levenshtein,2156,entropy,0.509363,0.013718,3
levenshtein,2157,entropy,0.509968,0.006561,3
levenshtein,2158,entropy,0.51312,0.024336,3
levenshtein,2159,entropy,0.498134,0.022763,3
levenshtein,2160,entropy,0.522407,0.022556,3
levenshtein,2161,entropy,0.522601,0.013901,3
levenshtein,2162,entropy,0.511144,0.017074,3
levenshtein,2163,entropy,0.510681,0.006288,3
levenshtein,2164,entropy,0.521678,0.019063,3
levenshtein,2165,entropy,0.509195,0.01155,3
levenshtein,2166,entropy,0.510777,0.00879,3
levenshtein,2167,entropy,0.496692,0.010536,3
levenshtein,2168,entropy,0.49915,0.010889,3
levenshtein,2169,entropy,0.503126,0.006314,3
levenshtein,2170,entropy,0.507073,0.031715,3
levenshtein,2171,entropy,0.509749,0.019578,3
levenshtein,2172,entropy,0.511038,0.015489,3
levenshtein,2173,entropy,0.520471,0.012376,3
levenshtein,2174,entropy,0.524867,0.008197,3
levenshtein,2175,entropy,0.516354,0.012937,3
levenshtein,2176,entropy,0.525023,0.01217,3
levenshtein,2177,entropy,0.511611,0.02945,3
levenshtein,2178,entropy,0.503972,0.026519,3
levenshtein,2179,entropy,0.512293,0.019716,3
levenshtein,2180,entropy,0.520095,0.014846,3
levenshtein,2181,entropy,0.504617,0.011228,3
levenshtein,2182,entropy,0.498166,0.015436,3
levenshtein,2183,entropy,0.51068,0.014001,3
levenshtein,2184,entropy,0.520818,0.026617,3
levenshtein,2185,entropy,0.543128,0.024143,3
levenshtein,2186,entropy,0.52213,0.00996,3
levenshtein,2187,entropy,0.517135,0.0049,3
levenshtein,2188,entropy,0.486263,0.016046,3
levenshtein,2189,entropy,0.508049,0.025227,3
levenshtein,2190,entropy,0.531586,0.023804,3
levenshtein,2191,entropy,0.513762,0.032678,3
levenshtein,2192,entropy,0.521503,0.023984,3
levenshtein,2193,entropy,0.515227,0.008091,3
levenshtein,2194,entropy,0.519914,0.01708,3
levenshtein,2195,entropy,0.516642,0.009324,3
levenshtein,2196,entropy,0.511345,0.016943,3
levenshtein,2197,entropy,0.525223,0.021781,3
levenshtein,2198,entropy,0.525412,0.006566,3
levenshtein,2199,entropy,0.518238,0.020906,3
levenshtein,2200,entropy,0.50879,0.007454,3
levenshtein,2201,entropy,0.498288,0.014554,3
levenshtein,2202,entropy,0.513383,0.017717,3
levenshtein,2203,entropy,0.528171,0.011967,3
levenshtein,2204,entropy,0.520168,0.01844,3
levenshtein,2205,entropy,0.516025,0.003321,3
levenshtein,2206,entropy,0.502843,0.002942,3
levenshtein,2207,entropy,0.523032,0.008931,3
levenshtein,2208,entropy,0.517631,0.026658,3
levenshtein,2209,entropy,0.521143,0.027407,3
levenshtein,2210,entropy,0.511995,0.025748,3
levenshtein,2211,entropy,0.513374,0.005125,3
levenshtein,2212,entropy,0.535657,0.027732,3
levenshtein,2213,entropy,0.518595,0.024097,3
levenshtein,2214,entropy,0.528548,0.016698,3
levenshtein,2215,entropy,0.489616,0.0094,3
levenshtein,2216,entropy,0.504499,0.010703,3
levenshtein,2217,entropy,0.520918,0.007183,3
levenshtein,2218,entropy,0.506283,0.015682,3
levenshtein,2219,entropy,0.510545,0.014671,3
levenshtein,2220,entropy,0.498629,0.00628,3
levenshtein,2221,entropy,0.503217,0.013763,3
levenshtein,2222,entropy,0.52016,0.010535,3
levenshtein,2223,entropy,0.5166,0.011658,3
levenshtein,2224,entropy,0.515016,0.023546,3
levenshtein,2225,entropy,0.509015,0.017123,3
levenshtein,2226,entropy,0.528481,0.018993,3
levenshtein,2227,entropy,0.511678,0.016615,3
levenshtein,2228,entropy,0.520403,0.007467,3
levenshtein,2229,entropy,0.513197,0.011838,3
levenshtein,2230,entropy,0.509462,0.008533,3
levenshtein,2231,entropy,0.520568,0.005322,3
levenshtein,2232,entropy,0.522227,0.011786,3
levenshtein,2233,entropy,0.525003,0.014252,3
levenshtein,2234,entropy,0.51705,0.013022,3
levenshtein,2235,entropy,0.510123,0.011605,3
levenshtein,2236,entropy,0.517113,0.029427,3
levenshtein,2237,entropy,0.524911,0.022874,3
levenshtein,2238,entropy,0.520353,0.015948,3
levenshtein,2239,entropy,0.51929,0.008652,3
levenshtein,2240,entropy,0.518699,0.012302,3
levenshtein,2241,entropy,0.526486,0.004005,3
levenshtein,2242,entropy,0.501886,0.015149,3
levenshtein,2243,entropy,0.511333,0.017381,3
levenshtein,2244,entropy,0.508111,0.015005,3
levenshtein,2245,entropy,0.498271,0.014141,3
levenshtein,2246,entropy,0.489354,0.018102,3
levenshtein,2247,entropy,0.513277,0.00633,3
levenshtein,2248,entropy,0.503512,0.005428,3
levenshtein,2249,entropy,0.522771,0.015569,3
levenshtein,2250,entropy,0.514778,0.00814,3
levenshtein,2251,entropy,0.499141,0.032432,3
levenshtein,2252,entropy,0.498123,0.019054,3
levenshtein,2253,entropy,0.510446,0.012908,3
levenshtein,2254,entropy,0.515373,0.01649,3
levenshtein,2255,entropy,0.515532,0.031418,3
levenshtein,2256,entropy,0.493602,0.007118,3
levenshtein,2257,entropy,0.527274,0.003322,3
levenshtein,2258,entropy,0.514579,0.00682,3
levenshtein,2259,entropy,0.511237,0.011581,3
levenshtein,2260,entropy,0.50761,0.021963,3
levenshtein,2261,entropy,0.505597,0.00658,3
levenshtein,2262,entropy,0.494434,0.022813,3
levenshtein,2263,entropy,0.507089,0.001547,3
levenshtein,2264,entropy,0.512231,0.007142,3
levenshtein,2265,entropy,0.487339,0.005716,3
levenshtein,2266,entropy,0.510643,0.020314,3
levenshtein,2267,entropy,0.511629,0.008542,3
levenshtein,2268,entropy,0.518383,0.018057,3
levenshtein,2269,entropy,0.512308,0.007705,3
levenshtein,2270,entropy,0.518586,0.007909,3
levenshtein,2271,entropy,0.511132,0.015279,3
levenshtein,2272,entropy,0.492874,0.013916,3
levenshtein,2273,entropy,0.52986,0.008226,3
levenshtein,2274,entropy,0.513696,0.016453,3
levenshtein,2275,entropy,0.524603,0.007666,3
levenshtein,2276,entropy,0.509636,0.012908,3
levenshtein,2277,entropy,0.512011,0.007146,3
levenshtein,2278,entropy,0.501589,0.014495,3
levenshtein,2279,entropy,0.513698,0.026416,3
levenshtein,2280,entropy,0.504475,0.005401,3
levenshtein,2281,entropy,0.505139,0.015514,3
levenshtein,2282,entropy,0.505041,0.014857,3
levenshtein,2283,entropy,0.510532,0.019085,3
levenshtein,2284,entropy,0.519204,0.005659,3
levenshtein,2285,entropy,0.518122,0.010461,3
levenshtein,2286,entropy,0.50627,0.009758,3
levenshtein,2287,entropy,0.517701,0.032132,3
levenshtein,2288,entropy,0.527675,0.019244,3
levenshtein,2289,entropy,0.510125,0.017081,3
levenshtein,2290,entropy,0.513494,0.009256,3
levenshtein,2291,entropy,0.525296,0.028601,3
levenshtein,2292,entropy,0.517058,0.020519,3
levenshtein,2293,entropy,0.523097,0.030138,3
levenshtein,2294,entropy,0.52002,0.010413,3
levenshtein,2295,entropy,0.510405,0.009381,3
levenshtein,2296,entropy,0.508849,0.009563,3
levenshtein,2297,entropy,0.515019,0.013446,3
levenshtein,2298,entropy,0.495896,0.009861,3
levenshtein,2299,entropy,0.499256,0.009642,3
levenshtein,2300,entropy,0.507916,0.005751,3
levenshtein,2301,entropy,0.494295,0.02047,3
levenshtein,2302,entropy,0.496023,0.008868,3
levenshtein,2303,entropy,0.528377,0.013849,3
levenshtein,2304,entropy,0.518528,0.011891,3
levenshtein,2305,entropy,0.52191,0.006696,3
levenshtein,2306,entropy,0.492328,0.00415,3
levenshtein,2307,entropy,0.521159,0.016984,3
levenshtein,2308,entropy,0.497615,0.017512,3
levenshtein,2309,entropy,0.500119,0.006806,3
levenshtein,2310,entropy,0.503799,0.009196,3
levenshtein,2311,entropy,0.507973,0.015634,3
levenshtein,2312,entropy,0.509763,0.019627,3
levenshtein,2313,entropy,0.525919,0.007371,3
levenshtein,2314,entropy,0.503265,0.007703,3
levenshtein,2315,entropy,0.53404,0.005385,3
levenshtein,2316,entropy,0.515348,0.016629,3
levenshtein,2317,entropy,0.500647,0.009059,3
levenshtein,2318,entropy,0.513529,0.0226,3
levenshtein,2319,entropy,0.484566,0.021165,3
levenshtein,2320,entropy,0.515722,0.010179,3
levenshtein,2321,entropy,0.502221,0.021883,3
levenshtein,2322,entropy,0.505451,0.029113,3
levenshtein,2323,entropy,0.504834,0.019156,3
levenshtein,2324,entropy,0.495835,0.017868,3
levenshtein,2325,entropy,0.517812,0.008609,3
levenshtein,2326,entropy,0.521285,0.003404,3
levenshtein,2327,entropy,0.497885,0.016683,3
levenshtein,2328,entropy,0.504917,0.016148,3
levenshtein,2329,entropy,0.507546,0.010651,3
levenshtein,2330,entropy,0.515155,0.008574,3
levenshtein,2331,entropy,0.507752,0.026573,3
levenshtein,2332,entropy,0.497675,0.00533,3
levenshtein,2333,entropy,0.510976,0.008878,3
levenshtein,2334,entropy,0.509118,0.015603,3
levenshtein,2335,entropy,0.505387,0.024394,3
levenshtein,2336,entropy,0.521658,0.008702,3
levenshtein,2337,entropy,0.510689,0.006613,3
levenshtein,2338,entropy,0.526613,0.011756,3
levenshtein,2339,entropy,0.523235,0.009911,3
levenshtein,2340,entropy,0.501708,0.006617,3
levenshtein,2341,entropy,0.512308,0.008357,3
levenshtein,2342,entropy,0.517719,0.001313,3
levenshtein,2343,entropy,0.511356,0.018849,3
levenshtein,2344,entropy,0.515222,0.020291,3
levenshtein,2345,entropy,0.519052,0.020317,3
levenshtein,2346,entropy,0.511302,0.004289,3
levenshtein,2347,entropy,0.501527,0.01987,3
levenshtein,2348,entropy,0.504226,0.023269,3
levenshtein,2349,entropy,0.512564,0.018831,3
levenshtein,2350,entropy,0.521877,0.018149,3
levenshtein,2351,entropy,0.51828,0.013678,3
levenshtein,2352,entropy,0.526699,0.018015,3
levenshtein,2353,entropy,0.511839,0.027039,3
levenshtein,2354,entropy,0.501609,0.023763,3
levenshtein,2355,entropy,0.518751,0.015356,3
levenshtein,2356,entropy,0.520926,0.036016,3
levenshtein,2357,entropy,0.501102,0.006576,3
levenshtein,2358,entropy,0.514404,0.015095,3
levenshtein,2359,entropy,0.499998,0.007214,3
levenshtein,2360,entropy,0.522362,0.018443,3
levenshtein,2361,entropy,0.516156,0.008818,3
levenshtein,2362,entropy,0.512845,0.01644,3
levenshtein,2363,entropy,0.500171,0.004448,3
levenshtein,2364,entropy,0.53401,0.009885,3
levenshtein,2365,entropy,0.50002,0.004804,3
levenshtein,2366,entropy,0.519269,0.021467,3
levenshtein,2367,entropy,0.52239,0.017263,3
levenshtein,2368,entropy,0.534617,0.024976,3
levenshtein,2369,entropy,0.523204,0.029301,3
levenshtein,2370,entropy,0.532189,0.018306,3
levenshtein,2371,entropy,0.513648,0.02828,3
levenshtein,2372,entropy,0.516728,0.017112,3
levenshtein,2373,entropy,0.51572,0.001706,3
levenshtein,2374,entropy,0.515087,0.007379,3
levenshtein,2375,entropy,0.506401,0.010732,3
levenshtein,2376,entropy,0.517333,0.026742,3
levenshtein,2377,entropy,0.501577,0.015658,3
levenshtein,2378,entropy,0.505141,0.022497,3
levenshtein,2379,entropy,0.493392,0.007627,3
levenshtein,2380,entropy,0.521734,0.024747,3
levenshtein,2381,entropy,0.508825,0.030055,3
levenshtein,2382,entropy,0.519584,0.00285,3
levenshtein,2383,entropy,0.51635,0.022449,3
levenshtein,2384,entropy,0.526852,0.005851,3
levenshtein,2385,entropy,0.522408,0.004404,3
levenshtein,2386,entropy,0.507708,0.012963,3
levenshtein,2387,entropy,0.516866,0.004407,3
levenshtein,2388,entropy,0.537599,0.01598,3
levenshtein,2389,entropy,0.528249,0.012004,3
levenshtein,2390,entropy,0.514407,0.011868,3
levenshtein,2391,entropy,0.531528,0.0127,3
levenshtein,2392,entropy,0.513673,0.013038,3
levenshtein,2393,entropy,0.52448,0.015675,3
levenshtein,2394,entropy,0.509627,0.006686,3
levenshtein,2395,entropy,0.526011,0.026216,3
levenshtein,2396,entropy,0.501127,0.02018,3
levenshtein,2397,entropy,0.518422,0.011522,3
levenshtein,2398,entropy,0.518639,0.025491,3
levenshtein,2399,entropy,0.509246,0.007417,3
levenshtein,2400,entropy,0.515857,0.013483,3
levenshtein,2401,entropy,0.515908,0.012104,3
levenshtein,2402,entropy,0.511792,0.025279,3
levenshtein,2403,entropy,0.504686,0.018935,3
levenshtein,2404,entropy,0.516312,0.035965,3
levenshtein,2405,entropy,0.51859,0.00674,3
levenshtein,2406,entropy,0.510813,0.013007,3
levenshtein,2407,entropy,0.507069,0.001791,3
levenshtein,2408,entropy,0.484909,0.006443,3
levenshtein,2409,entropy,0.495248,0.019026,3
levenshtein,2410,entropy,0.511892,0.019846,3
levenshtein,2411,entropy,0.518313,0.022535,3
levenshtein,2412,entropy,0.517408,0.021329,3
levenshtein,2413,entropy,0.500858,0.009694,3
levenshtein,2414,entropy,0.512616,0.013206,3
levenshtein,2415,entropy,0.510401,0.018068,3
levenshtein,2416,entropy,0.511579,0.013812,3
levenshtein,2417,entropy,0.502133,0.025355,3
levenshtein,2418,entropy,0.515027,0.028761,3
levenshtein,2419,entropy,0.512487,0.013118,3
levenshtein,2420,entropy,0.506249,0.020302,3
levenshtein,2421,entropy,0.508282,0.017552,3
levenshtein,2422,entropy,0.525635,0.006915,3
levenshtein,2423,entropy,0.510276,0.024687,3
levenshtein,2424,entropy,0.499077,0.005872,3
levenshtein,2425,entropy,0.497355,0.03493,3
levenshtein,2426,entropy,0.509136,0.019562,3
levenshtein,2427,entropy,0.503695,0.013287,3
levenshtein,2428,entropy,0.506174,0.016421,3
levenshtein,2429,entropy,0.527669,0.007054,3
levenshtein,2430,entropy,0.485703,0.016139,3
levenshtein,2431,entropy,0.486816,0.021641,3
levenshtein,2432,entropy,0.486816,0.007904,3
levenshtein,2433,entropy,0.498179,0.013018,3
levenshtein,2434,entropy,0.517775,0.023921,3
levenshtein,2435,entropy,0.507991,0.021706,3
levenshtein,2436,entropy,0.515806,0.020641,3
levenshtein,2437,entropy,0.498603,0.010167,3
levenshtein,2438,entropy,0.499932,0.008759,3
levenshtein,2439,entropy,0.516769,0.011229,3
levenshtein,2440,entropy,0.496831,0.012568,3
levenshtein,2441,entropy,0.529687,0.010262,3
levenshtein,2442,entropy,0.49705,0.020701,3
levenshtein,2443,entropy,0.526912,0.014103,3
levenshtein,2444,entropy,0.508411,0.025871,3
levenshtein,2445,entropy,0.496894,0.021735,3
levenshtein,2446,entropy,0.508807,0.013132,3
levenshtein,2447,entropy,0.494166,0.023236,3
levenshtein,2448,entropy,0.475489,0.017125,3
levenshtein,2449,entropy,0.517899,0.016111,3
levenshtein,2450,entropy,0.501002,0.0279,3
levenshtein,2451,entropy,0.503015,0.012077,3
levenshtein,2452,entropy,0.50037,0.020734,3
levenshtein,2453,entropy,0.508101,0.011787,3
levenshtein,2454,entropy,0.497625,0.009093,3
levenshtein,2455,entropy,0.501592,0.030911,3
levenshtein,2456,entropy,0.512427,0.015726,3
levenshtein,2457,entropy,0.511182,0.019396,3
levenshtein,2458,entropy,0.510188,0.015342,3
levenshtein,2459,entropy,0.522222,0.025074,3
levenshtein,2460,entropy,0.517798,0.030276,3
levenshtein,2461,entropy,0.508097,0.006214,3
levenshtein,2462,entropy,0.51106,0.021211,3
levenshtein,2463,entropy,0.494144,0.008042,3
levenshtein,2464,entropy,0.529222,0.005419,3
levenshtein,2465,entropy,0.489,0.011933,3
levenshtein,2466,entropy,0.501735,0.009967,3
levenshtein,2467,entropy,0.502743,0.007498,3
levenshtein,2468,entropy,0.507607,0.026289,3
levenshtein,2469,entropy,0.505589,0.003644,3
levenshtein,2470,entropy,0.510763,0.014807,3
levenshtein,2471,entropy,0.501682,0.002997,3
levenshtein,2472,entropy,0.507475,0.017354,3
levenshtein,2473,entropy,0.510553,0.006895,3
levenshtein,2474,entropy,0.476494,0.006136,3
levenshtein,2475,entropy,0.524234,0.015603,3
levenshtein,2476,entropy,0.471595,0.009858,3
levenshtein,2477,entropy,0.49714,0.007543,3
levenshtein,2478,entropy,0.497963,0.016007,3
levenshtein,2479,entropy,0.504795,0.018304,3
levenshtein,2480,entropy,0.498672,0.024048,3
levenshtein,2481,entropy,0.520173,0.018832,3
levenshtein,2482,entropy,0.49186,0.009565,3
levenshtein,2483,entropy,0.497998,0.015941,3
levenshtein,2484,entropy,0.503198,0.001033,3
levenshtein,2485,entropy,0.508426,0.019651,3
levenshtein,2486,entropy,0.513609,0.027965,3
levenshtein,2487,entropy,0.510453,0.017019,3
levenshtein,2488,entropy,0.513166,0.00136,3
levenshtein,2489,entropy,0.49461,0.015665,3
levenshtein,2490,entropy,0.499772,0.019289,3
levenshtein,2491,entropy,0.523625,0.021479,3
levenshtein,2492,entropy,0.503108,0.020159,3
levenshtein,2493,entropy,0.481658,0.006202,3
levenshtein,2494,entropy,0.519113,0.022759,3
levenshtein,2495,entropy,0.480942,0.010871,3
levenshtein,2496,entropy,0.514303,0.002529,3
levenshtein,2497,entropy,0.502945,0.013317,3
levenshtein,2498,entropy,0.522947,0.010255,3
levenshtein,2499,entropy,0.506922,0.003219,3
levenshtein,2500,entropy,0.50369,0.007045,3
levenshtein,2501,entropy,0.480171,0.024517,3
levenshtein,2502,entropy,0.492975,0.028096,3
levenshtein,2503,entropy,0.507874,0.001367,3
levenshtein,2504,entropy,0.492612,0.007717,3
levenshtein,2505,entropy,0.496155,0.017691,3
levenshtein,2506,entropy,0.533936,0.010928,3
levenshtein,2507,entropy,0.507552,0.01024,3
levenshtein,2508,entropy,0.510409,0.007624,3
levenshtein,2509,entropy,0.513157,0.006533,3
levenshtein,2510,entropy,0.498718,0.010184,3
levenshtein,2511,entropy,0.495031,0.010597,3
levenshtein,2512,entropy,0.506293,0.004199,3
levenshtein,2513,entropy,0.501425,0.010682,3
levenshtein,2514,entropy,0.50991,0.012534,3
levenshtein,2515,entropy,0.493432,0.005934,3
levenshtein,2516,entropy,0.497062,0.014656,3
levenshtein,2517,entropy,0.503642,0.008704,3
levenshtein,2518,entropy,0.511333,0.019472,3
levenshtein,2519,entropy,0.519567,0.016384,3
levenshtein,2520,entropy,0.513292,0.024988,3
levenshtein,2521,entropy,0.513616,0.024565,3
levenshtein,2522,entropy,0.486849,0.015556,3
levenshtein,2523,entropy,0.487414,0.013313,3
levenshtein,2524,entropy,0.4963,0.008371,3
levenshtein,2525,entropy,0.50593,0.008966,3
levenshtein,2526,entropy,0.506736,0.028687,3
levenshtein,2527,entropy,0.499301,0.017001,3
levenshtein,2528,entropy,0.503848,0.021193,3
levenshtein,2529,entropy,0.497221,0.023555,3
levenshtein,2530,entropy,0.498078,0.040357,3
levenshtein,2531,entropy,0.505396,0.023276,3
levenshtein,2532,entropy,0.50944,0.00313,3
levenshtein,2533,entropy,0.52007,0.009557,3
levenshtein,2534,entropy,0.496443,0.033933,3
levenshtein,2535,entropy,0.519413,0.017848,3
levenshtein,2536,entropy,0.505877,0.017115,3
levenshtein,2537,entropy,0.512368,0.018414,3
levenshtein,2538,entropy,0.513008,0.022022,3
levenshtein,2539,entropy,0.503488,0.017373,3
levenshtein,2540,entropy,0.491232,0.008658,3
levenshtein,2541,entropy,0.502943,0.003145,3
levenshtein,2542,entropy,0.514295,0.009715,3
levenshtein,2543,entropy,0.495598,0.023208,3
levenshtein,2544,entropy,0.493804,0.028475,3
levenshtein,2545,entropy,0.491957,0.005759,3
levenshtein,2546,entropy,0.509759,0.009969,3
levenshtein,2547,entropy,0.512304,0.013137,3
levenshtein,2548,entropy,0.484928,0.014484,3
levenshtein,2549,entropy,0.495378,0.01507,3
levenshtein,2550,entropy,0.49657,0.030876,3
levenshtein,2551,entropy,0.485704,0.015963,3
levenshtein,2552,entropy,0.490797,0.009682,3
levenshtein,2553,entropy,0.519767,0.030098,3
levenshtein,2554,entropy,0.484932,0.015336,3
levenshtein,2555,entropy,0.501054,0.015271,3
levenshtein,2556,entropy,0.496468,0.027947,3
levenshtein,2557,entropy,0.508269,0.004079,3
levenshtein,2558,entropy,0.484527,0.0147,3
levenshtein,2559,entropy,0.528051,0.012734,3
levenshtein,2560,entropy,0.503525,0.027509,3
levenshtein,2561,entropy,0.516124,0.016553,3
levenshtein,2562,entropy,0.494942,0.023096,3
levenshtein,2563,entropy,0.515379,0.01244,3
levenshtein,2564,entropy,0.495971,0.022255,3
levenshtein,2565,entropy,0.514228,0.013252,3
levenshtein,2566,entropy,0.497898,0.003721,3
levenshtein,2567,entropy,0.503216,0.005476,3
levenshtein,2568,entropy,0.512817,0.030081,3
levenshtein,2569,entropy,0.505704,0.018458,3
levenshtein,2570,entropy,0.518106,0.010967,3
levenshtein,2571,entropy,0.52076,0.025696,3
levenshtein,2572,entropy,0.493388,0.01018,3
levenshtein,2573,entropy,0.52144,0.030522,3
levenshtein,2574,entropy,0.510972,0.022808,3
levenshtein,2575,entropy,0.493655,0.009144,3
levenshtein,2576,entropy,0.502013,0.017333,3
levenshtein,2577,entropy,0.495395,0.012509,3
levenshtein,2578,entropy,0.503603,0.027415,3
levenshtein,2579,entropy,0.508535,0.010288,3
levenshtein,2580,entropy,0.503363,0.015018,3
levenshtein,2581,entropy,0.504818,0.009847,3
levenshtein,2582,entropy,0.476279,0.024791,3
levenshtein,2583,entropy,0.496018,0.011388,3
levenshtein,2584,entropy,0.487463,0.029698,3
levenshtein,2585,entropy,0.489703,0.007306,3
levenshtein,2586,entropy,0.51451,0.012718,3
levenshtein,2587,entropy,0.505136,0.01263,3
levenshtein,2588,entropy,0.512073,0.014189,3
levenshtein,2589,entropy,0.492894,0.013609,3
levenshtein,2590,entropy,0.49673,0.01958,3
levenshtein,2591,entropy,0.502796,0.017931,3
levenshtein,2592,entropy,0.501496,0.016478,3
levenshtein,2593,entropy,0.494175,0.014598,3
levenshtein,2594,entropy,0.489331,0.011577,3
levenshtein,2595,entropy,0.506686,0.007923,3
levenshtein,2596,entropy,0.477,0.020084,3
levenshtein,2597,entropy,0.503337,0.009336,3
levenshtein,2598,entropy,0.495203,0.023706,3
levenshtein,2599,entropy,0.495772,0.007025,3
levenshtein,2600,entropy,0.51195,0.016798,3
levenshtein,2601,entropy,0.502723,0.024668,3
levenshtein,2602,entropy,0.493266,0.01698,3
levenshtein,2603,entropy,0.482902,0.02443,3
levenshtein,2604,entropy,0.50355,0.021443,3
levenshtein,2605,entropy,0.519997,0.021672,3
levenshtein,2606,entropy,0.501557,0.012373,3
levenshtein,2607,entropy,0.522823,0.012836,3
levenshtein,2608,entropy,0.525759,0.012095,3
levenshtein,2609,entropy,0.504774,0.017428,3
levenshtein,2610,entropy,0.493402,0.022866,3
levenshtein,2611,entropy,0.504035,0.014752,3
levenshtein,2612,entropy,0.505493,0.007703,3
levenshtein,2613,entropy,0.500056,0.019227,3
levenshtein,2614,entropy,0.497849,0.014958,3
levenshtein,2615,entropy,0.515138,0.014428,3
levenshtein,2616,entropy,0.476212,0.011293,3
levenshtein,2617,entropy,0.516013,0.026465,3
levenshtein,2618,entropy,0.512011,0.018643,3
levenshtein,2619,entropy,0.521371,0.012574,3
levenshtein,2620,entropy,0.498596,0.003872,3
levenshtein,2621,entropy,0.503614,0.014819,3
levenshtein,2622,entropy,0.490701,0.017565,3
levenshtein,2623,entropy,0.521837,0.014223,3
levenshtein,2624,entropy,0.530686,0.012042,3
levenshtein,2625,entropy,0.516511,0.027297,3
levenshtein,2626,entropy,0.511,0.01239,3
levenshtein,2627,entropy,0.474308,0.014183,3
levenshtein,2628,entropy,0.49412,0.003112,3
levenshtein,2629,entropy,0.495345,0.020322,3
levenshtein,2630,entropy,0.505805,0.013623,3
levenshtein,2631,entropy,0.497121,0.017285,3
levenshtein,2632,entropy,0.498639,0.012721,3
levenshtein,2633,entropy,0.506285,0.01357,3
levenshtein,2634,entropy,0.502689,0.018243,3
levenshtein,2635,entropy,0.490355,0.022761,3
levenshtein,2636,entropy,0.509507,0.030801,3
levenshtein,2637,entropy,0.498965,0.01732,3
levenshtein,2638,entropy,0.505513,0.009477,3
levenshtein,2639,entropy,0.498795,0.017199,3
levenshtein,2640,entropy,0.505036,0.003975,3
levenshtein,2641,entropy,0.533986,0.006097,3
levenshtein,2642,entropy,0.482258,0.012049,3
levenshtein,2643,entropy,0.508386,0.008405,3
levenshtein,2644,entropy,0.5049,0.020326,3
levenshtein,2645,entropy,0.506787,0.03467,3
levenshtein,2646,entropy,0.49789,0.01187,3
levenshtein,2647,entropy,0.489287,0.025225,3
levenshtein,2648,entropy,0.504064,0.0107,3
levenshtein,2649,entropy,0.502933,0.015261,3
levenshtein,2650,entropy,0.515817,0.021864,3
levenshtein,2651,entropy,0.515195,0.013789,3
levenshtein,2652,entropy,0.49973,0.019035,3
levenshtein,2653,entropy,0.492679,0.004159,3
levenshtein,2654,entropy,0.504634,0.006736,3
levenshtein,2655,entropy,0.513818,0.030673,3
levenshtein,2656,entropy,0.508564,0.019637,3
levenshtein,2657,entropy,0.50847,0.013365,3
levenshtein,2658,entropy,0.521688,0.002085,3
levenshtein,2659,entropy,0.517024,0.014044,3
levenshtein,2660,entropy,0.498418,0.014421,3
levenshtein,2661,entropy,0.504946,0.013597,3
levenshtein,2662,entropy,0.496573,0.010666,3
levenshtein,2663,entropy,0.492601,0.011945,3
levenshtein,2664,entropy,0.510868,0.03214,3
levenshtein,2665,entropy,0.499314,0.004905,3
levenshtein,2666,entropy,0.498531,0.012317,3
levenshtein,2667,entropy,0.512992,0.007407,3
levenshtein,2668,entropy,0.483126,0.01118,3
levenshtein,2669,entropy,0.501698,0.020475,3
levenshtein,2670,entropy,0.513843,0.014774,3
levenshtein,2671,entropy,0.493701,0.009938,3
levenshtein,2672,entropy,0.495667,0.015815,3
levenshtein,2673,entropy,0.508618,0.010626,3
levenshtein,2674,entropy,0.483452,0.004838,3
levenshtein,2675,entropy,0.494858,0.027403,3
levenshtein,2676,entropy,0.495745,0.036244,3
levenshtein,2677,entropy,0.508416,0.004507,3
levenshtein,2678,entropy,0.505583,0.009723,3
levenshtein,2679,entropy,0.492299,0.009419,3
levenshtein,2680,entropy,0.494891,0.021804,3
levenshtein,2681,entropy,0.491675,0.009287,3
levenshtein,2682,entropy,0.502047,0.012688,3
levenshtein,2683,entropy,0.502451,0.029558,3
levenshtein,2684,entropy,0.486506,0.006418,3
levenshtein,2685,entropy,0.512091,0.015707,3
levenshtein,2686,entropy,0.501115,0.003132,3
levenshtein,2687,entropy,0.489468,0.018495,3
levenshtein,2688,entropy,0.504871,0.006255,3
levenshtein,2689,entropy,0.491645,0.006751,3
levenshtein,2690,entropy,0.498376,0.012235,3
levenshtein,2691,entropy,0.512882,0.01269,3
levenshtein,2692,entropy,0.48412,0.012323,3
levenshtein,2693,entropy,0.500191,0.003682,3
levenshtein,2694,entropy,0.497676,0.017899,3
levenshtein,2695,entropy,0.507394,0.006069,3
levenshtein,2696,entropy,0.500122,0.002686,3
levenshtein,2697,entropy,0.528002,0.003025,3
levenshtein,2698,entropy,0.504615,0.025433,3
levenshtein,2699,entropy,0.506699,0.014097,3
levenshtein,2700,entropy,0.521746,0.005784,3
levenshtein,2701,entropy,0.504606,0.013134,3
levenshtein,2702,entropy,0.493389,0.015226,3
levenshtein,2703,entropy,0.500264,0.026888,3
levenshtein,2704,entropy,0.481181,0.005348,3
levenshtein,2705,entropy,0.483551,0.03908,3
levenshtein,2706,entropy,0.493938,0.019069,3
levenshtein,2707,entropy,0.505959,0.011115,3
levenshtein,2708,entropy,0.498542,0.016754,3
levenshtein,2709,entropy,0.496763,0.021465,3
levenshtein,2710,entropy,0.486319,0.012477,3
levenshtein,2711,entropy,0.473837,0.00239,3
levenshtein,2712,entropy,0.487637,0.024777,3
levenshtein,2713,entropy,0.500721,0.022983,3
levenshtein,2714,entropy,0.500813,0.014438,3
levenshtein,2715,entropy,0.488009,0.026263,3
levenshtein,2716,entropy,0.483127,0.007559,3
levenshtein,2717,entropy,0.503444,0.014564,3
levenshtein,2718,entropy,0.487427,0.006921,3
levenshtein,2719,entropy,0.496197,0.016193,3
levenshtein,2720,entropy,0.480256,0.013676,3
levenshtein,2721,entropy,0.475458,0.007421,3
levenshtein,2722,entropy,0.480717,0.011071,3
levenshtein,2723,entropy,0.508806,0.005974,3
levenshtein,2724,entropy,0.487137,0.023295,3
levenshtein,2725,entropy,0.483988,0.020014,3
levenshtein,2726,entropy,0.48344,0.018825,3
levenshtein,2727,entropy,0.505332,0.006206,3
levenshtein,2728,entropy,0.489743,0.018062,3
levenshtein,2729,entropy,0.512701,0.018811,3
levenshtein,2730,entropy,0.492024,0.005885,3
levenshtein,2731,entropy,0.487078,0.008685,3
levenshtein,2732,entropy,0.492958,0.003727,3
levenshtein,2733,entropy,0.521264,0.003594,3
levenshtein,2734,entropy,0.485053,0.007878,3
levenshtein,2735,entropy,0.490503,0.016187,3
levenshtein,2736,entropy,0.487156,0.013718,3
levenshtein,2737,entropy,0.497359,0.015406,3
levenshtein,2738,entropy,0.504871,0.012432,3
levenshtein,2739,entropy,0.49848,0.009789,3
levenshtein,2740,entropy,0.49037,0.020321,3
levenshtein,2741,entropy,0.504752,0.009197,3
levenshtein,2742,entropy,0.512951,0.015937,3
levenshtein,2743,entropy,0.495982,0.011203,3
levenshtein,2744,entropy,0.507173,0.021549,3
levenshtein,2745,entropy,0.482755,0.018894,3
levenshtein,2746,entropy,0.487756,0.019877,3
levenshtein,2747,entropy,0.491975,0.014332,3
levenshtein,2748,entropy,0.499681,0.023012,3
levenshtein,2749,entropy,0.488008,0.002859,3
levenshtein,2750,entropy,0.493719,0.024733,3
levenshtein,2751,entropy,0.474404,0.006588,3
levenshtein,2752,entropy,0.509454,0.007086,3
levenshtein,2753,entropy,0.484842,0.020532,3
levenshtein,2754,entropy,0.501238,0.00721,3
levenshtein,2755,entropy,0.482548,0.00629,3
levenshtein,2756,entropy,0.484819,0.011456,3
levenshtein,2757,entropy,0.484368,0.009058,3
levenshtein,2758,entropy,0.503527,0.010134,3
levenshtein,2759,entropy,0.493246,0.022773,3
levenshtein,2760,entropy,0.481715,0.006768,3
levenshtein,2761,entropy,0.490648,0.007644,3
levenshtein,2762,entropy,0.489444,0.009815,3
levenshtein,2763,entropy,0.504147,0.008892,3
levenshtein,2764,entropy,0.50423,0.03618,3
levenshtein,2765,entropy,0.4967,0.013467,3
levenshtein,2766,entropy,0.487816,0.00865,3
levenshtein,2767,entropy,0.496465,0.002446,3
levenshtein,2768,entropy,0.5042,0.014429,3
levenshtein,2769,entropy,0.480783,0.006339,3
levenshtein,2770,entropy,0.498218,0.013343,3
levenshtein,2771,entropy,0.496945,0.004803,3
levenshtein,2772,entropy,0.502312,0.005828,3
levenshtein,2773,entropy,0.495443,0.017804,3
levenshtein,2774,entropy,0.49343,0.018324,3
levenshtein,2775,entropy,0.514285,0.031633,3
levenshtein,2776,entropy,0.494102,0.019824,3
levenshtein,2777,entropy,0.489156,0.013507,3
levenshtein,2778,entropy,0.51103,0.018429,3
levenshtein,2779,entropy,0.503598,0.017767,3
levenshtein,2780,entropy,0.49618,0.012075,3
levenshtein,2781,entropy,0.495484,0.016934,3
levenshtein,2782,entropy,0.504032,0.007373,3
levenshtein,2783,entropy,0.508997,0.010007,3
levenshtein,2784,entropy,0.489771,0.023989,3
levenshtein,2785,entropy,0.498723,0.012155,3
levenshtein,2786,entropy,0.501599,0.003776,3
levenshtein,2787,entropy,0.503905,0.015417,3
levenshtein,2788,entropy,0.509703,0.017444,3
levenshtein,2789,entropy,0.504108,0.006293,3
levenshtein,2790,entropy,0.483434,0.021309,3
levenshtein,2791,entropy,0.495237,0.022765,3
levenshtein,2792,entropy,0.486866,0.014729,3
levenshtein,2793,entropy,0.478952,0.017562,3
levenshtein,2794,entropy,0.511329,0.006334,3
levenshtein,2795,entropy,0.47992,0.02452,3
levenshtein,2796,entropy,0.467259,0.006421,3
levenshtein,2797,entropy,0.483531,0.032158,3
levenshtein,2798,entropy,0.499918,0.012455,3
levenshtein,2799,entropy,0.51369,0.033755,3
levenshtein,2800,entropy,0.489113,0.012155,3
levenshtein,2801,entropy,0.488573,0.014859,3
levenshtein,2802,entropy,0.492077,0.020395,3
levenshtein,2803,entropy,0.505595,0.007723,3
levenshtein,2804,entropy,0.490542,0.027322,3
levenshtein,2805,entropy,0.504918,0.006917,3
levenshtein,2806,entropy,0.491322,0.019095,3
levenshtein,2807,entropy,0.509002,0.025918,3
levenshtein,2808,entropy,0.509229,0.010976,3
levenshtein,2809,entropy,0.484939,0.009611,3
levenshtein,2810,entropy,0.495644,0.03663,3
levenshtein,2811,entropy,0.497334,0.008056,3
levenshtein,2812,entropy,0.489915,0.015255,3
levenshtein,2813,entropy,0.514754,0.022839,3
levenshtein,2814,entropy,0.501818,0.012853,3
levenshtein,2815,entropy,0.498308,0.013443,3
levenshtein,2816,entropy,0.495666,0.009844,3
levenshtein,2817,entropy,0.496312,0.00404,3
levenshtein,2818,entropy,0.508772,0.002775,3
levenshtein,2819,entropy,0.506308,0.024038,3
levenshtein,2820,entropy,0.504651,0.016861,3
levenshtein,2821,entropy,0.491007,0.022518,3
levenshtein,2822,entropy,0.514195,0.017447,3
levenshtein,2823,entropy,0.485196,0.009444,3
levenshtein,2824,entropy,0.470315,0.016665,3
levenshtein,2825,entropy,0.513677,0.021605,3
levenshtein,2826,entropy,0.492839,0.004171,3
levenshtein,2827,entropy,0.49312,0.015155,3
levenshtein,2828,entropy,0.510733,0.024216,3
levenshtein,2829,entropy,0.489852,0.015566,3
levenshtein,2830,entropy,0.517954,0.027586,3
levenshtein,2831,entropy,0.481353,0.008721,3
levenshtein,2832,entropy,0.514167,0.018375,3
levenshtein,2833,entropy,0.513209,0.025678,3
levenshtein,2834,entropy,0.51279,0.015802,3
levenshtein,2835,entropy,0.504225,0.019486,3
levenshtein,2836,entropy,0.498695,0.009347,3
levenshtein,2837,entropy,0.482193,0.009416,3
levenshtein,2838,entropy,0.500489,0.021607,3
levenshtein,2839,entropy,0.502197,0.016679,3
levenshtein,2840,entropy,0.483703,0.013729,3
levenshtein,2841,entropy,0.498003,0.016792,3
levenshtein,2842,entropy,0.501642,0.004756,3
levenshtein,2843,entropy,0.49822,0.009605,3
levenshtein,2844,entropy,0.501247,0.00302,3
levenshtein,2845,entropy,0.500379,0.015002,3
levenshtein,2846,entropy,0.500768,0.020218,3
levenshtein,2847,entropy,0.514176,0.019203,3
levenshtein,2848,entropy,0.485022,0.015827,3
levenshtein,2849,entropy,0.511048,0.023055,3
levenshtein,2850,entropy,0.503741,0.010287,3
levenshtein,2851,entropy,0.487131,0.002845,3
levenshtein,2852,entropy,0.497755,0.002049,3
levenshtein,2853,entropy,0.503991,0.011225,3
levenshtein,2854,entropy,0.50244,0.027569,3
levenshtein,2855,entropy,0.513811,0.011457,3
levenshtein,2856,entropy,0.507497,0.013686,3
levenshtein,2857,entropy,0.483856,0.005274,3
levenshtein,2858,entropy,0.518604,0.013085,3
levenshtein,2859,entropy,0.511742,0.016959,3
levenshtein,2860,entropy,0.50688,0.023855,3
levenshtein,2861,entropy,0.489974,0.015,3
levenshtein,2862,entropy,0.488065,0.013527,3
levenshtein,2863,entropy,0.506686,0.007206,3
levenshtein,2864,entropy,0.486179,0.010779,3
levenshtein,2865,entropy,0.506064,0.004981,3
levenshtein,2866,entropy,0.490694,0.012438,3
levenshtein,2867,entropy,0.497907,0.009511,3
levenshtein,2868,entropy,0.515924,0.016918,3
levenshtein,2869,entropy,0.48484,0.021893,3
levenshtein,2870,entropy,0.51333,0.020335,3
levenshtein,2871,entropy,0.517438,0.033588,3
levenshtein,2872,entropy,0.505463,0.014272,3
levenshtein,2873,entropy,0.528607,0.016692,3
levenshtein,2874,entropy,0.508551,0.030534,3
levenshtein,2875,entropy,0.511682,0.011532,3
levenshtein,2876,entropy,0.507562,0.008851,3
levenshtein,2877,entropy,0.509395,0.015044,3
levenshtein,2878,entropy,0.5062,0.013416,3
levenshtein,2879,entropy,0.501667,0.009026,3
levenshtein,2880,entropy,0.504849,0.011095,3
levenshtein,2881,entropy,0.509606,0.018655,3
levenshtein,2882,entropy,0.507604,0.026978,3
levenshtein,2883,entropy,0.490583,0.023915,3
levenshtein,2884,entropy,0.506044,0.008064,3
levenshtein,2885,entropy,0.509419,0.007589,3
levenshtein,2886,entropy,0.508049,0.009745,3
levenshtein,2887,entropy,0.497019,0.005052,3
levenshtein,2888,entropy,0.484938,0.009626,3
levenshtein,2889,entropy,0.503647,0.0084,3
levenshtein,2890,entropy,0.494046,0.01357,3
levenshtein,2891,entropy,0.495749,0.014024,3
levenshtein,2892,entropy,0.484766,0.012202,3
levenshtein,2893,entropy,0.493559,0.005796,3
levenshtein,2894,entropy,0.494075,0.019026,3
levenshtein,2895,entropy,0.482915,0.028664,3
levenshtein,2896,entropy,0.493204,0.017525,3
levenshtein,2897,entropy,0.509487,0.007231,3
levenshtein,2898,entropy,0.498375,0.015938,3
levenshtein,2899,entropy,0.504592,0.005902,3
levenshtein,2900,entropy,0.488804,0.018827,3
levenshtein,2901,entropy,0.490784,0.01208,3
levenshtein,2902,entropy,0.491035,0.009824,3
levenshtein,2903,entropy,0.512684,0.005756,3
levenshtein,2904,entropy,0.515146,0.013606,3
levenshtein,2905,entropy,0.504659,0.012287,3
levenshtein,2906,entropy,0.478289,0.009362,3
levenshtein,2907,entropy,0.51168,0.013655,3
levenshtein,2908,entropy,0.488409,0.023516,3
levenshtein,2909,entropy,0.508484,0.009449,3
levenshtein,2910,entropy,0.484111,0.010794,3
levenshtein,2911,entropy,0.493276,0.001424,3
levenshtein,2912,entropy,0.495169,0.018153,3
levenshtein,2913,entropy,0.481513,0.01529,3
levenshtein,2914,entropy,0.509875,0.005111,3
levenshtein,2915,entropy,0.504267,0.025314,3
levenshtein,2916,entropy,0.506787,0.022817,3
levenshtein,2917,entropy,0.485653,0.014101,3
levenshtein,2918,entropy,0.501734,0.020966,3
levenshtein,2919,entropy,0.471099,0.002,3
levenshtein,2920,entropy,0.474159,0.006596,3
levenshtein,2921,entropy,0.498858,0.019166,3
levenshtein,2922,entropy,0.48828,0.023203,3
levenshtein,2923,entropy,0.485318,0.013947,3
levenshtein,2924,entropy,0.487243,0.023667,3
levenshtein,2925,entropy,0.500389,0.009432,3
levenshtein,2926,entropy,0.500839,0.014786,3
levenshtein,2927,entropy,0.486113,0.013036,3
levenshtein,2928,entropy,0.48415,0.003329,3
levenshtein,2929,entropy,0.492495,0.019625,3
levenshtein,2930,entropy,0.484822,0.002936,3
levenshtein,2931,entropy,0.501447,0.013636,3
levenshtein,2932,entropy,0.483001,0.026753,3
levenshtein,2933,entropy,0.487772,0.012985,3
levenshtein,2934,entropy,0.471637,0.026312,3
levenshtein,2935,entropy,0.489087,0.023793,3
levenshtein,2936,entropy,0.479662,0.014556,3
levenshtein,2937,entropy,0.488462,0.020201,3
levenshtein,2938,entropy,0.496478,0.006292,3
levenshtein,2939,entropy,0.506851,0.013349,3
levenshtein,2940,entropy,0.507086,0.022713,3
levenshtein,2941,entropy,0.495472,0.002818,3
levenshtein,2942,entropy,0.490312,0.019977,3
levenshtein,2943,entropy,0.475855,0.011521,3
levenshtein,2944,entropy,0.482249,0.013401,3
levenshtein,2945,entropy,0.47601,0.013032,3
levenshtein,2946,entropy,0.494192,0.007494,3
levenshtein,2947,entropy,0.510662,0.019524,3
levenshtein,2948,entropy,0.488818,0.014484,3
levenshtein,2949,entropy,0.494245,0.021732,3
levenshtein,2950,entropy,0.492789,0.01083,3
levenshtein,2951,entropy,0.507482,0.006823,3
levenshtein,2952,entropy,0.498586,0.020514,3
levenshtein,2953,entropy,0.515727,0.02189,3
levenshtein,2954,entropy,0.506888,0.012701,3
levenshtein,2955,entropy,0.50469,0.007799,3
levenshtein,2956,entropy,0.509607,0.025251,3
levenshtein,2957,entropy,0.491831,0.02891,3
levenshtein,2958,entropy,0.527734,0.023351,3
levenshtein,2959,entropy,0.478535,0.008037,3
levenshtein,2960,entropy,0.496371,0.015102,3
levenshtein,2961,entropy,0.481247,0.009075,3
levenshtein,2962,entropy,0.496074,0.015357,3
levenshtein,2963,entropy,0.487508,0.009409,3
levenshtein,2964,entropy,0.503751,0.020197,3
levenshtein,2965,entropy,0.4936,0.006187,3
levenshtein,2966,entropy,0.497159,0.01256,3
levenshtein,2967,entropy,0.500743,0.037281,3
levenshtein,2968,entropy,0.496008,0.008751,3
levenshtein,2969,entropy,0.487818,0.012936,3
levenshtein,2970,entropy,0.509473,0.010376,3
levenshtein,2971,entropy,0.497391,0.018199,3
levenshtein,2972,entropy,0.485011,0.012665,3
levenshtein,2973,entropy,0.479794,0.018845,3
levenshtein,2974,entropy,0.486354,0.006424,3
levenshtein,2975,entropy,0.501982,0.019339,3
levenshtein,2976,entropy,0.489079,0.036068,3
levenshtein,2977,entropy,0.500621,0.013566,3
levenshtein,2978,entropy,0.490144,0.001633,3
levenshtein,2979,entropy,0.502664,0.021122,3
levenshtein,2980,entropy,0.470084,0.010496,3
levenshtein,2981,entropy,0.512902,0.005697,3
levenshtein,2982,entropy,0.486531,0.011806,3
levenshtein,2983,entropy,0.483244,0.005181,3
levenshtein,2984,entropy,0.492037,0.011527,3
levenshtein,2985,entropy,0.484998,0.025408,3
levenshtein,2986,entropy,0.464116,0.006743,3
levenshtein,2987,entropy,0.507159,0.018832,3
levenshtein,2988,entropy,0.491025,0.005621,3
levenshtein,2989,entropy,0.486323,0.013682,3
levenshtein,2990,entropy,0.474804,0.017151,3
levenshtein,2991,entropy,0.504364,0.00636,3
levenshtein,2992,entropy,0.471662,0.005314,3
levenshtein,2993,entropy,0.489282,0.005455,3
levenshtein,2994,entropy,0.474099,0.016787,3
levenshtein,2995,entropy,0.483849,0.008077,3
levenshtein,2996,entropy,0.480883,0.001166,3
levenshtein,2997,entropy,0.478896,0.005199,3
levenshtein,2998,entropy,0.480185,0.014524,3
levenshtein,2999,entropy,0.497529,0.019285,3
