metric,iteration,pole,mean,std,n
bleu,0,eval_exact_match,0.788667,0.016357,3
bleu,20,eval_exact_match,0.827333,0.005735,3
bleu,40,eval_exact_match,0.864667,0.008994,3
bleu,60,eval_exact_match,0.884,0.007118,3
bleu,80,eval_exact_match,0.898667,0.008219,3
bleu,100,eval_exact_match,0.891333,0.001886,3
bleu,120,eval_exact_match,0.895333,0.022291,3
bleu,140,eval_exact_match,0.903333,0.002494,3
bleu,160,eval_exact_match,0.907333,0.004989,3
bleu,180,eval_exact_match,0.907333,0.013199,3
bleu,200,eval_exact_match,0.906,0.00432,3
bleu,220,eval_exact_match,0.916667,0.009843,3
bleu,240,eval_exact_match,0.922667,0.003771,3
bleu,260,eval_exact_match,0.928667,0.009428,3
bleu,280,eval_exact_match,0.928667,0.004989,3
bleu,300,eval_exact_match,0.925333,0.005735,3
bleu,320,eval_exact_match,0.931333,0.002494,3
bleu,340,eval_exact_match,0.926,0.014142,3
bleu,360,eval_exact_match,0.933333,0.003399,3
bleu,380,eval_exact_match,0.930667,0.008219,3
bleu,400,eval_exact_match,0.925333,0.003399,3
bleu,420,eval_exact_match,0.926667,0.008055,3
bleu,440,eval_exact_match,0.924667,0.005249,3
bleu,460,eval_exact_match,0.931333,0.010625,3
bleu,480,eval_exact_match,0.936,0.002828,3
bleu,500,eval_exact_match,0.938,0.00432,3
bleu,520,eval_exact_match,0.940667,0.003399,3
bleu,540,eval_exact_match,0.942667,0.008219,3
bleu,560,eval_exact_match,0.954,0.005888,3
bleu,580,eval_exact_match,0.948,0.00432,3
bleu,600,eval_exact_match,0.945333,0.001886,3
bleu,620,eval_exact_match,0.942667,0.0066,3
bleu,640,eval_exact_match,0.949333,0.005735,3
bleu,660,eval_exact_match,0.947333,0.00411,3
bleu,680,eval_exact_match,0.952667,0.001886,3
bleu,700,eval_exact_match,0.95,0.009092,3
bleu,720,eval_exact_match,0.944,0.004899,3
bleu,740,eval_exact_match,0.954,0.006532,3
bleu,760,eval_exact_match,0.953333,0.005249,3
bleu,780,eval_exact_match,0.951333,0.000943,3
bleu,800,eval_exact_match,0.954,0.002828,3
bleu,820,eval_exact_match,0.959333,0.002494,3
bleu,840,eval_exact_match,0.954,0.006532,3
bleu,860,eval_exact_match,0.946667,0.000943,3
bleu,880,eval_exact_match,0.952,0.011431,3
bleu,900,eval_exact_match,0.955333,0.009978,3
bleu,920,eval_exact_match,0.952,0.0,3
bleu,940,eval_exact_match,0.962,0.007118,3
bleu,960,eval_exact_match,0.962,0.007483,3
bleu,980,eval_exact_match,0.963333,0.005249,3
bleu,0,eval_content_f1,0.947533,0.003934,3
bleu,20,eval_content_f1,0.950656,0.002804,3
bleu,40,eval_content_f1,0.965933,0.002811,3
bleu,60,eval_content_f1,0.970206,0.002935,3
bleu,80,eval_content_f1,0.973073,0.002185,3
bleu,100,eval_content_f1,0.971698,0.001487,3
bleu,120,eval_content_f1,0.9752,0.00433,3
bleu,140,eval_content_f1,0.9752,0.001424,3
bleu,160,eval_content_f1,0.9762,0.001575,3
bleu,180,eval_content_f1,0.9762,0.00172,3
bleu,200,eval_content_f1,0.976467,0.002941,3
bleu,220,eval_content_f1,0.9776,0.004121,3
bleu,240,eval_content_f1,0.978333,0.004497,3
bleu,260,eval_content_f1,0.981667,0.002695,3
bleu,280,eval_content_f1,0.9822,0.000849,3
bleu,300,eval_content_f1,0.9812,0.000993,3
bleu,320,eval_content_f1,0.983333,0.000249,3
bleu,340,eval_content_f1,0.980733,0.003348,3
bleu,360,eval_content_f1,0.982267,0.001644,3
bleu,380,eval_content_f1,0.982,0.001131,3
bleu,400,eval_content_f1,0.981533,0.0021,3
bleu,420,eval_content_f1,0.982578,0.000953,3
bleu,440,eval_content_f1,0.982533,0.001473,3
bleu,460,eval_content_f1,0.981533,0.001247,3
bleu,480,eval_content_f1,0.982067,0.002081,3
bleu,500,eval_content_f1,0.9844,0.001558,3
bleu,520,eval_content_f1,0.984422,0.001399,3
bleu,540,eval_content_f1,0.985333,0.002424,3
bleu,560,eval_content_f1,0.988867,0.001715,3
bleu,580,eval_content_f1,0.988067,0.001204,3
bleu,600,eval_content_f1,0.986667,0.00066,3
bleu,620,eval_content_f1,0.985234,0.002008,3
bleu,640,eval_content_f1,0.9868,0.002269,3
bleu,660,eval_content_f1,0.985933,0.000411,3
bleu,680,eval_content_f1,0.9878,0.001337,3
bleu,700,eval_content_f1,0.9866,0.00147,3
bleu,720,eval_content_f1,0.986537,0.001384,3
bleu,740,eval_content_f1,0.988533,0.0017,3
bleu,760,eval_content_f1,0.987533,0.000411,3
bleu,780,eval_content_f1,0.988311,0.001432,3
bleu,800,eval_content_f1,0.987978,0.001482,3
bleu,820,eval_content_f1,0.989968,0.000909,3
bleu,840,eval_content_f1,0.987867,0.002125,3
bleu,860,eval_content_f1,0.986711,0.001295,3
bleu,880,eval_content_f1,0.9878,0.002698,3
bleu,900,eval_content_f1,0.988307,0.002616,3
bleu,920,eval_content_f1,0.98699,0.001129,3
bleu,940,eval_content_f1,0.991022,0.002146,3
bleu,960,eval_content_f1,0.989723,0.002615,3
bleu,980,eval_content_f1,0.990067,0.001893,3
bleu,0,reward_mean,0.66676,0.018284,3
bleu,1,reward_mean,0.668153,0.031788,3
bleu,2,reward_mean,0.643988,0.012679,3
bleu,3,reward_mean,0.640591,0.027611,3
bleu,4,reward_mean,0.653607,0.011206,3
bleu,5,reward_mean,0.642947,0.022618,3
bleu,6,reward_mean,0.63844,0.009205,3
bleu,7,reward_mean,0.641437,0.007376,3
bleu,8,reward_mean,0.621003,0.019079,3
bleu,9,reward_mean,0.632755,0.006534,3
bleu,10,reward_mean,0.619172,0.019075,3
bleu,11,reward_mean,0.647923,0.0123,3
bleu,12,reward_mean,0.6358,0.007108,3
bleu,13,reward_mean,0.645739,0.014943,3
bleu,14,reward_mean,0.648319,0.024947,3
bleu,15,reward_mean,0.635574,0.012439,3
bleu,16,reward_mean,0.64925,0.007049,3
bleu,17,reward_mean,0.648914,0.016911,3
bleu,18,reward_mean,0.648243,0.019259,3
bleu,19,reward_mean,0.63825,0.01752,3
bleu,20,reward_mean,0.681953,0.019971,3
bleu,21,reward_mean,0.663325,0.016181,3
bleu,22,reward_mean,0.667597,0.010829,3
bleu,23,reward_mean,0.673539,0.0061,3
bleu,24,reward_mean,0.6373,0.022795,3
bleu,25,reward_mean,0.676868,0.010799,3
bleu,26,reward_mean,0.662195,0.013532,3
bleu,27,reward_mean,0.663345,0.003036,3
bleu,28,reward_mean,0.66952,0.020251,3
bleu,29,reward_mean,0.669116,0.020381,3
bleu,30,reward_mean,0.650584,0.022152,3
bleu,31,reward_mean,0.649961,0.016553,3
bleu,32,reward_mean,0.684755,0.015927,3
bleu,33,reward_mean,0.669386,0.01504,3
bleu,34,reward_mean,0.697496,0.004187,3
bleu,35,reward_mean,0.679124,0.01648,3
bleu,36,reward_mean,0.691583,0.01115,3
bleu,37,reward_mean,0.667769,0.001695,3
bleu,38,reward_mean,0.688934,0.017474,3
bleu,39,reward_mean,0.666044,0.012154,3
bleu,40,reward_mean,0.693429,0.017777,3
bleu,41,reward_mean,0.694962,0.012165,3
bleu,42,reward_mean,0.68209,0.015422,3
bleu,43,reward_mean,0.682583,0.012929,3
bleu,44,reward_mean,0.682626,0.021743,3
bleu,45,reward_mean,0.6856,0.014239,3
bleu,46,reward_mean,0.704456,0.003582,3
bleu,47,reward_mean,0.671676,0.019233,3
bleu,48,reward_mean,0.689128,0.02703,3
bleu,49,reward_mean,0.702626,0.01268,3
bleu,50,reward_mean,0.700938,0.009785,3
bleu,51,reward_mean,0.64912,0.014436,3
bleu,52,reward_mean,0.687347,0.015218,3
bleu,53,reward_mean,0.672501,0.019757,3
bleu,54,reward_mean,0.681796,0.018227,3
bleu,55,reward_mean,0.697945,0.01816,3
bleu,56,reward_mean,0.683496,0.017672,3
bleu,57,reward_mean,0.681403,0.005591,3
bleu,58,reward_mean,0.695724,0.017194,3
bleu,59,reward_mean,0.691093,0.008635,3
bleu,60,reward_mean,0.673668,0.001386,3
bleu,61,reward_mean,0.7001,0.002667,3
bleu,62,reward_mean,0.694758,0.028649,3
bleu,63,reward_mean,0.681432,0.020049,3
bleu,64,reward_mean,0.697344,0.011171,3
bleu,65,reward_mean,0.686439,0.013573,3
bleu,66,reward_mean,0.68405,0.006327,3
bleu,67,reward_mean,0.701627,0.015728,3
bleu,68,reward_mean,0.693816,0.011209,3
bleu,69,reward_mean,0.687954,0.01398,3
bleu,70,reward_mean,0.688455,0.009033,3
bleu,71,reward_mean,0.685622,0.00779,3
bleu,72,reward_mean,0.70108,0.016843,3
bleu,73,reward_mean,0.678957,0.029119,3
bleu,74,reward_mean,0.68051,0.019217,3
bleu,75,reward_mean,0.695425,0.018307,3
bleu,76,reward_mean,0.695076,0.010269,3
bleu,77,reward_mean,0.700678,0.022049,3
bleu,78,reward_mean,0.713671,0.018441,3
bleu,79,reward_mean,0.70591,0.037459,3
bleu,80,reward_mean,0.693635,0.010138,3
bleu,81,reward_mean,0.684817,0.029525,3
bleu,82,reward_mean,0.704931,0.013909,3
bleu,83,reward_mean,0.716844,0.008776,3
bleu,84,reward_mean,0.71805,0.011614,3
bleu,85,reward_mean,0.707181,0.007197,3
bleu,86,reward_mean,0.693065,0.017465,3
bleu,87,reward_mean,0.700468,0.007493,3
bleu,88,reward_mean,0.708546,0.013781,3
bleu,89,reward_mean,0.712011,0.015398,3
bleu,90,reward_mean,0.702158,0.004392,3
bleu,91,reward_mean,0.679888,0.012748,3
bleu,92,reward_mean,0.693805,0.005577,3
bleu,93,reward_mean,0.712114,0.022457,3
bleu,94,reward_mean,0.698422,0.020992,3
bleu,95,reward_mean,0.720557,0.003174,3
bleu,96,reward_mean,0.718711,0.013587,3
bleu,97,reward_mean,0.677046,0.018022,3
bleu,98,reward_mean,0.708407,0.014865,3
bleu,99,reward_mean,0.707484,0.025673,3
bleu,100,reward_mean,0.6955,0.026943,3
bleu,101,reward_mean,0.709117,0.015607,3
bleu,102,reward_mean,0.706322,0.007935,3
bleu,103,reward_mean,0.711319,0.009501,3
bleu,104,reward_mean,0.669713,0.014706,3
bleu,105,reward_mean,0.702209,0.011234,3
bleu,106,reward_mean,0.724682,0.00784,3
bleu,107,reward_mean,0.693388,0.015909,3
bleu,108,reward_mean,0.722949,0.017826,3
bleu,109,reward_mean,0.708501,0.01357,3
bleu,110,reward_mean,0.703212,0.006792,3
bleu,111,reward_mean,0.723904,0.019339,3
bleu,112,reward_mean,0.708302,0.010534,3
bleu,113,reward_mean,0.709437,0.009559,3
bleu,114,reward_mean,0.6777,0.009091,3
bleu,115,reward_mean,0.713498,0.007429,3
bleu,116,reward_mean,0.700192,0.022336,3
bleu,117,reward_mean,0.714931,0.011958,3
bleu,118,reward_mean,0.717895,0.012066,3
bleu,119,reward_mean,0.70939,0.02325,3
bleu,120,reward_mean,0.706038,0.00256,3
bleu,121,reward_mean,0.69467,0.020149,3
bleu,122,reward_mean,0.710875,0.021826,3
bleu,123,reward_mean,0.725759,0.01832,3
bleu,124,reward_mean,0.702225,0.006233,3
bleu,125,reward_mean,0.716508,0.007467,3
bleu,126,reward_mean,0.715263,0.021956,3
bleu,127,reward_mean,0.721529,0.035136,3
bleu,128,reward_mean,0.731605,0.009616,3
bleu,129,reward_mean,0.733702,0.013107,3
bleu,130,reward_mean,0.726869,0.018455,3
bleu,131,reward_mean,0.720146,0.014433,3
bleu,132,reward_mean,0.712473,0.005622,3
bleu,133,reward_mean,0.711168,0.015926,3
bleu,134,reward_mean,0.715627,0.010983,3
bleu,135,reward_mean,0.715563,0.002861,3
bleu,136,reward_mean,0.724434,0.006624,3
bleu,137,reward_mean,0.722211,0.019551,3
bleu,138,reward_mean,0.720881,0.016702,3
bleu,139,reward_mean,0.705248,0.009173,3
bleu,140,reward_mean,0.711998,0.019228,3
bleu,141,reward_mean,0.727675,0.008527,3
bleu,142,reward_mean,0.728762,0.013893,3
bleu,143,reward_mean,0.712163,0.023931,3
bleu,144,reward_mean,0.725852,0.029795,3
bleu,145,reward_mean,0.71434,0.016135,3
bleu,146,reward_mean,0.713371,0.029689,3
bleu,147,reward_mean,0.723778,0.014244,3
bleu,148,reward_mean,0.739674,0.022863,3
bleu,149,reward_mean,0.731041,0.017404,3
bleu,150,reward_mean,0.713843,0.013347,3
bleu,151,reward_mean,0.692713,0.020313,3
bleu,152,reward_mean,0.720704,0.008568,3
bleu,153,reward_mean,0.735204,0.011274,3
bleu,154,reward_mean,0.734531,0.016225,3
bleu,155,reward_mean,0.759035,0.008738,3
bleu,156,reward_mean,0.732255,0.022169,3
bleu,157,reward_mean,0.738862,0.020623,3
bleu,158,reward_mean,0.718653,0.012671,3
bleu,159,reward_mean,0.728168,0.013263,3
bleu,160,reward_mean,0.706731,0.013959,3
bleu,161,reward_mean,0.723959,0.011573,3
bleu,162,reward_mean,0.741681,0.021332,3
bleu,163,reward_mean,0.719828,0.015385,3
bleu,164,reward_mean,0.741946,0.004544,3
bleu,165,reward_mean,0.739324,0.022988,3
bleu,166,reward_mean,0.74479,0.025833,3
bleu,167,reward_mean,0.724869,0.016497,3
bleu,168,reward_mean,0.730349,0.008927,3
bleu,169,reward_mean,0.734952,0.003903,3
bleu,170,reward_mean,0.72006,0.016701,3
bleu,171,reward_mean,0.722814,0.00688,3
bleu,172,reward_mean,0.737143,0.012074,3
bleu,173,reward_mean,0.721178,0.004711,3
bleu,174,reward_mean,0.701353,0.008129,3
bleu,175,reward_mean,0.732214,0.012176,3
bleu,176,reward_mean,0.729524,0.019145,3
bleu,177,reward_mean,0.736976,0.015485,3
bleu,178,reward_mean,0.73077,0.019018,3
bleu,179,reward_mean,0.721731,0.002384,3
bleu,180,reward_mean,0.710972,0.017605,3
bleu,181,reward_mean,0.739377,0.008105,3
bleu,182,reward_mean,0.725549,0.007107,3
bleu,183,reward_mean,0.714157,0.018781,3
bleu,184,reward_mean,0.710337,0.014671,3
bleu,185,reward_mean,0.702365,0.022986,3
bleu,186,reward_mean,0.724251,0.022882,3
bleu,187,reward_mean,0.726388,0.003684,3
bleu,188,reward_mean,0.727643,0.023359,3
bleu,189,reward_mean,0.726603,0.011475,3
bleu,190,reward_mean,0.728363,0.013715,3
bleu,191,reward_mean,0.7229,0.012959,3
bleu,192,reward_mean,0.724866,0.019393,3
bleu,193,reward_mean,0.740633,0.001035,3
bleu,194,reward_mean,0.724407,0.028127,3
bleu,195,reward_mean,0.729366,0.009374,3
bleu,196,reward_mean,0.72373,0.01571,3
bleu,197,reward_mean,0.725744,0.006723,3
bleu,198,reward_mean,0.72244,0.010708,3
bleu,199,reward_mean,0.731964,0.006894,3
bleu,200,reward_mean,0.721883,0.009144,3
bleu,201,reward_mean,0.735841,0.01366,3
bleu,202,reward_mean,0.739327,0.014288,3
bleu,203,reward_mean,0.731257,0.02884,3
bleu,204,reward_mean,0.757284,0.021329,3
bleu,205,reward_mean,0.735004,0.011007,3
bleu,206,reward_mean,0.704068,0.015653,3
bleu,207,reward_mean,0.731411,0.021129,3
bleu,208,reward_mean,0.751774,0.020299,3
bleu,209,reward_mean,0.750495,0.004304,3
bleu,210,reward_mean,0.737795,0.023591,3
bleu,211,reward_mean,0.733781,0.00133,3
bleu,212,reward_mean,0.741728,0.012747,3
bleu,213,reward_mean,0.740116,0.023158,3
bleu,214,reward_mean,0.747292,0.015187,3
bleu,215,reward_mean,0.726438,0.009562,3
bleu,216,reward_mean,0.729966,0.021065,3
bleu,217,reward_mean,0.731902,0.009588,3
bleu,218,reward_mean,0.731631,0.019954,3
bleu,219,reward_mean,0.743434,0.006317,3
bleu,220,reward_mean,0.730482,0.01791,3
bleu,221,reward_mean,0.712154,0.005105,3
bleu,222,reward_mean,0.734541,0.021478,3
bleu,223,reward_mean,0.754495,0.015343,3
bleu,224,reward_mean,0.736869,0.013561,3
bleu,225,reward_mean,0.730472,0.006791,3
bleu,226,reward_mean,0.734077,0.011681,3
bleu,227,reward_mean,0.769177,0.02149,3
bleu,228,reward_mean,0.7395,0.015932,3
bleu,229,reward_mean,0.736832,0.008119,3
bleu,230,reward_mean,0.745211,0.006499,3
bleu,231,reward_mean,0.759586,0.011019,3
bleu,232,reward_mean,0.740684,0.021028,3
bleu,233,reward_mean,0.732972,0.014158,3
bleu,234,reward_mean,0.74461,0.018418,3
bleu,235,reward_mean,0.738557,0.00535,3
bleu,236,reward_mean,0.73531,0.01875,3
bleu,237,reward_mean,0.741874,0.024385,3
bleu,238,reward_mean,0.743049,0.008202,3
bleu,239,reward_mean,0.73742,0.019245,3
bleu,240,reward_mean,0.741558,0.034187,3
bleu,241,reward_mean,0.74245,0.020343,3
bleu,242,reward_mean,0.741584,0.00703,3
bleu,243,reward_mean,0.732581,0.011259,3
bleu,244,reward_mean,0.732897,0.002042,3
bleu,245,reward_mean,0.738313,0.013327,3
bleu,246,reward_mean,0.737283,0.01057,3
bleu,247,reward_mean,0.729919,0.03363,3
bleu,248,reward_mean,0.765336,0.01824,3
bleu,249,reward_mean,0.746539,0.012828,3
bleu,250,reward_mean,0.744691,0.011758,3
bleu,251,reward_mean,0.750678,0.02428,3
bleu,252,reward_mean,0.746199,0.022315,3
bleu,253,reward_mean,0.729273,0.008033,3
bleu,254,reward_mean,0.728231,0.004917,3
bleu,255,reward_mean,0.743223,0.027275,3
bleu,256,reward_mean,0.756433,0.012268,3
bleu,257,reward_mean,0.742206,0.01048,3
bleu,258,reward_mean,0.748626,0.00674,3
bleu,259,reward_mean,0.740351,0.021351,3
bleu,260,reward_mean,0.757911,0.005073,3
bleu,261,reward_mean,0.756014,0.027641,3
bleu,262,reward_mean,0.742676,0.020864,3
bleu,263,reward_mean,0.738645,0.014731,3
bleu,264,reward_mean,0.745901,0.013692,3
bleu,265,reward_mean,0.731712,0.015532,3
bleu,266,reward_mean,0.718897,0.023429,3
bleu,267,reward_mean,0.741651,0.006724,3
bleu,268,reward_mean,0.739886,0.011684,3
bleu,269,reward_mean,0.725726,0.025585,3
bleu,270,reward_mean,0.758779,0.010239,3
bleu,271,reward_mean,0.755545,0.007153,3
bleu,272,reward_mean,0.756122,0.013408,3
bleu,273,reward_mean,0.772533,0.01108,3
bleu,274,reward_mean,0.743664,0.01136,3
bleu,275,reward_mean,0.732438,0.014761,3
bleu,276,reward_mean,0.763569,0.012571,3
bleu,277,reward_mean,0.744503,0.014639,3
bleu,278,reward_mean,0.748198,0.016955,3
bleu,279,reward_mean,0.742376,0.023568,3
bleu,280,reward_mean,0.757135,0.01749,3
bleu,281,reward_mean,0.725412,0.004426,3
bleu,282,reward_mean,0.753286,0.022357,3
bleu,283,reward_mean,0.748814,0.010871,3
bleu,284,reward_mean,0.75358,0.016845,3
bleu,285,reward_mean,0.753606,0.004276,3
bleu,286,reward_mean,0.738788,0.009209,3
bleu,287,reward_mean,0.743055,0.005853,3
bleu,288,reward_mean,0.74189,0.013238,3
bleu,289,reward_mean,0.7455,0.019326,3
bleu,290,reward_mean,0.729943,0.014599,3
bleu,291,reward_mean,0.742609,0.015156,3
bleu,292,reward_mean,0.762852,0.007109,3
bleu,293,reward_mean,0.741954,0.009829,3
bleu,294,reward_mean,0.742395,0.013699,3
bleu,295,reward_mean,0.760193,0.024353,3
bleu,296,reward_mean,0.763539,0.002021,3
bleu,297,reward_mean,0.746146,0.021202,3
bleu,298,reward_mean,0.727043,0.01057,3
bleu,299,reward_mean,0.731947,0.023205,3
bleu,300,reward_mean,0.74519,0.03643,3
bleu,301,reward_mean,0.74591,0.009172,3
bleu,302,reward_mean,0.753903,0.025416,3
bleu,303,reward_mean,0.755729,0.019846,3
bleu,304,reward_mean,0.732919,0.009413,3
bleu,305,reward_mean,0.739775,0.021436,3
bleu,306,reward_mean,0.749337,0.008484,3
bleu,307,reward_mean,0.756692,0.003211,3
bleu,308,reward_mean,0.755172,0.013382,3
bleu,309,reward_mean,0.736549,0.011231,3
bleu,310,reward_mean,0.741308,0.008577,3
bleu,311,reward_mean,0.752561,0.00208,3
bleu,312,reward_mean,0.74626,0.010247,3
bleu,313,reward_mean,0.754814,0.020756,3
bleu,314,reward_mean,0.75742,0.020935,3
bleu,315,reward_mean,0.748794,0.006663,3
bleu,316,reward_mean,0.741012,0.01121,3
bleu,317,reward_mean,0.723384,0.012211,3
bleu,318,reward_mean,0.752317,0.031767,3
bleu,319,reward_mean,0.769132,0.007183,3
bleu,320,reward_mean,0.747615,0.010709,3
bleu,321,reward_mean,0.763436,0.009743,3
bleu,322,reward_mean,0.760928,0.006003,3
bleu,323,reward_mean,0.741994,0.01968,3
bleu,324,reward_mean,0.755926,0.004875,3
bleu,325,reward_mean,0.76216,0.003839,3
bleu,326,reward_mean,0.733564,0.018499,3
bleu,327,reward_mean,0.745231,0.003829,3
bleu,328,reward_mean,0.751902,0.015676,3
bleu,329,reward_mean,0.762683,0.026988,3
bleu,330,reward_mean,0.759337,0.007527,3
bleu,331,reward_mean,0.745517,0.020995,3
bleu,332,reward_mean,0.753762,0.006099,3
bleu,333,reward_mean,0.751073,0.002475,3
bleu,334,reward_mean,0.759878,0.00983,3
bleu,335,reward_mean,0.770488,0.012363,3
bleu,336,reward_mean,0.751934,0.007244,3
bleu,337,reward_mean,0.749454,0.01353,3
bleu,338,reward_mean,0.75688,0.027988,3
bleu,339,reward_mean,0.764751,0.013796,3
bleu,340,reward_mean,0.740038,0.033991,3
bleu,341,reward_mean,0.752906,0.021617,3
bleu,342,reward_mean,0.742705,0.017438,3
bleu,343,reward_mean,0.746999,0.012423,3
bleu,344,reward_mean,0.760234,0.024215,3
bleu,345,reward_mean,0.745804,0.035912,3
bleu,346,reward_mean,0.756348,0.014756,3
bleu,347,reward_mean,0.75045,0.019262,3
bleu,348,reward_mean,0.75534,0.016583,3
bleu,349,reward_mean,0.744901,0.017207,3
bleu,350,reward_mean,0.758261,0.003753,3
bleu,351,reward_mean,0.764489,0.005332,3
bleu,352,reward_mean,0.764303,0.006854,3
bleu,353,reward_mean,0.737119,0.023999,3
bleu,354,reward_mean,0.769129,0.004304,3
bleu,355,reward_mean,0.744231,0.016976,3
bleu,356,reward_mean,0.738617,0.021309,3
bleu,357,reward_mean,0.75236,0.022198,3
bleu,358,reward_mean,0.762829,0.013867,3
bleu,359,reward_mean,0.753271,0.012109,3
bleu,360,reward_mean,0.768074,0.018149,3
bleu,361,reward_mean,0.763585,0.02718,3
bleu,362,reward_mean,0.741876,0.025401,3
bleu,363,reward_mean,0.752646,0.035387,3
bleu,364,reward_mean,0.756878,0.009265,3
bleu,365,reward_mean,0.781804,0.011307,3
bleu,366,reward_mean,0.771771,0.012932,3
bleu,367,reward_mean,0.752984,0.009686,3
bleu,368,reward_mean,0.768498,0.009469,3
bleu,369,reward_mean,0.747105,0.002269,3
bleu,370,reward_mean,0.743136,0.011991,3
bleu,371,reward_mean,0.735875,0.026579,3
bleu,372,reward_mean,0.757249,0.006425,3
bleu,373,reward_mean,0.748995,0.010317,3
bleu,374,reward_mean,0.767702,0.003466,3
bleu,375,reward_mean,0.752486,0.0189,3
bleu,376,reward_mean,0.775633,0.01982,3
bleu,377,reward_mean,0.741325,0.010005,3
bleu,378,reward_mean,0.768032,0.027455,3
bleu,379,reward_mean,0.765525,0.023559,3
bleu,380,reward_mean,0.752528,0.011592,3
bleu,381,reward_mean,0.765404,0.011608,3
bleu,382,reward_mean,0.746055,0.004093,3
bleu,383,reward_mean,0.7528,0.005044,3
bleu,384,reward_mean,0.765388,0.022559,3
bleu,385,reward_mean,0.768372,0.028049,3
bleu,386,reward_mean,0.758114,0.016308,3
bleu,387,reward_mean,0.78979,0.018027,3
bleu,388,reward_mean,0.757805,0.00973,3
bleu,389,reward_mean,0.749084,0.030386,3
bleu,390,reward_mean,0.761281,0.00717,3
bleu,391,reward_mean,0.76129,0.025028,3
bleu,392,reward_mean,0.755242,0.008788,3
bleu,393,reward_mean,0.74524,0.002435,3
bleu,394,reward_mean,0.736134,0.012033,3
bleu,395,reward_mean,0.793079,0.011445,3
bleu,396,reward_mean,0.771086,0.005792,3
bleu,397,reward_mean,0.762404,0.023342,3
bleu,398,reward_mean,0.762627,0.023587,3
bleu,399,reward_mean,0.739939,0.006133,3
bleu,400,reward_mean,0.759829,0.00147,3
bleu,401,reward_mean,0.765488,0.018118,3
bleu,402,reward_mean,0.773316,0.029653,3
bleu,403,reward_mean,0.750555,0.009977,3
bleu,404,reward_mean,0.755527,0.009205,3
bleu,405,reward_mean,0.74987,0.019002,3
bleu,406,reward_mean,0.752435,0.009708,3
bleu,407,reward_mean,0.758332,0.012727,3
bleu,408,reward_mean,0.754103,0.013953,3
bleu,409,reward_mean,0.751738,0.003508,3
bleu,410,reward_mean,0.760101,0.011161,3
bleu,411,reward_mean,0.759872,0.009943,3
bleu,412,reward_mean,0.762501,0.026082,3
bleu,413,reward_mean,0.771008,0.005146,3
bleu,414,reward_mean,0.770705,0.011617,3
bleu,415,reward_mean,0.746664,0.037935,3
bleu,416,reward_mean,0.74322,0.044407,3
bleu,417,reward_mean,0.778079,0.009176,3
bleu,418,reward_mean,0.747535,0.021863,3
bleu,419,reward_mean,0.743558,0.008614,3
bleu,420,reward_mean,0.776009,0.002361,3
bleu,421,reward_mean,0.75402,0.011778,3
bleu,422,reward_mean,0.760727,0.007761,3
bleu,423,reward_mean,0.746262,0.010069,3
bleu,424,reward_mean,0.754885,0.014458,3
bleu,425,reward_mean,0.747194,0.012277,3
bleu,426,reward_mean,0.761983,0.012372,3
bleu,427,reward_mean,0.765192,0.028342,3
bleu,428,reward_mean,0.778379,0.011089,3
bleu,429,reward_mean,0.760342,0.012992,3
bleu,430,reward_mean,0.751847,0.024332,3
bleu,431,reward_mean,0.775165,0.005138,3
bleu,432,reward_mean,0.781745,0.019921,3
bleu,433,reward_mean,0.75553,0.021171,3
bleu,434,reward_mean,0.748273,0.016622,3
bleu,435,reward_mean,0.767893,0.020116,3
bleu,436,reward_mean,0.78363,0.016704,3
bleu,437,reward_mean,0.765538,0.010675,3
bleu,438,reward_mean,0.767855,0.01141,3
bleu,439,reward_mean,0.774597,0.023759,3
bleu,440,reward_mean,0.766162,0.022269,3
bleu,441,reward_mean,0.788678,0.015571,3
bleu,442,reward_mean,0.783962,0.01025,3
bleu,443,reward_mean,0.79136,0.005245,3
bleu,444,reward_mean,0.767252,0.019504,3
bleu,445,reward_mean,0.756199,0.008662,3
bleu,446,reward_mean,0.766275,0.00819,3
bleu,447,reward_mean,0.768461,0.012449,3
bleu,448,reward_mean,0.781792,0.01179,3
bleu,449,reward_mean,0.763606,0.01134,3
bleu,450,reward_mean,0.798747,0.012847,3
bleu,451,reward_mean,0.76902,0.016473,3
bleu,452,reward_mean,0.7782,0.008548,3
bleu,453,reward_mean,0.756211,0.007203,3
bleu,454,reward_mean,0.751567,0.009981,3
bleu,455,reward_mean,0.765469,0.006182,3
bleu,456,reward_mean,0.755817,0.017743,3
bleu,457,reward_mean,0.77823,0.001134,3
bleu,458,reward_mean,0.767388,0.003975,3
bleu,459,reward_mean,0.764277,0.015258,3
bleu,460,reward_mean,0.77205,0.009162,3
bleu,461,reward_mean,0.746594,0.008635,3
bleu,462,reward_mean,0.790312,0.015942,3
bleu,463,reward_mean,0.772778,0.004004,3
bleu,464,reward_mean,0.75513,0.000629,3
bleu,465,reward_mean,0.768552,0.012697,3
bleu,466,reward_mean,0.77182,0.009579,3
bleu,467,reward_mean,0.772046,0.015407,3
bleu,468,reward_mean,0.788088,0.005336,3
bleu,469,reward_mean,0.7759,0.004268,3
bleu,470,reward_mean,0.780519,0.013104,3
bleu,471,reward_mean,0.76833,0.016366,3
bleu,472,reward_mean,0.786095,0.01881,3
bleu,473,reward_mean,0.756397,0.008056,3
bleu,474,reward_mean,0.787806,0.026952,3
bleu,475,reward_mean,0.753815,0.014096,3
bleu,476,reward_mean,0.779693,0.007132,3
bleu,477,reward_mean,0.76192,0.024393,3
bleu,478,reward_mean,0.771884,0.027313,3
bleu,479,reward_mean,0.77184,0.013364,3
bleu,480,reward_mean,0.787789,0.013497,3
bleu,481,reward_mean,0.777693,0.021704,3
bleu,482,reward_mean,0.76847,0.026072,3
bleu,483,reward_mean,0.741175,0.027013,3
bleu,484,reward_mean,0.766137,0.026477,3
bleu,485,reward_mean,0.779647,0.004282,3
bleu,486,reward_mean,0.779771,0.011727,3
bleu,487,reward_mean,0.790791,0.008696,3
bleu,488,reward_mean,0.746982,0.01122,3
bleu,489,reward_mean,0.759134,0.01566,3
bleu,490,reward_mean,0.756519,0.005956,3
bleu,491,reward_mean,0.779622,0.009007,3
bleu,492,reward_mean,0.738549,0.013883,3
bleu,493,reward_mean,0.761628,0.013227,3
bleu,494,reward_mean,0.773323,0.011313,3
bleu,495,reward_mean,0.777403,0.03805,3
bleu,496,reward_mean,0.757416,0.011838,3
bleu,497,reward_mean,0.779513,0.012134,3
bleu,498,reward_mean,0.780448,0.006375,3
bleu,499,reward_mean,0.77329,0.00463,3
bleu,500,reward_mean,0.7789,0.024681,3
bleu,501,reward_mean,0.771975,0.031926,3
bleu,502,reward_mean,0.773002,0.021139,3
bleu,503,reward_mean,0.779721,0.009212,3
bleu,504,reward_mean,0.776657,0.0132,3
bleu,505,reward_mean,0.783097,0.029347,3
bleu,506,reward_mean,0.766938,0.020384,3
bleu,507,reward_mean,0.794011,0.012303,3
bleu,508,reward_mean,0.770756,0.001635,3
bleu,509,reward_mean,0.767139,0.012247,3
bleu,510,reward_mean,0.779096,0.008126,3
bleu,511,reward_mean,0.765953,0.009966,3
bleu,512,reward_mean,0.763118,0.015024,3
bleu,513,reward_mean,0.777663,0.023596,3
bleu,514,reward_mean,0.771838,0.007856,3
bleu,515,reward_mean,0.775966,0.022976,3
bleu,516,reward_mean,0.770404,0.013974,3
bleu,517,reward_mean,0.788896,0.009285,3
bleu,518,reward_mean,0.769282,0.012546,3
bleu,519,reward_mean,0.763997,0.021654,3
bleu,520,reward_mean,0.765025,0.033115,3
bleu,521,reward_mean,0.773669,0.017401,3
bleu,522,reward_mean,0.780885,0.006791,3
bleu,523,reward_mean,0.77255,0.008161,3
bleu,524,reward_mean,0.77722,0.006173,3
bleu,525,reward_mean,0.796053,0.005779,3
bleu,526,reward_mean,0.779517,0.022562,3
bleu,527,reward_mean,0.7679,0.021776,3
bleu,528,reward_mean,0.793219,0.005955,3
bleu,529,reward_mean,0.777253,0.018396,3
bleu,530,reward_mean,0.776923,0.010418,3
bleu,531,reward_mean,0.777175,0.003557,3
bleu,532,reward_mean,0.791091,0.016382,3
bleu,533,reward_mean,0.778947,0.010506,3
bleu,534,reward_mean,0.770684,0.021929,3
bleu,535,reward_mean,0.782272,0.014621,3
bleu,536,reward_mean,0.764993,0.020539,3
bleu,537,reward_mean,0.772735,0.011948,3
bleu,538,reward_mean,0.780217,0.017256,3
bleu,539,reward_mean,0.785685,0.007657,3
bleu,540,reward_mean,0.784697,0.012348,3
bleu,541,reward_mean,0.751595,0.012871,3
bleu,542,reward_mean,0.792181,0.022719,3
bleu,543,reward_mean,0.756879,0.022991,3
bleu,544,reward_mean,0.751057,0.029944,3
bleu,545,reward_mean,0.792917,0.007657,3
bleu,546,reward_mean,0.762638,0.016508,3
bleu,547,reward_mean,0.77879,0.009603,3
bleu,548,reward_mean,0.778691,0.031384,3
bleu,549,reward_mean,0.759964,0.015223,3
bleu,550,reward_mean,0.786464,0.009058,3
bleu,551,reward_mean,0.785698,0.005801,3
bleu,552,reward_mean,0.783113,0.018942,3
bleu,553,reward_mean,0.77102,0.012778,3
bleu,554,reward_mean,0.80199,0.017073,3
bleu,555,reward_mean,0.774681,0.008487,3
bleu,556,reward_mean,0.783362,0.020525,3
bleu,557,reward_mean,0.77046,0.005642,3
bleu,558,reward_mean,0.763171,0.020311,3
bleu,559,reward_mean,0.790835,0.009348,3
bleu,560,reward_mean,0.785083,0.005484,3
bleu,561,reward_mean,0.794771,0.01676,3
bleu,562,reward_mean,0.785588,0.012526,3
bleu,563,reward_mean,0.776079,0.011446,3
bleu,564,reward_mean,0.769368,0.007645,3
bleu,565,reward_mean,0.800652,0.027091,3
bleu,566,reward_mean,0.8033,0.015778,3
bleu,567,reward_mean,0.781499,0.021937,3
bleu,568,reward_mean,0.781856,0.005807,3
bleu,569,reward_mean,0.799316,0.006426,3
bleu,570,reward_mean,0.778666,0.006409,3
bleu,571,reward_mean,0.795362,0.022172,3
bleu,572,reward_mean,0.790577,0.023273,3
bleu,573,reward_mean,0.789016,0.004257,3
bleu,574,reward_mean,0.780365,0.007363,3
bleu,575,reward_mean,0.774841,0.008004,3
bleu,576,reward_mean,0.7924,0.013443,3
bleu,577,reward_mean,0.802933,0.006609,3
bleu,578,reward_mean,0.770069,0.008828,3
bleu,579,reward_mean,0.792585,0.01145,3
bleu,580,reward_mean,0.799858,0.02868,3
bleu,581,reward_mean,0.757382,0.010496,3
bleu,582,reward_mean,0.786413,0.019253,3
bleu,583,reward_mean,0.766678,0.023748,3
bleu,584,reward_mean,0.786915,0.005879,3
bleu,585,reward_mean,0.782356,0.012445,3
bleu,586,reward_mean,0.771402,0.010043,3
bleu,587,reward_mean,0.80015,0.00663,3
bleu,588,reward_mean,0.771898,0.005305,3
bleu,589,reward_mean,0.777612,0.013396,3
bleu,590,reward_mean,0.769744,0.007049,3
bleu,591,reward_mean,0.789287,0.003056,3
bleu,592,reward_mean,0.787388,0.024949,3
bleu,593,reward_mean,0.784163,0.004532,3
bleu,594,reward_mean,0.786768,0.007894,3
bleu,595,reward_mean,0.768575,0.00381,3
bleu,596,reward_mean,0.784339,0.012123,3
bleu,597,reward_mean,0.7826,0.009229,3
bleu,598,reward_mean,0.773367,0.002186,3
bleu,599,reward_mean,0.77045,0.016025,3
bleu,600,reward_mean,0.799452,0.01486,3
bleu,601,reward_mean,0.777737,0.029472,3
bleu,602,reward_mean,0.761629,0.008335,3
bleu,603,reward_mean,0.768998,0.020185,3
bleu,604,reward_mean,0.783152,0.016084,3
bleu,605,reward_mean,0.794993,0.016738,3
bleu,606,reward_mean,0.789396,0.017304,3
bleu,607,reward_mean,0.781461,0.031572,3
bleu,608,reward_mean,0.770298,0.014552,3
bleu,609,reward_mean,0.779596,0.006738,3
bleu,610,reward_mean,0.801868,0.004027,3
bleu,611,reward_mean,0.793949,0.02031,3
bleu,612,reward_mean,0.76911,0.014621,3
bleu,613,reward_mean,0.764788,0.012714,3
bleu,614,reward_mean,0.769684,0.015142,3
bleu,615,reward_mean,0.802998,0.012148,3
bleu,616,reward_mean,0.786059,0.017497,3
bleu,617,reward_mean,0.776414,0.006806,3
bleu,618,reward_mean,0.791946,0.016435,3
bleu,619,reward_mean,0.799425,0.008505,3
bleu,620,reward_mean,0.779417,0.009192,3
bleu,621,reward_mean,0.787467,0.013434,3
bleu,622,reward_mean,0.802015,0.030015,3
bleu,623,reward_mean,0.784498,0.008895,3
bleu,624,reward_mean,0.765286,0.01042,3
bleu,625,reward_mean,0.783936,0.013136,3
bleu,626,reward_mean,0.78764,0.030528,3
bleu,627,reward_mean,0.818708,0.012872,3
bleu,628,reward_mean,0.780077,0.020443,3
bleu,629,reward_mean,0.795709,0.003669,3
bleu,630,reward_mean,0.793981,0.013154,3
bleu,631,reward_mean,0.789029,0.015269,3
bleu,632,reward_mean,0.776074,0.017433,3
bleu,633,reward_mean,0.779602,0.018753,3
bleu,634,reward_mean,0.78813,0.003973,3
bleu,635,reward_mean,0.779387,0.005786,3
bleu,636,reward_mean,0.802568,0.011795,3
bleu,637,reward_mean,0.807053,0.012272,3
bleu,638,reward_mean,0.786303,0.010759,3
bleu,639,reward_mean,0.79894,0.016139,3
bleu,640,reward_mean,0.796509,0.017424,3
bleu,641,reward_mean,0.774125,0.008381,3
bleu,642,reward_mean,0.783793,0.002816,3
bleu,643,reward_mean,0.798691,0.012087,3
bleu,644,reward_mean,0.775663,0.003887,3
bleu,645,reward_mean,0.775356,0.020838,3
bleu,646,reward_mean,0.770056,0.017767,3
bleu,647,reward_mean,0.802412,0.013077,3
bleu,648,reward_mean,0.7752,0.006389,3
bleu,649,reward_mean,0.794622,0.001368,3
bleu,650,reward_mean,0.792564,0.010971,3
bleu,651,reward_mean,0.786926,0.007797,3
bleu,652,reward_mean,0.818878,0.022855,3
bleu,653,reward_mean,0.784935,0.007577,3
bleu,654,reward_mean,0.794188,0.014793,3
bleu,655,reward_mean,0.779275,0.022715,3
bleu,656,reward_mean,0.792468,0.011201,3
bleu,657,reward_mean,0.785388,0.001396,3
bleu,658,reward_mean,0.775394,0.012951,3
bleu,659,reward_mean,0.78064,0.013929,3
bleu,660,reward_mean,0.778587,0.023443,3
bleu,661,reward_mean,0.791635,0.008679,3
bleu,662,reward_mean,0.787569,0.014281,3
bleu,663,reward_mean,0.767042,0.006343,3
bleu,664,reward_mean,0.784325,0.016631,3
bleu,665,reward_mean,0.781556,0.028557,3
bleu,666,reward_mean,0.800859,0.021423,3
bleu,667,reward_mean,0.792989,0.013888,3
bleu,668,reward_mean,0.801211,0.007905,3
bleu,669,reward_mean,0.8075,0.005308,3
bleu,670,reward_mean,0.800768,0.000252,3
bleu,671,reward_mean,0.793598,0.013423,3
bleu,672,reward_mean,0.774516,0.018663,3
bleu,673,reward_mean,0.773472,0.015992,3
bleu,674,reward_mean,0.780471,0.019545,3
bleu,675,reward_mean,0.759634,0.026827,3
bleu,676,reward_mean,0.78871,0.011093,3
bleu,677,reward_mean,0.784617,0.012055,3
bleu,678,reward_mean,0.80509,0.01068,3
bleu,679,reward_mean,0.763494,0.009287,3
bleu,680,reward_mean,0.778957,0.012224,3
bleu,681,reward_mean,0.789857,0.004063,3
bleu,682,reward_mean,0.789378,0.011497,3
bleu,683,reward_mean,0.790459,0.009082,3
bleu,684,reward_mean,0.782161,0.021101,3
bleu,685,reward_mean,0.795369,0.004901,3
bleu,686,reward_mean,0.783272,0.00467,3
bleu,687,reward_mean,0.793212,0.00811,3
bleu,688,reward_mean,0.790311,0.028738,3
bleu,689,reward_mean,0.78411,0.012872,3
bleu,690,reward_mean,0.782085,0.014385,3
bleu,691,reward_mean,0.790243,0.022058,3
bleu,692,reward_mean,0.802197,0.012516,3
bleu,693,reward_mean,0.806536,0.021194,3
bleu,694,reward_mean,0.795479,0.004015,3
bleu,695,reward_mean,0.811352,0.011854,3
bleu,696,reward_mean,0.793871,0.017418,3
bleu,697,reward_mean,0.776406,0.017933,3
bleu,698,reward_mean,0.791108,0.007175,3
bleu,699,reward_mean,0.786225,0.027191,3
bleu,700,reward_mean,0.804278,0.013077,3
bleu,701,reward_mean,0.779248,0.008989,3
bleu,702,reward_mean,0.786554,0.014361,3
bleu,703,reward_mean,0.779317,0.012688,3
bleu,704,reward_mean,0.786109,0.019047,3
bleu,705,reward_mean,0.778862,0.03001,3
bleu,706,reward_mean,0.795395,0.005674,3
bleu,707,reward_mean,0.784794,0.017427,3
bleu,708,reward_mean,0.800541,0.005419,3
bleu,709,reward_mean,0.796064,0.016512,3
bleu,710,reward_mean,0.805359,0.01815,3
bleu,711,reward_mean,0.800604,0.024057,3
bleu,712,reward_mean,0.798902,0.016397,3
bleu,713,reward_mean,0.776296,0.008571,3
bleu,714,reward_mean,0.805247,0.017217,3
bleu,715,reward_mean,0.794529,0.005959,3
bleu,716,reward_mean,0.781037,0.010141,3
bleu,717,reward_mean,0.784699,0.018195,3
bleu,718,reward_mean,0.777852,0.021856,3
bleu,719,reward_mean,0.815557,0.017604,3
bleu,720,reward_mean,0.784939,0.0076,3
bleu,721,reward_mean,0.7757,0.012499,3
bleu,722,reward_mean,0.791895,0.014913,3
bleu,723,reward_mean,0.783471,0.011233,3
bleu,724,reward_mean,0.78703,0.015644,3
bleu,725,reward_mean,0.788611,0.004578,3
bleu,726,reward_mean,0.791309,0.021797,3
bleu,727,reward_mean,0.78314,0.020359,3
bleu,728,reward_mean,0.803399,0.013544,3
bleu,729,reward_mean,0.7896,0.017028,3
bleu,730,reward_mean,0.803372,0.006098,3
bleu,731,reward_mean,0.796072,0.019725,3
bleu,732,reward_mean,0.798064,0.013534,3
bleu,733,reward_mean,0.785635,0.027022,3
bleu,734,reward_mean,0.787044,0.011236,3
bleu,735,reward_mean,0.802949,0.017395,3
bleu,736,reward_mean,0.79534,0.014461,3
bleu,737,reward_mean,0.785224,0.00981,3
bleu,738,reward_mean,0.796577,0.010521,3
bleu,739,reward_mean,0.795946,0.014928,3
bleu,740,reward_mean,0.792762,0.004734,3
bleu,741,reward_mean,0.794245,0.028099,3
bleu,742,reward_mean,0.78133,0.011267,3
bleu,743,reward_mean,0.790904,0.01685,3
bleu,744,reward_mean,0.794486,0.006776,3
bleu,745,reward_mean,0.792617,0.007054,3
bleu,746,reward_mean,0.7962,0.024149,3
bleu,747,reward_mean,0.785332,0.009142,3
bleu,748,reward_mean,0.793267,0.012753,3
bleu,749,reward_mean,0.787366,0.021913,3
bleu,750,reward_mean,0.802364,0.017101,3
bleu,751,reward_mean,0.800587,0.007908,3
bleu,752,reward_mean,0.773401,0.019351,3
bleu,753,reward_mean,0.793955,0.00746,3
bleu,754,reward_mean,0.792878,0.006011,3
bleu,755,reward_mean,0.802729,0.015127,3
bleu,756,reward_mean,0.795697,0.013291,3
bleu,757,reward_mean,0.785009,0.003805,3
bleu,758,reward_mean,0.820719,0.011676,3
bleu,759,reward_mean,0.770019,0.004886,3
bleu,760,reward_mean,0.790232,0.018766,3
bleu,761,reward_mean,0.799398,0.009781,3
bleu,762,reward_mean,0.810094,0.018648,3
bleu,763,reward_mean,0.800626,0.021455,3
bleu,764,reward_mean,0.797234,0.021251,3
bleu,765,reward_mean,0.811454,0.030452,3
bleu,766,reward_mean,0.791099,0.008302,3
bleu,767,reward_mean,0.802822,0.012237,3
bleu,768,reward_mean,0.800499,0.016742,3
bleu,769,reward_mean,0.782112,0.007328,3
bleu,770,reward_mean,0.803049,0.011179,3
bleu,771,reward_mean,0.771584,0.005856,3
bleu,772,reward_mean,0.78596,0.018641,3
bleu,773,reward_mean,0.791683,0.007927,3
bleu,774,reward_mean,0.799133,0.027042,3
bleu,775,reward_mean,0.795797,0.01154,3
bleu,776,reward_mean,0.796559,0.013663,3
bleu,777,reward_mean,0.781007,0.011136,3
bleu,778,reward_mean,0.793405,0.012341,3
bleu,779,reward_mean,0.803178,0.018033,3
bleu,780,reward_mean,0.777946,0.005322,3
bleu,781,reward_mean,0.802766,0.006349,3
bleu,782,reward_mean,0.7622,0.023834,3
bleu,783,reward_mean,0.791857,0.008224,3
bleu,784,reward_mean,0.807649,0.013883,3
bleu,785,reward_mean,0.781913,0.010056,3
bleu,786,reward_mean,0.787962,0.0122,3
bleu,787,reward_mean,0.795941,0.007303,3
bleu,788,reward_mean,0.799313,0.018261,3
bleu,789,reward_mean,0.795578,0.016826,3
bleu,790,reward_mean,0.794322,0.012136,3
bleu,791,reward_mean,0.801095,0.018628,3
bleu,792,reward_mean,0.770643,0.013758,3
bleu,793,reward_mean,0.803851,0.014327,3
bleu,794,reward_mean,0.773639,0.034383,3
bleu,795,reward_mean,0.791846,0.015831,3
bleu,796,reward_mean,0.81351,0.011634,3
bleu,797,reward_mean,0.798237,0.009094,3
bleu,798,reward_mean,0.77962,0.033161,3
bleu,799,reward_mean,0.75854,0.023262,3
bleu,800,reward_mean,0.775306,0.002156,3
bleu,801,reward_mean,0.801126,0.025905,3
bleu,802,reward_mean,0.78561,0.015825,3
bleu,803,reward_mean,0.769464,0.01791,3
bleu,804,reward_mean,0.790607,0.035534,3
bleu,805,reward_mean,0.782435,0.026376,3
bleu,806,reward_mean,0.799146,0.013546,3
bleu,807,reward_mean,0.800714,0.006748,3
bleu,808,reward_mean,0.799236,0.035913,3
bleu,809,reward_mean,0.792303,0.011772,3
bleu,810,reward_mean,0.813327,0.007513,3
bleu,811,reward_mean,0.796986,0.02031,3
bleu,812,reward_mean,0.810421,0.019189,3
bleu,813,reward_mean,0.792575,0.014289,3
bleu,814,reward_mean,0.803967,0.029342,3
bleu,815,reward_mean,0.792594,0.016734,3
bleu,816,reward_mean,0.797338,0.010601,3
bleu,817,reward_mean,0.798278,0.036066,3
bleu,818,reward_mean,0.788488,0.017101,3
bleu,819,reward_mean,0.779565,0.008507,3
bleu,820,reward_mean,0.803891,0.005949,3
bleu,821,reward_mean,0.812482,0.022827,3
bleu,822,reward_mean,0.816533,0.016359,3
bleu,823,reward_mean,0.812697,0.01559,3
bleu,824,reward_mean,0.793012,0.008666,3
bleu,825,reward_mean,0.794812,0.011008,3
bleu,826,reward_mean,0.800068,0.020623,3
bleu,827,reward_mean,0.799647,0.006097,3
bleu,828,reward_mean,0.803126,0.01892,3
bleu,829,reward_mean,0.814189,0.008185,3
bleu,830,reward_mean,0.7968,0.009699,3
bleu,831,reward_mean,0.813986,0.007724,3
bleu,832,reward_mean,0.799118,0.013443,3
bleu,833,reward_mean,0.825332,0.006874,3
bleu,834,reward_mean,0.816884,0.015356,3
bleu,835,reward_mean,0.811413,0.014283,3
bleu,836,reward_mean,0.775897,0.014732,3
bleu,837,reward_mean,0.781776,0.021543,3
bleu,838,reward_mean,0.794167,0.019085,3
bleu,839,reward_mean,0.803591,0.011819,3
bleu,840,reward_mean,0.820918,0.023678,3
bleu,841,reward_mean,0.811939,0.023064,3
bleu,842,reward_mean,0.81016,0.019358,3
bleu,843,reward_mean,0.813246,0.005587,3
bleu,844,reward_mean,0.810628,0.013332,3
bleu,845,reward_mean,0.777367,0.010236,3
bleu,846,reward_mean,0.809739,0.011477,3
bleu,847,reward_mean,0.818927,0.020017,3
bleu,848,reward_mean,0.796016,0.003603,3
bleu,849,reward_mean,0.79174,0.015513,3
bleu,850,reward_mean,0.809179,0.027307,3
bleu,851,reward_mean,0.811703,0.012964,3
bleu,852,reward_mean,0.801636,0.02335,3
bleu,853,reward_mean,0.80483,0.007026,3
bleu,854,reward_mean,0.796838,0.002515,3
bleu,855,reward_mean,0.794599,0.010495,3
bleu,856,reward_mean,0.806502,0.018537,3
bleu,857,reward_mean,0.797442,0.008433,3
bleu,858,reward_mean,0.793076,0.018855,3
bleu,859,reward_mean,0.82098,0.011964,3
bleu,860,reward_mean,0.803905,0.011302,3
bleu,861,reward_mean,0.812485,0.010026,3
bleu,862,reward_mean,0.786976,0.018995,3
bleu,863,reward_mean,0.788061,0.007391,3
bleu,864,reward_mean,0.808695,0.004974,3
bleu,865,reward_mean,0.807755,0.010165,3
bleu,866,reward_mean,0.796862,0.017332,3
bleu,867,reward_mean,0.798028,0.008855,3
bleu,868,reward_mean,0.797279,0.018911,3
bleu,869,reward_mean,0.783545,0.013171,3
bleu,870,reward_mean,0.808232,0.003723,3
bleu,871,reward_mean,0.805033,0.007221,3
bleu,872,reward_mean,0.806618,0.011577,3
bleu,873,reward_mean,0.798141,0.018284,3
bleu,874,reward_mean,0.798075,0.021767,3
bleu,875,reward_mean,0.792442,0.022131,3
bleu,876,reward_mean,0.811655,0.006264,3
bleu,877,reward_mean,0.81285,0.00742,3
bleu,878,reward_mean,0.809216,0.020764,3
bleu,879,reward_mean,0.798372,0.01861,3
bleu,880,reward_mean,0.784027,0.020769,3
bleu,881,reward_mean,0.806704,0.021055,3
bleu,882,reward_mean,0.800665,0.008909,3
bleu,883,reward_mean,0.792321,0.020256,3
bleu,884,reward_mean,0.820206,0.007758,3
bleu,885,reward_mean,0.80985,0.023551,3
bleu,886,reward_mean,0.79975,0.00581,3
bleu,887,reward_mean,0.811704,0.01564,3
bleu,888,reward_mean,0.792648,0.016393,3
bleu,889,reward_mean,0.804727,0.016608,3
bleu,890,reward_mean,0.822926,0.011929,3
bleu,891,reward_mean,0.828877,0.017171,3
bleu,892,reward_mean,0.780024,0.003044,3
bleu,893,reward_mean,0.793778,0.007064,3
bleu,894,reward_mean,0.786187,0.027934,3
bleu,895,reward_mean,0.807751,0.019425,3
bleu,896,reward_mean,0.818415,0.010182,3
bleu,897,reward_mean,0.805098,0.022421,3
bleu,898,reward_mean,0.802583,0.008112,3
bleu,899,reward_mean,0.799871,0.022267,3
bleu,900,reward_mean,0.803446,0.018474,3
bleu,901,reward_mean,0.798738,0.003556,3
bleu,902,reward_mean,0.795378,0.023247,3
bleu,903,reward_mean,0.811242,0.01245,3
bleu,904,reward_mean,0.799072,0.010453,3
bleu,905,reward_mean,0.788493,0.006167,3
bleu,906,reward_mean,0.779401,0.019325,3
bleu,907,reward_mean,0.804379,0.003936,3
bleu,908,reward_mean,0.8084,0.008495,3
bleu,909,reward_mean,0.808963,0.014602,3
bleu,910,reward_mean,0.805822,0.016204,3
bleu,911,reward_mean,0.804126,0.023875,3
bleu,912,reward_mean,0.815131,0.012744,3
bleu,913,reward_mean,0.814638,0.014409,3
bleu,914,reward_mean,0.793293,0.003526,3
bleu,915,reward_mean,0.803891,0.022783,3
bleu,916,reward_mean,0.819062,0.020603,3
bleu,917,reward_mean,0.824785,0.011087,3
bleu,918,reward_mean,0.816332,0.016206,3
bleu,919,reward_mean,0.82119,0.00916,3
bleu,920,reward_mean,0.823956,0.011674,3
bleu,921,reward_mean,0.820206,0.009519,3
bleu,922,reward_mean,0.810625,0.010449,3
bleu,923,reward_mean,0.794706,0.013938,3
bleu,924,reward_mean,0.815055,0.014844,3
bleu,925,reward_mean,0.798087,0.019001,3
bleu,926,reward_mean,0.795815,0.017818,3
bleu,927,reward_mean,0.802483,0.010124,3
bleu,928,reward_mean,0.789823,0.012666,3
bleu,929,reward_mean,0.814688,0.008468,3
bleu,930,reward_mean,0.804522,0.017358,3
bleu,931,reward_mean,0.795961,0.01349,3
bleu,932,reward_mean,0.81399,0.013763,3
bleu,933,reward_mean,0.823636,0.005052,3
bleu,934,reward_mean,0.808688,0.015221,3
bleu,935,reward_mean,0.819,0.006583,3
bleu,936,reward_mean,0.819443,0.005039,3
bleu,937,reward_mean,0.811878,0.015834,3
bleu,938,reward_mean,0.812396,0.021602,3
bleu,939,reward_mean,0.811288,0.019369,3
bleu,940,reward_mean,0.781361,0.014268,3
bleu,941,reward_mean,0.814929,0.00819,3
bleu,942,reward_mean,0.800141,0.014843,3
bleu,943,reward_mean,0.795982,0.00422,3
bleu,944,reward_mean,0.825339,0.024713,3
bleu,945,reward_mean,0.801766,0.01191,3
bleu,946,reward_mean,0.803222,0.012767,3
bleu,947,reward_mean,0.814178,0.028526,3
bleu,948,reward_mean,0.81385,0.014245,3
bleu,949,reward_mean,0.801227,0.014645,3
bleu,950,reward_mean,0.794627,0.014827,3
bleu,951,reward_mean,0.802813,0.014443,3
bleu,952,reward_mean,0.798903,0.025234,3
bleu,953,reward_mean,0.815571,0.00444,3
bleu,954,reward_mean,0.79507,0.00674,3
bleu,955,reward_mean,0.794952,0.016091,3
bleu,956,reward_mean,0.81293,0.008257,3
bleu,957,reward_mean,0.817537,0.019594,3
bleu,958,reward_mean,0.804021,0.014159,3
bleu,959,reward_mean,0.78917,0.012716,3
bleu,960,reward_mean,0.819465,0.015173,3
bleu,961,reward_mean,0.821739,0.0054,3
bleu,962,reward_mean,0.808085,0.006139,3
bleu,963,reward_mean,0.81765,0.011845,3
bleu,964,reward_mean,0.809435,0.024015,3
bleu,965,reward_mean,0.801126,0.01132,3
bleu,966,reward_mean,0.818943,0.009507,3
bleu,967,reward_mean,0.813359,0.013372,3
bleu,968,reward_mean,0.804175,0.010065,3
bleu,969,reward_mean,0.809645,0.017696,3
bleu,970,reward_mean,0.813055,0.012892,3
bleu,971,reward_mean,0.831075,0.015259,3
bleu,972,reward_mean,0.811632,0.016445,3
bleu,973,reward_mean,0.796938,0.008081,3
bleu,974,reward_mean,0.80081,0.021206,3
bleu,975,reward_mean,0.798605,0.002964,3
bleu,976,reward_mean,0.799915,0.004417,3
bleu,977,reward_mean,0.828893,0.008972,3
bleu,978,reward_mean,0.80388,0.015,3
bleu,979,reward_mean,0.802369,0.011612,3
bleu,980,reward_mean,0.830337,0.035757,3
bleu,981,reward_mean,0.795799,0.013241,3
bleu,982,reward_mean,0.798446,0.031427,3
bleu,983,reward_mean,0.814245,0.014773,3
bleu,984,reward_mean,0.825666,0.012573,3
bleu,985,reward_mean,0.802001,0.019577,3
bleu,986,reward_mean,0.796586,0.023861,3
bleu,987,reward_mean,0.814809,0.009574,3
bleu,988,reward_mean,0.799866,0.010178,3
bleu,989,reward_mean,0.81191,0.002766,3
bleu,990,reward_mean,0.796766,0.011542,3
bleu,991,reward_mean,0.81453,0.019023,3
bleu,992,reward_mean,0.812011,0.021399,3
bleu,993,reward_mean,0.812233,0.01409,3
bleu,994,reward_mean,0.806947,0.006484,3
bleu,995,reward_mean,0.821021,0.004268,3
bleu,996,reward_mean,0.805906,0.005483,3
bleu,997,reward_mean,0.79457,0.017835,3
bleu,998,reward_mean,0.8025,0.010853,3
bleu,999,reward_mean,0.805511,0.021356,3
bleu,0,kl_to_reference,0.0,0.0,3
bleu,1,kl_to_reference,0.004244,0.001185,3
bleu,2,kl_to_reference,0.010134,0.003413,3
bleu,3,kl_to_reference,0.019527,0.002192,3
bleu,4,kl_to_reference,0.027282,0.008522,3
bleu,5,kl_to_reference,0.032658,0.005209,3
bleu,6,kl_to_reference,0.035273,0.005717,3
bleu,7,kl_to_reference,0.036998,0.009077,3
bleu,8,kl_to_reference,0.046537,0.00982,3
bleu,9,kl_to_reference,0.045983,0.008876,3
bleu,10,kl_to_reference,0.04399,0.007373,3
bleu,11,kl_to_reference,0.048769,0.005601,3
bleu,12,kl_to_reference,0.047147,0.006971,3
bleu,13,kl_to_reference,0.050218,0.006112,3
bleu,14,kl_to_reference,0.050673,0.008273,3
bleu,15,kl_to_reference,0.055468,0.005913,3
bleu,16,kl_to_reference,0.052952,0.006897,3
bleu,17,kl_to_reference,0.056322,0.000547,3
bleu,18,kl_to_reference,0.05437,0.009976,3
bleu,19,kl_to_reference,0.05581,0.006846,3
bleu,20,kl_to_reference,0.054737,0.00633,3
bleu,21,kl_to_reference,0.059318,0.009873,3
bleu,22,kl_to_reference,0.062861,0.010454,3
bleu,23,kl_to_reference,0.058372,0.009305,3
bleu,24,kl_to_reference,0.065151,0.012513,3
bleu,25,kl_to_reference,0.059503,0.005938,3
bleu,26,kl_to_reference,0.061534,0.007235,3
bleu,27,kl_to_reference,0.055136,0.001317,3
bleu,28,kl_to_reference,0.055204,0.003762,3
bleu,29,kl_to_reference,0.058367,0.005459,3
bleu,30,kl_to_reference,0.063458,0.006255,3
bleu,31,kl_to_reference,0.060684,0.004453,3
bleu,32,kl_to_reference,0.060937,0.007257,3
bleu,33,kl_to_reference,0.059266,0.007622,3
bleu,34,kl_to_reference,0.055262,0.006003,3
bleu,35,kl_to_reference,0.057932,0.0056,3
bleu,36,kl_to_reference,0.055341,0.005521,3
bleu,37,kl_to_reference,0.057354,0.00964,3
bleu,38,kl_to_reference,0.060485,0.00704,3
bleu,39,kl_to_reference,0.059266,0.007666,3
bleu,40,kl_to_reference,0.060747,0.008772,3
bleu,41,kl_to_reference,0.059496,0.009759,3
bleu,42,kl_to_reference,0.061365,0.008184,3
bleu,43,kl_to_reference,0.062862,0.008208,3
bleu,44,kl_to_reference,0.058737,0.005348,3
bleu,45,kl_to_reference,0.060514,0.006269,3
bleu,46,kl_to_reference,0.065215,0.008288,3
bleu,47,kl_to_reference,0.064692,0.00583,3
bleu,48,kl_to_reference,0.061694,0.008014,3
bleu,49,kl_to_reference,0.066151,0.009359,3
bleu,50,kl_to_reference,0.06481,0.008296,3
bleu,51,kl_to_reference,0.071937,0.010362,3
bleu,52,kl_to_reference,0.063845,0.002174,3
bleu,53,kl_to_reference,0.068168,0.006784,3
bleu,54,kl_to_reference,0.068072,0.012772,3
bleu,55,kl_to_reference,0.066827,0.009014,3
bleu,56,kl_to_reference,0.071274,0.012206,3
bleu,57,kl_to_reference,0.062704,0.008658,3
bleu,58,kl_to_reference,0.0663,0.00719,3
bleu,59,kl_to_reference,0.067612,0.004567,3
bleu,60,kl_to_reference,0.075448,0.007327,3
bleu,61,kl_to_reference,0.065859,0.006231,3
bleu,62,kl_to_reference,0.065962,0.00686,3
bleu,63,kl_to_reference,0.067477,0.001357,3
bleu,64,kl_to_reference,0.069653,0.004718,3
bleu,65,kl_to_reference,0.068233,0.003842,3
bleu,66,kl_to_reference,0.071834,0.002929,3
bleu,67,kl_to_reference,0.070378,0.006774,3
bleu,68,kl_to_reference,0.066387,0.0057,3
bleu,69,kl_to_reference,0.068087,0.005479,3
bleu,70,kl_to_reference,0.073785,0.002974,3
bleu,71,kl_to_reference,0.07043,0.007487,3
bleu,72,kl_to_reference,0.06968,0.005186,3
bleu,73,kl_to_reference,0.066904,0.005759,3
bleu,74,kl_to_reference,0.07146,0.005788,3
bleu,75,kl_to_reference,0.072194,0.007097,3
bleu,76,kl_to_reference,0.074531,0.00436,3
bleu,77,kl_to_reference,0.075131,0.007622,3
bleu,78,kl_to_reference,0.075008,0.007574,3
bleu,79,kl_to_reference,0.078375,0.010462,3
bleu,80,kl_to_reference,0.070673,0.001777,3
bleu,81,kl_to_reference,0.073441,0.003596,3
bleu,82,kl_to_reference,0.078245,0.00641,3
bleu,83,kl_to_reference,0.078969,0.002668,3
bleu,84,kl_to_reference,0.06988,0.005442,3
bleu,85,kl_to_reference,0.074355,0.003953,3
bleu,86,kl_to_reference,0.077037,0.004421,3
bleu,87,kl_to_reference,0.076205,0.002187,3
bleu,88,kl_to_reference,0.06846,0.002182,3
bleu,89,kl_to_reference,0.072513,0.005768,3
bleu,90,kl_to_reference,0.067601,0.009676,3
bleu,91,kl_to_reference,0.076682,0.001102,3
bleu,92,kl_to_reference,0.076309,0.001559,3
bleu,93,kl_to_reference,0.073475,0.006381,3
bleu,94,kl_to_reference,0.07235,0.007974,3
bleu,95,kl_to_reference,0.070067,0.003591,3
bleu,96,kl_to_reference,0.073755,0.005188,3
bleu,97,kl_to_reference,0.073977,0.003743,3
bleu,98,kl_to_reference,0.078518,0.003352,3
bleu,99,kl_to_reference,0.073202,0.002954,3
bleu,100,kl_to_reference,0.08013,0.008715,3
bleu,101,kl_to_reference,0.077939,0.003008,3
bleu,102,kl_to_reference,0.072522,0.002452,3
bleu,103,kl_to_reference,0.072194,0.004262,3
bleu,104,kl_to_reference,0.081306,0.002403,3
bleu,105,kl_to_reference,0.070693,0.00329,3
bleu,106,kl_to_reference,0.076589,0.003138,3
bleu,107,kl_to_reference,0.073233,0.003004,3
bleu,108,kl_to_reference,0.071994,0.003717,3
bleu,109,kl_to_reference,0.073672,0.003289,3
bleu,110,kl_to_reference,0.075351,0.003054,3
bleu,111,kl_to_reference,0.076425,0.003826,3
bleu,112,kl_to_reference,0.078836,0.006195,3
bleu,113,kl_to_reference,0.075607,0.007066,3
bleu,114,kl_to_reference,0.085035,0.00315,3
bleu,115,kl_to_reference,0.078336,0.002917,3
bleu,116,kl_to_reference,0.078557,0.003754,3
bleu,117,kl_to_reference,0.077096,0.004475,3
bleu,118,kl_to_reference,0.078765,0.003162,3
bleu,119,kl_to_reference,0.076024,0.005848,3
bleu,120,kl_to_reference,0.07806,0.003032,3
bleu,121,kl_to_reference,0.07391,0.006832,3
bleu,122,kl_to_reference,0.071643,0.002632,3
bleu,123,kl_to_reference,0.073008,0.000558,3
bleu,124,kl_to_reference,0.074517,0.002977,3
bleu,125,kl_to_reference,0.079772,0.003303,3
bleu,126,kl_to_reference,0.080716,0.004769,3
bleu,127,kl_to_reference,0.077321,0.005729,3
bleu,128,kl_to_reference,0.070717,0.00452,3
bleu,129,kl_to_reference,0.076222,0.003643,3
bleu,130,kl_to_reference,0.079862,0.003484,3
bleu,131,kl_to_reference,0.080452,0.005758,3
bleu,132,kl_to_reference,0.076007,0.002894,3
bleu,133,kl_to_reference,0.076325,0.007615,3
bleu,134,kl_to_reference,0.073153,0.005549,3
bleu,135,kl_to_reference,0.074599,0.004954,3
bleu,136,kl_to_reference,0.073173,0.00428,3
bleu,137,kl_to_reference,0.071208,0.002257,3
bleu,138,kl_to_reference,0.077277,0.005755,3
bleu,139,kl_to_reference,0.074085,0.003595,3
bleu,140,kl_to_reference,0.07576,0.004353,3
bleu,141,kl_to_reference,0.072827,0.002288,3
bleu,142,kl_to_reference,0.070196,0.002149,3
bleu,143,kl_to_reference,0.071633,0.000505,3
bleu,144,kl_to_reference,0.071498,0.005515,3
bleu,145,kl_to_reference,0.075373,0.00045,3
bleu,146,kl_to_reference,0.073963,0.000804,3
bleu,147,kl_to_reference,0.073115,0.002198,3
bleu,148,kl_to_reference,0.073563,0.004001,3
bleu,149,kl_to_reference,0.076743,0.002439,3
bleu,150,kl_to_reference,0.081402,0.001621,3
bleu,151,kl_to_reference,0.07846,0.006763,3
bleu,152,kl_to_reference,0.075463,0.002683,3
bleu,153,kl_to_reference,0.076208,0.002782,3
bleu,154,kl_to_reference,0.076536,0.004968,3
bleu,155,kl_to_reference,0.076914,0.00443,3
bleu,156,kl_to_reference,0.078449,0.006497,3
bleu,157,kl_to_reference,0.081363,0.005824,3
bleu,158,kl_to_reference,0.076272,0.003576,3
bleu,159,kl_to_reference,0.080765,0.000485,3
bleu,160,kl_to_reference,0.078144,0.006067,3
bleu,161,kl_to_reference,0.074921,0.003636,3
bleu,162,kl_to_reference,0.074146,0.006454,3
bleu,163,kl_to_reference,0.08639,0.002647,3
bleu,164,kl_to_reference,0.075664,0.002918,3
bleu,165,kl_to_reference,0.07289,0.004831,3
bleu,166,kl_to_reference,0.076115,0.006799,3
bleu,167,kl_to_reference,0.084234,0.0048,3
bleu,168,kl_to_reference,0.084077,0.006269,3
bleu,169,kl_to_reference,0.081871,0.003183,3
bleu,170,kl_to_reference,0.083468,0.003883,3
bleu,171,kl_to_reference,0.081431,0.005557,3
bleu,172,kl_to_reference,0.08202,0.007078,3
bleu,173,kl_to_reference,0.081163,0.007424,3
bleu,174,kl_to_reference,0.085348,0.007746,3
bleu,175,kl_to_reference,0.077458,0.003004,3
bleu,176,kl_to_reference,0.082674,0.003294,3
bleu,177,kl_to_reference,0.080452,0.005805,3
bleu,178,kl_to_reference,0.084447,0.003214,3
bleu,179,kl_to_reference,0.081187,0.004403,3
bleu,180,kl_to_reference,0.085979,0.006265,3
bleu,181,kl_to_reference,0.078141,0.007034,3
bleu,182,kl_to_reference,0.081273,0.00447,3
bleu,183,kl_to_reference,0.079966,0.006636,3
bleu,184,kl_to_reference,0.077513,0.004989,3
bleu,185,kl_to_reference,0.081367,0.002219,3
bleu,186,kl_to_reference,0.077922,0.000563,3
bleu,187,kl_to_reference,0.076045,0.000877,3
bleu,188,kl_to_reference,0.075056,0.004493,3
bleu,189,kl_to_reference,0.077459,0.001862,3
bleu,190,kl_to_reference,0.077192,0.001529,3
bleu,191,kl_to_reference,0.07604,0.003354,3
bleu,192,kl_to_reference,0.08413,0.004808,3
bleu,193,kl_to_reference,0.075848,0.002418,3
bleu,194,kl_to_reference,0.078433,0.001267,3
bleu,195,kl_to_reference,0.074148,0.003918,3
bleu,196,kl_to_reference,0.079172,0.002562,3
bleu,197,kl_to_reference,0.075954,0.011411,3
bleu,198,kl_to_reference,0.080242,0.003203,3
bleu,199,kl_to_reference,0.082048,0.003754,3
bleu,200,kl_to_reference,0.077785,0.000808,3
bleu,201,kl_to_reference,0.077075,0.003354,3
bleu,202,kl_to_reference,0.077304,0.003403,3
bleu,203,kl_to_reference,0.083425,0.008312,3
bleu,204,kl_to_reference,0.07374,0.009178,3
bleu,205,kl_to_reference,0.083696,0.001184,3
bleu,206,kl_to_reference,0.079443,0.002228,3
bleu,207,kl_to_reference,0.085531,0.006016,3
bleu,208,kl_to_reference,0.086222,0.004259,3
bleu,209,kl_to_reference,0.07844,0.002561,3
bleu,210,kl_to_reference,0.080333,0.003664,3
bleu,211,kl_to_reference,0.081275,0.003822,3
bleu,212,kl_to_reference,0.080788,0.003205,3
bleu,213,kl_to_reference,0.076114,0.002748,3
bleu,214,kl_to_reference,0.076428,0.003837,3
bleu,215,kl_to_reference,0.083858,0.005405,3
bleu,216,kl_to_reference,0.083052,0.005208,3
bleu,217,kl_to_reference,0.086015,0.00399,3
bleu,218,kl_to_reference,0.085985,0.01083,3
bleu,219,kl_to_reference,0.077442,0.008498,3
bleu,220,kl_to_reference,0.081729,0.005791,3
bleu,221,kl_to_reference,0.085017,0.005029,3
bleu,222,kl_to_reference,0.078477,0.002907,3
bleu,223,kl_to_reference,0.079174,0.004303,3
bleu,224,kl_to_reference,0.079645,0.00331,3
bleu,225,kl_to_reference,0.082944,0.001819,3
bleu,226,kl_to_reference,0.08249,0.004803,3
bleu,227,kl_to_reference,0.079241,0.004528,3
bleu,228,kl_to_reference,0.085551,0.004921,3
bleu,229,kl_to_reference,0.083933,0.003109,3
bleu,230,kl_to_reference,0.077775,0.003255,3
bleu,231,kl_to_reference,0.078107,0.001206,3
bleu,232,kl_to_reference,0.083101,0.004869,3
bleu,233,kl_to_reference,0.081018,0.005909,3
bleu,234,kl_to_reference,0.080014,0.002086,3
bleu,235,kl_to_reference,0.087815,0.002136,3
bleu,236,kl_to_reference,0.076284,0.000977,3
bleu,237,kl_to_reference,0.081328,0.008026,3
bleu,238,kl_to_reference,0.080492,0.001928,3
bleu,239,kl_to_reference,0.087086,0.010284,3
bleu,240,kl_to_reference,0.085349,0.010378,3
bleu,241,kl_to_reference,0.082783,0.007379,3
bleu,242,kl_to_reference,0.079618,0.00564,3
bleu,243,kl_to_reference,0.082558,0.001641,3
bleu,244,kl_to_reference,0.082041,0.006411,3
bleu,245,kl_to_reference,0.078995,0.006669,3
bleu,246,kl_to_reference,0.081556,0.001126,3
bleu,247,kl_to_reference,0.084825,0.010739,3
bleu,248,kl_to_reference,0.081583,0.005055,3
bleu,249,kl_to_reference,0.076312,0.005028,3
bleu,250,kl_to_reference,0.077872,0.007469,3
bleu,251,kl_to_reference,0.082407,0.006383,3
bleu,252,kl_to_reference,0.079543,0.002571,3
bleu,253,kl_to_reference,0.081728,0.001188,3
bleu,254,kl_to_reference,0.087098,0.004757,3
bleu,255,kl_to_reference,0.083906,0.0098,3
bleu,256,kl_to_reference,0.085302,0.003579,3
bleu,257,kl_to_reference,0.080941,0.009495,3
bleu,258,kl_to_reference,0.082674,0.001554,3
bleu,259,kl_to_reference,0.090663,0.001958,3
bleu,260,kl_to_reference,0.091264,0.005367,3
bleu,261,kl_to_reference,0.084375,0.003815,3
bleu,262,kl_to_reference,0.08501,0.004255,3
bleu,263,kl_to_reference,0.085615,0.00966,3
bleu,264,kl_to_reference,0.085313,0.006507,3
bleu,265,kl_to_reference,0.088235,0.006597,3
bleu,266,kl_to_reference,0.088791,0.007621,3
bleu,267,kl_to_reference,0.087839,0.004339,3
bleu,268,kl_to_reference,0.09044,0.008673,3
bleu,269,kl_to_reference,0.086522,0.003705,3
bleu,270,kl_to_reference,0.080012,0.003517,3
bleu,271,kl_to_reference,0.084686,0.004015,3
bleu,272,kl_to_reference,0.084581,0.005407,3
bleu,273,kl_to_reference,0.085268,0.005304,3
bleu,274,kl_to_reference,0.085417,0.005098,3
bleu,275,kl_to_reference,0.087675,0.007388,3
bleu,276,kl_to_reference,0.080317,0.003183,3
bleu,277,kl_to_reference,0.086724,0.003321,3
bleu,278,kl_to_reference,0.086302,0.009452,3
bleu,279,kl_to_reference,0.089213,0.002355,3
bleu,280,kl_to_reference,0.085439,0.007509,3
bleu,281,kl_to_reference,0.082608,0.002721,3
bleu,282,kl_to_reference,0.081332,0.004016,3
bleu,283,kl_to_reference,0.081614,0.002417,3
bleu,284,kl_to_reference,0.081432,0.006824,3
bleu,285,kl_to_reference,0.081909,0.005204,3
bleu,286,kl_to_reference,0.080374,0.004429,3
bleu,287,kl_to_reference,0.082423,0.001609,3
bleu,288,kl_to_reference,0.090285,0.002892,3
bleu,289,kl_to_reference,0.082509,0.003397,3
bleu,290,kl_to_reference,0.080449,0.004868,3
bleu,291,kl_to_reference,0.082362,0.00099,3
bleu,292,kl_to_reference,0.085643,0.003608,3
bleu,293,kl_to_reference,0.080551,0.00297,3
bleu,294,kl_to_reference,0.081974,0.000933,3
bleu,295,kl_to_reference,0.086777,0.001523,3
bleu,296,kl_to_reference,0.080516,0.00096,3
bleu,297,kl_to_reference,0.083297,0.002841,3
bleu,298,kl_to_reference,0.085846,0.006637,3
bleu,299,kl_to_reference,0.085407,0.001206,3
bleu,300,kl_to_reference,0.082454,0.006119,3
bleu,301,kl_to_reference,0.085339,0.00447,3
bleu,302,kl_to_reference,0.0815,0.002399,3
bleu,303,kl_to_reference,0.084349,0.002934,3
bleu,304,kl_to_reference,0.089255,0.00732,3
bleu,305,kl_to_reference,0.082842,0.003493,3
bleu,306,kl_to_reference,0.086784,0.004594,3
bleu,307,kl_to_reference,0.084093,0.0038,3
bleu,308,kl_to_reference,0.085232,0.002387,3
bleu,309,kl_to_reference,0.08453,0.001227,3
bleu,310,kl_to_reference,0.086632,0.00428,3
bleu,311,kl_to_reference,0.085,0.004529,3
bleu,312,kl_to_reference,0.083648,0.008448,3
bleu,313,kl_to_reference,0.087128,0.006356,3
bleu,314,kl_to_reference,0.081072,0.001669,3
bleu,315,kl_to_reference,0.081427,0.004068,3
bleu,316,kl_to_reference,0.086599,0.004543,3
bleu,317,kl_to_reference,0.08728,0.001051,3
bleu,318,kl_to_reference,0.083924,0.006608,3
bleu,319,kl_to_reference,0.08069,0.005321,3
bleu,320,kl_to_reference,0.08245,0.006597,3
bleu,321,kl_to_reference,0.086316,0.003657,3
bleu,322,kl_to_reference,0.082265,0.003807,3
bleu,323,kl_to_reference,0.089028,0.002259,3
bleu,324,kl_to_reference,0.089467,0.003129,3
bleu,325,kl_to_reference,0.084307,0.004316,3
bleu,326,kl_to_reference,0.092054,0.007774,3
bleu,327,kl_to_reference,0.088741,0.00319,3
bleu,328,kl_to_reference,0.088809,0.002045,3
bleu,329,kl_to_reference,0.086371,0.007413,3
bleu,330,kl_to_reference,0.083324,0.003907,3
bleu,331,kl_to_reference,0.086745,0.011508,3
bleu,332,kl_to_reference,0.087198,0.0031,3
bleu,333,kl_to_reference,0.086046,0.006647,3
bleu,334,kl_to_reference,0.089368,0.003171,3
bleu,335,kl_to_reference,0.080992,0.004539,3
bleu,336,kl_to_reference,0.088892,0.002029,3
bleu,337,kl_to_reference,0.087911,0.006994,3
bleu,338,kl_to_reference,0.087838,0.007822,3
bleu,339,kl_to_reference,0.083598,0.003601,3
bleu,340,kl_to_reference,0.093343,0.006937,3
bleu,341,kl_to_reference,0.09198,0.002588,3
bleu,342,kl_to_reference,0.086639,0.002422,3
bleu,343,kl_to_reference,0.09772,0.001741,3
bleu,344,kl_to_reference,0.089592,0.001022,3
bleu,345,kl_to_reference,0.092074,0.005112,3
bleu,346,kl_to_reference,0.084879,0.001156,3
bleu,347,kl_to_reference,0.088172,0.001291,3
bleu,348,kl_to_reference,0.090131,0.005325,3
bleu,349,kl_to_reference,0.096398,0.005064,3
bleu,350,kl_to_reference,0.093989,0.001148,3
bleu,351,kl_to_reference,0.082562,0.007416,3
bleu,352,kl_to_reference,0.092805,0.00407,3
bleu,353,kl_to_reference,0.096878,0.006488,3
bleu,354,kl_to_reference,0.08403,0.008716,3
bleu,355,kl_to_reference,0.088484,0.001356,3
bleu,356,kl_to_reference,0.086097,0.00588,3
bleu,357,kl_to_reference,0.08502,0.004875,3
bleu,358,kl_to_reference,0.08276,0.005416,3
bleu,359,kl_to_reference,0.082656,0.008626,3
bleu,360,kl_to_reference,0.085308,0.00737,3
bleu,361,kl_to_reference,0.08044,0.006858,3
bleu,362,kl_to_reference,0.086743,0.007937,3
bleu,363,kl_to_reference,0.086791,0.006948,3
bleu,364,kl_to_reference,0.08832,0.002918,3
bleu,365,kl_to_reference,0.079132,0.000414,3
bleu,366,kl_to_reference,0.084774,0.005341,3
bleu,367,kl_to_reference,0.084023,0.000338,3
bleu,368,kl_to_reference,0.086029,0.003162,3
bleu,369,kl_to_reference,0.088092,0.004197,3
bleu,370,kl_to_reference,0.091188,0.002321,3
bleu,371,kl_to_reference,0.086586,0.002645,3
bleu,372,kl_to_reference,0.082802,0.0046,3
bleu,373,kl_to_reference,0.084624,0.004345,3
bleu,374,kl_to_reference,0.082844,0.000474,3
bleu,375,kl_to_reference,0.085419,0.008315,3
bleu,376,kl_to_reference,0.083649,0.003685,3
bleu,377,kl_to_reference,0.091365,0.003156,3
bleu,378,kl_to_reference,0.084102,0.005656,3
bleu,379,kl_to_reference,0.093737,0.004018,3
bleu,380,kl_to_reference,0.088073,0.004475,3
bleu,381,kl_to_reference,0.094465,0.00999,3
bleu,382,kl_to_reference,0.092185,0.004198,3
bleu,383,kl_to_reference,0.089442,0.00322,3
bleu,384,kl_to_reference,0.091514,0.003762,3
bleu,385,kl_to_reference,0.0853,0.004178,3
bleu,386,kl_to_reference,0.086658,0.000992,3
bleu,387,kl_to_reference,0.083464,0.004644,3
bleu,388,kl_to_reference,0.091092,0.00474,3
bleu,389,kl_to_reference,0.088045,0.003415,3
bleu,390,kl_to_reference,0.089899,0.003959,3
bleu,391,kl_to_reference,0.091405,0.005369,3
bleu,392,kl_to_reference,0.087783,0.005331,3
bleu,393,kl_to_reference,0.091297,0.005881,3
bleu,394,kl_to_reference,0.09295,0.008651,3
bleu,395,kl_to_reference,0.085414,0.003131,3
bleu,396,kl_to_reference,0.087005,0.002112,3
bleu,397,kl_to_reference,0.088296,0.002768,3
bleu,398,kl_to_reference,0.087807,0.004904,3
bleu,399,kl_to_reference,0.094015,0.003696,3
bleu,400,kl_to_reference,0.085895,0.003348,3
bleu,401,kl_to_reference,0.088159,0.007183,3
bleu,402,kl_to_reference,0.091281,0.002175,3
bleu,403,kl_to_reference,0.09443,0.002175,3
bleu,404,kl_to_reference,0.092427,0.004361,3
bleu,405,kl_to_reference,0.086768,0.006113,3
bleu,406,kl_to_reference,0.090252,0.004017,3
bleu,407,kl_to_reference,0.084953,0.000944,3
bleu,408,kl_to_reference,0.089964,0.006799,3
bleu,409,kl_to_reference,0.080109,0.004724,3
bleu,410,kl_to_reference,0.081864,0.006867,3
bleu,411,kl_to_reference,0.089771,0.002878,3
bleu,412,kl_to_reference,0.082702,0.006025,3
bleu,413,kl_to_reference,0.081986,0.008063,3
bleu,414,kl_to_reference,0.08768,0.008826,3
bleu,415,kl_to_reference,0.087658,0.010307,3
bleu,416,kl_to_reference,0.088033,0.003112,3
bleu,417,kl_to_reference,0.086479,0.00268,3
bleu,418,kl_to_reference,0.095536,0.003156,3
bleu,419,kl_to_reference,0.090095,0.001505,3
bleu,420,kl_to_reference,0.087164,0.003052,3
bleu,421,kl_to_reference,0.097164,0.00117,3
bleu,422,kl_to_reference,0.09105,0.006487,3
bleu,423,kl_to_reference,0.089098,0.005743,3
bleu,424,kl_to_reference,0.09362,0.008758,3
bleu,425,kl_to_reference,0.088239,0.008494,3
bleu,426,kl_to_reference,0.086672,0.009741,3
bleu,427,kl_to_reference,0.089651,0.009091,3
bleu,428,kl_to_reference,0.091737,0.004415,3
bleu,429,kl_to_reference,0.084785,0.005226,3
bleu,430,kl_to_reference,0.08458,0.005394,3
bleu,431,kl_to_reference,0.085796,0.002565,3
bleu,432,kl_to_reference,0.090604,0.005815,3
bleu,433,kl_to_reference,0.094085,0.006194,3
bleu,434,kl_to_reference,0.09055,0.004518,3
bleu,435,kl_to_reference,0.09333,0.004695,3
bleu,436,kl_to_reference,0.096516,0.005012,3
bleu,437,kl_to_reference,0.087573,0.003847,3
bleu,438,kl_to_reference,0.089807,0.010052,3
bleu,439,kl_to_reference,0.093509,0.008887,3
bleu,440,kl_to_reference,0.093592,0.002403,3
bleu,441,kl_to_reference,0.093646,0.005942,3
bleu,442,kl_to_reference,0.089046,0.006342,3
bleu,443,kl_to_reference,0.09093,0.003551,3
bleu,444,kl_to_reference,0.092327,0.009303,3
bleu,445,kl_to_reference,0.100797,0.003745,3
bleu,446,kl_to_reference,0.093646,0.005615,3
bleu,447,kl_to_reference,0.08926,0.002668,3
bleu,448,kl_to_reference,0.090849,0.003745,3
bleu,449,kl_to_reference,0.088694,0.001072,3
bleu,450,kl_to_reference,0.087233,0.00727,3
bleu,451,kl_to_reference,0.090068,0.004335,3
bleu,452,kl_to_reference,0.087622,0.001094,3
bleu,453,kl_to_reference,0.091904,0.00246,3
bleu,454,kl_to_reference,0.090443,0.007647,3
bleu,455,kl_to_reference,0.088176,0.000498,3
bleu,456,kl_to_reference,0.092716,0.002698,3
bleu,457,kl_to_reference,0.092507,0.002485,3
bleu,458,kl_to_reference,0.095023,0.003957,3
bleu,459,kl_to_reference,0.094803,0.002883,3
bleu,460,kl_to_reference,0.090393,0.001138,3
bleu,461,kl_to_reference,0.09163,0.003013,3
bleu,462,kl_to_reference,0.090478,0.006582,3
bleu,463,kl_to_reference,0.095927,0.004051,3
bleu,464,kl_to_reference,0.099163,0.00342,3
bleu,465,kl_to_reference,0.09944,0.004898,3
bleu,466,kl_to_reference,0.089319,0.006433,3
bleu,467,kl_to_reference,0.088151,0.001113,3
bleu,468,kl_to_reference,0.09449,0.006256,3
bleu,469,kl_to_reference,0.093946,0.002409,3
bleu,470,kl_to_reference,0.09328,0.00063,3
bleu,471,kl_to_reference,0.089311,0.004203,3
bleu,472,kl_to_reference,0.092005,0.00814,3
bleu,473,kl_to_reference,0.093664,0.00472,3
bleu,474,kl_to_reference,0.094602,0.000101,3
bleu,475,kl_to_reference,0.095628,0.002802,3
bleu,476,kl_to_reference,0.08877,0.003892,3
bleu,477,kl_to_reference,0.097041,0.007356,3
bleu,478,kl_to_reference,0.093036,0.005553,3
bleu,479,kl_to_reference,0.091962,0.002458,3
bleu,480,kl_to_reference,0.088147,0.002147,3
bleu,481,kl_to_reference,0.097839,0.005211,3
bleu,482,kl_to_reference,0.097904,0.004798,3
bleu,483,kl_to_reference,0.100155,0.004573,3
bleu,484,kl_to_reference,0.092886,0.006878,3
bleu,485,kl_to_reference,0.093219,0.009738,3
bleu,486,kl_to_reference,0.093129,0.008068,3
bleu,487,kl_to_reference,0.094402,0.007656,3
bleu,488,kl_to_reference,0.094064,0.000755,3
bleu,489,kl_to_reference,0.092607,0.002038,3
bleu,490,kl_to_reference,0.094623,0.001697,3
bleu,491,kl_to_reference,0.093169,0.003774,3
bleu,492,kl_to_reference,0.096054,0.004181,3
bleu,493,kl_to_reference,0.088586,0.001899,3
bleu,494,kl_to_reference,0.08971,0.004209,3
bleu,495,kl_to_reference,0.091308,0.002164,3
bleu,496,kl_to_reference,0.098263,0.003437,3
bleu,497,kl_to_reference,0.090291,0.002262,3
bleu,498,kl_to_reference,0.093072,0.003995,3
bleu,499,kl_to_reference,0.096477,0.001777,3
bleu,500,kl_to_reference,0.0908,0.002585,3
bleu,501,kl_to_reference,0.095312,0.005158,3
bleu,502,kl_to_reference,0.087436,0.005702,3
bleu,503,kl_to_reference,0.091207,0.001858,3
bleu,504,kl_to_reference,0.088206,0.003446,3
bleu,505,kl_to_reference,0.087074,0.003704,3
bleu,506,kl_to_reference,0.092537,0.003066,3
bleu,507,kl_to_reference,0.088028,0.002526,3
bleu,508,kl_to_reference,0.086986,0.004425,3
bleu,509,kl_to_reference,0.095145,0.013878,3
bleu,510,kl_to_reference,0.096087,0.004776,3
bleu,511,kl_to_reference,0.090052,0.002766,3
bleu,512,kl_to_reference,0.09663,0.00237,3
bleu,513,kl_to_reference,0.101904,0.008658,3
bleu,514,kl_to_reference,0.096166,0.010489,3
bleu,515,kl_to_reference,0.095384,0.007714,3
bleu,516,kl_to_reference,0.093469,0.011806,3
bleu,517,kl_to_reference,0.096708,0.007179,3
bleu,518,kl_to_reference,0.100572,0.006908,3
bleu,519,kl_to_reference,0.089783,0.002787,3
bleu,520,kl_to_reference,0.098145,0.008717,3
bleu,521,kl_to_reference,0.098602,0.002645,3
bleu,522,kl_to_reference,0.100352,0.012045,3
bleu,523,kl_to_reference,0.096881,0.009736,3
bleu,524,kl_to_reference,0.096592,0.004284,3
bleu,525,kl_to_reference,0.099403,0.004006,3
bleu,526,kl_to_reference,0.098506,0.006353,3
bleu,527,kl_to_reference,0.099531,0.000458,3
bleu,528,kl_to_reference,0.098321,0.006792,3
bleu,529,kl_to_reference,0.094254,0.006492,3
bleu,530,kl_to_reference,0.095245,0.003903,3
bleu,531,kl_to_reference,0.097387,0.003654,3
bleu,532,kl_to_reference,0.092826,0.011244,3
bleu,533,kl_to_reference,0.094197,0.00802,3
bleu,534,kl_to_reference,0.100622,0.00932,3
bleu,535,kl_to_reference,0.095085,0.004981,3
bleu,536,kl_to_reference,0.103021,0.00712,3
bleu,537,kl_to_reference,0.092374,0.005565,3
bleu,538,kl_to_reference,0.095456,0.005194,3
bleu,539,kl_to_reference,0.095035,0.004944,3
bleu,540,kl_to_reference,0.095446,0.002429,3
bleu,541,kl_to_reference,0.098488,0.007858,3
bleu,542,kl_to_reference,0.094314,0.004032,3
bleu,543,kl_to_reference,0.102433,0.002917,3
bleu,544,kl_to_reference,0.101918,0.006383,3
bleu,545,kl_to_reference,0.095688,0.005975,3
bleu,546,kl_to_reference,0.090079,0.001989,3
bleu,547,kl_to_reference,0.099197,0.004248,3
bleu,548,kl_to_reference,0.10606,0.007648,3
bleu,549,kl_to_reference,0.102765,0.005348,3
bleu,550,kl_to_reference,0.102457,0.004886,3
bleu,551,kl_to_reference,0.095175,0.006077,3
bleu,552,kl_to_reference,0.097954,0.011573,3
bleu,553,kl_to_reference,0.101838,0.005179,3
bleu,554,kl_to_reference,0.096262,0.005371,3
bleu,555,kl_to_reference,0.098764,0.001378,3
bleu,556,kl_to_reference,0.093875,0.005894,3
bleu,557,kl_to_reference,0.09952,0.006349,3
bleu,558,kl_to_reference,0.096692,0.008676,3
bleu,559,kl_to_reference,0.09593,0.004682,3
bleu,560,kl_to_reference,0.093005,0.006377,3
bleu,561,kl_to_reference,0.096765,0.002777,3
bleu,562,kl_to_reference,0.100412,0.005229,3
bleu,563,kl_to_reference,0.09677,0.005619,3
bleu,564,kl_to_reference,0.099434,0.003303,3
bleu,565,kl_to_reference,0.091695,0.008772,3
bleu,566,kl_to_reference,0.095966,0.007394,3
bleu,567,kl_to_reference,0.095925,0.005821,3
bleu,568,kl_to_reference,0.091451,0.003554,3
bleu,569,kl_to_reference,0.096006,0.002658,3
bleu,570,kl_to_reference,0.094322,0.008473,3
bleu,571,kl_to_reference,0.092849,0.005655,3
bleu,572,kl_to_reference,0.090017,0.000656,3
bleu,573,kl_to_reference,0.093545,0.005026,3
bleu,574,kl_to_reference,0.096356,0.007778,3
bleu,575,kl_to_reference,0.097712,0.005646,3
bleu,576,kl_to_reference,0.092599,0.005246,3
bleu,577,kl_to_reference,0.096612,0.002555,3
bleu,578,kl_to_reference,0.099213,0.007849,3
bleu,579,kl_to_reference,0.089052,0.003174,3
bleu,580,kl_to_reference,0.093156,0.001849,3
bleu,581,kl_to_reference,0.09776,0.001774,3
bleu,582,kl_to_reference,0.099127,0.000483,3
bleu,583,kl_to_reference,0.101555,0.010316,3
bleu,584,kl_to_reference,0.093912,0.001771,3
bleu,585,kl_to_reference,0.094953,0.004175,3
bleu,586,kl_to_reference,0.102926,0.004189,3
bleu,587,kl_to_reference,0.095309,0.001417,3
bleu,588,kl_to_reference,0.102751,0.002901,3
bleu,589,kl_to_reference,0.10449,0.003059,3
bleu,590,kl_to_reference,0.098228,0.008205,3
bleu,591,kl_to_reference,0.101079,0.002339,3
bleu,592,kl_to_reference,0.094189,0.002561,3
bleu,593,kl_to_reference,0.092966,0.006447,3
bleu,594,kl_to_reference,0.101129,0.004685,3
bleu,595,kl_to_reference,0.094965,0.002802,3
bleu,596,kl_to_reference,0.105626,0.006538,3
bleu,597,kl_to_reference,0.095773,0.007271,3
bleu,598,kl_to_reference,0.101642,0.002384,3
bleu,599,kl_to_reference,0.101645,0.007478,3
bleu,600,kl_to_reference,0.101281,0.003759,3
bleu,601,kl_to_reference,0.102844,0.005996,3
bleu,602,kl_to_reference,0.097584,0.001261,3
bleu,603,kl_to_reference,0.094551,0.005898,3
bleu,604,kl_to_reference,0.094183,0.002055,3
bleu,605,kl_to_reference,0.096132,0.004319,3
bleu,606,kl_to_reference,0.096961,0.000731,3
bleu,607,kl_to_reference,0.095754,0.00181,3
bleu,608,kl_to_reference,0.097572,0.000995,3
bleu,609,kl_to_reference,0.100103,0.00483,3
bleu,610,kl_to_reference,0.097083,0.00255,3
bleu,611,kl_to_reference,0.098892,0.002127,3
bleu,612,kl_to_reference,0.10043,0.003116,3
bleu,613,kl_to_reference,0.103373,0.006299,3
bleu,614,kl_to_reference,0.105216,0.001462,3
bleu,615,kl_to_reference,0.094895,0.003138,3
bleu,616,kl_to_reference,0.08968,0.001032,3
bleu,617,kl_to_reference,0.096604,0.004982,3
bleu,618,kl_to_reference,0.099734,0.009064,3
bleu,619,kl_to_reference,0.094037,0.003999,3
bleu,620,kl_to_reference,0.099212,0.001631,3
bleu,621,kl_to_reference,0.102986,0.004568,3
bleu,622,kl_to_reference,0.10209,0.004367,3
bleu,623,kl_to_reference,0.095049,0.008542,3
bleu,624,kl_to_reference,0.102935,0.007432,3
bleu,625,kl_to_reference,0.099744,0.003592,3
bleu,626,kl_to_reference,0.091441,0.007153,3
bleu,627,kl_to_reference,0.092748,0.001799,3
bleu,628,kl_to_reference,0.101262,0.004069,3
bleu,629,kl_to_reference,0.095489,0.011152,3
bleu,630,kl_to_reference,0.089849,0.002,3
bleu,631,kl_to_reference,0.098288,0.005887,3
bleu,632,kl_to_reference,0.098909,0.009241,3
bleu,633,kl_to_reference,0.093171,0.007833,3
bleu,634,kl_to_reference,0.097763,0.009584,3
bleu,635,kl_to_reference,0.095079,0.012365,3
bleu,636,kl_to_reference,0.089725,0.005532,3
bleu,637,kl_to_reference,0.094831,0.005974,3
bleu,638,kl_to_reference,0.093581,0.008665,3
bleu,639,kl_to_reference,0.095658,0.00254,3
bleu,640,kl_to_reference,0.091614,0.008576,3
bleu,641,kl_to_reference,0.103623,0.003417,3
bleu,642,kl_to_reference,0.095801,0.003677,3
bleu,643,kl_to_reference,0.092924,0.004624,3
bleu,644,kl_to_reference,0.101565,0.002485,3
bleu,645,kl_to_reference,0.094452,0.002726,3
bleu,646,kl_to_reference,0.10075,0.008085,3
bleu,647,kl_to_reference,0.098178,0.006499,3
bleu,648,kl_to_reference,0.097339,0.001141,3
bleu,649,kl_to_reference,0.094522,0.003365,3
bleu,650,kl_to_reference,0.097203,0.001779,3
bleu,651,kl_to_reference,0.098301,0.007482,3
bleu,652,kl_to_reference,0.099267,0.005196,3
bleu,653,kl_to_reference,0.09948,0.005979,3
bleu,654,kl_to_reference,0.095361,0.004464,3
bleu,655,kl_to_reference,0.096958,0.005679,3
bleu,656,kl_to_reference,0.102415,0.002369,3
bleu,657,kl_to_reference,0.108168,0.003872,3
bleu,658,kl_to_reference,0.106878,0.003135,3
bleu,659,kl_to_reference,0.099334,0.000729,3
bleu,660,kl_to_reference,0.095204,0.000891,3
bleu,661,kl_to_reference,0.098085,0.003606,3
bleu,662,kl_to_reference,0.098353,0.002157,3
bleu,663,kl_to_reference,0.098462,0.003089,3
bleu,664,kl_to_reference,0.096103,0.00619,3
bleu,665,kl_to_reference,0.095074,0.009359,3
bleu,666,kl_to_reference,0.097547,0.003946,3
bleu,667,kl_to_reference,0.098922,0.006171,3
bleu,668,kl_to_reference,0.097055,0.002026,3
bleu,669,kl_to_reference,0.096876,0.002503,3
bleu,670,kl_to_reference,0.096519,0.005404,3
bleu,671,kl_to_reference,0.098629,0.002576,3
bleu,672,kl_to_reference,0.098356,0.006648,3
bleu,673,kl_to_reference,0.10786,0.004022,3
bleu,674,kl_to_reference,0.10594,0.001323,3
bleu,675,kl_to_reference,0.103392,0.003282,3
bleu,676,kl_to_reference,0.104627,0.009549,3
bleu,677,kl_to_reference,0.103289,0.003271,3
bleu,678,kl_to_reference,0.099998,0.007192,3
bleu,679,kl_to_reference,0.10136,0.006867,3
bleu,680,kl_to_reference,0.101897,0.01083,3
bleu,681,kl_to_reference,0.100733,0.01186,3
bleu,682,kl_to_reference,0.095512,0.002353,3
bleu,683,kl_to_reference,0.101342,0.005261,3
bleu,684,kl_to_reference,0.099308,0.000717,3
bleu,685,kl_to_reference,0.10002,0.004725,3
bleu,686,kl_to_reference,0.099337,0.004231,3
bleu,687,kl_to_reference,0.100565,0.002008,3
bleu,688,kl_to_reference,0.096943,0.006892,3
bleu,689,kl_to_reference,0.092512,0.003228,3
bleu,690,kl_to_reference,0.103347,0.007848,3
bleu,691,kl_to_reference,0.099646,0.005127,3
bleu,692,kl_to_reference,0.095486,0.006766,3
bleu,693,kl_to_reference,0.09512,0.006227,3
bleu,694,kl_to_reference,0.097993,0.006718,3
bleu,695,kl_to_reference,0.098357,0.001495,3
bleu,696,kl_to_reference,0.102106,0.005471,3
bleu,697,kl_to_reference,0.101569,0.011614,3
bleu,698,kl_to_reference,0.104214,0.003779,3
bleu,699,kl_to_reference,0.099873,0.001149,3
bleu,700,kl_to_reference,0.101299,0.002051,3
bleu,701,kl_to_reference,0.10389,0.010478,3
bleu,702,kl_to_reference,0.098459,0.012918,3
bleu,703,kl_to_reference,0.111271,0.013735,3
bleu,704,kl_to_reference,0.099562,0.009474,3
bleu,705,kl_to_reference,0.102321,0.012906,3
bleu,706,kl_to_reference,0.104765,0.003212,3
bleu,707,kl_to_reference,0.106435,0.00294,3
bleu,708,kl_to_reference,0.107061,0.007697,3
bleu,709,kl_to_reference,0.095398,0.001243,3
bleu,710,kl_to_reference,0.092454,0.004898,3
bleu,711,kl_to_reference,0.095525,0.002442,3
bleu,712,kl_to_reference,0.104984,0.004274,3
bleu,713,kl_to_reference,0.094094,0.008152,3
bleu,714,kl_to_reference,0.09726,0.00824,3
bleu,715,kl_to_reference,0.103182,0.006634,3
bleu,716,kl_to_reference,0.093688,0.002418,3
bleu,717,kl_to_reference,0.100841,0.009225,3
bleu,718,kl_to_reference,0.105033,0.001153,3
bleu,719,kl_to_reference,0.096581,0.002498,3
bleu,720,kl_to_reference,0.102869,0.003231,3
bleu,721,kl_to_reference,0.103494,0.009999,3
bleu,722,kl_to_reference,0.099707,0.00837,3
bleu,723,kl_to_reference,0.103504,0.002245,3
bleu,724,kl_to_reference,0.095318,0.00314,3
bleu,725,kl_to_reference,0.104127,0.001657,3
bleu,726,kl_to_reference,0.101176,0.002418,3
bleu,727,kl_to_reference,0.102642,0.004735,3
bleu,728,kl_to_reference,0.102205,0.005734,3
bleu,729,kl_to_reference,0.100439,0.001709,3
bleu,730,kl_to_reference,0.0982,0.007007,3
bleu,731,kl_to_reference,0.09444,0.004952,3
bleu,732,kl_to_reference,0.097658,0.002525,3
bleu,733,kl_to_reference,0.106115,0.0076,3
bleu,734,kl_to_reference,0.100389,0.004551,3
bleu,735,kl_to_reference,0.095975,0.002299,3
bleu,736,kl_to_reference,0.101039,0.006576,3
bleu,737,kl_to_reference,0.106371,0.006675,3
bleu,738,kl_to_reference,0.109799,0.00595,3
bleu,739,kl_to_reference,0.098549,0.004341,3
bleu,740,kl_to_reference,0.100456,0.003785,3
bleu,741,kl_to_reference,0.105096,0.001729,3
bleu,742,kl_to_reference,0.096585,0.003208,3
bleu,743,kl_to_reference,0.097588,0.004395,3
bleu,744,kl_to_reference,0.100144,0.003124,3
bleu,745,kl_to_reference,0.097527,0.004036,3
bleu,746,kl_to_reference,0.102385,0.002,3
bleu,747,kl_to_reference,0.108567,0.003059,3
bleu,748,kl_to_reference,0.102609,0.007448,3
bleu,749,kl_to_reference,0.100565,0.006189,3
bleu,750,kl_to_reference,0.098803,0.004656,3
bleu,751,kl_to_reference,0.102551,0.003552,3
bleu,752,kl_to_reference,0.100554,0.005663,3
bleu,753,kl_to_reference,0.107345,0.006811,3
bleu,754,kl_to_reference,0.097994,0.002272,3
bleu,755,kl_to_reference,0.098422,0.007203,3
bleu,756,kl_to_reference,0.10372,0.001388,3
bleu,757,kl_to_reference,0.101249,0.007915,3
bleu,758,kl_to_reference,0.097805,0.004,3
bleu,759,kl_to_reference,0.112182,0.006321,3
bleu,760,kl_to_reference,0.105428,0.005552,3
bleu,761,kl_to_reference,0.094856,0.006579,3
bleu,762,kl_to_reference,0.100491,0.005143,3
bleu,763,kl_to_reference,0.097885,0.005134,3
bleu,764,kl_to_reference,0.098439,0.006436,3
bleu,765,kl_to_reference,0.094449,0.002458,3
bleu,766,kl_to_reference,0.094497,0.00778,3
bleu,767,kl_to_reference,0.098242,0.002075,3
bleu,768,kl_to_reference,0.098247,0.0057,3
bleu,769,kl_to_reference,0.104913,0.006621,3
bleu,770,kl_to_reference,0.104156,0.005611,3
bleu,771,kl_to_reference,0.101822,0.004426,3
bleu,772,kl_to_reference,0.101518,0.009161,3
bleu,773,kl_to_reference,0.098559,0.006309,3
bleu,774,kl_to_reference,0.095003,0.004149,3
bleu,775,kl_to_reference,0.099164,0.005795,3
bleu,776,kl_to_reference,0.105916,0.003804,3
bleu,777,kl_to_reference,0.101018,0.004459,3
bleu,778,kl_to_reference,0.104131,0.00297,3
bleu,779,kl_to_reference,0.09522,0.004412,3
bleu,780,kl_to_reference,0.098305,0.002201,3
bleu,781,kl_to_reference,0.099128,0.004303,3
bleu,782,kl_to_reference,0.096146,0.006106,3
bleu,783,kl_to_reference,0.096121,0.003544,3
bleu,784,kl_to_reference,0.09897,0.006914,3
bleu,785,kl_to_reference,0.101331,0.004646,3
bleu,786,kl_to_reference,0.096951,0.000982,3
bleu,787,kl_to_reference,0.097911,0.009334,3
bleu,788,kl_to_reference,0.103121,0.003757,3
bleu,789,kl_to_reference,0.098035,0.000456,3
bleu,790,kl_to_reference,0.097456,0.001751,3
bleu,791,kl_to_reference,0.097882,0.00566,3
bleu,792,kl_to_reference,0.101412,0.004524,3
bleu,793,kl_to_reference,0.099429,0.005842,3
bleu,794,kl_to_reference,0.098527,0.001132,3
bleu,795,kl_to_reference,0.097931,0.003576,3
bleu,796,kl_to_reference,0.097039,0.005415,3
bleu,797,kl_to_reference,0.095683,0.001251,3
bleu,798,kl_to_reference,0.104278,0.00226,3
bleu,799,kl_to_reference,0.104548,0.007748,3
bleu,800,kl_to_reference,0.10267,0.004902,3
bleu,801,kl_to_reference,0.096419,0.00546,3
bleu,802,kl_to_reference,0.101334,0.002273,3
bleu,803,kl_to_reference,0.100678,0.001762,3
bleu,804,kl_to_reference,0.102669,0.010779,3
bleu,805,kl_to_reference,0.102475,0.007608,3
bleu,806,kl_to_reference,0.103274,0.005678,3
bleu,807,kl_to_reference,0.099764,0.0013,3
bleu,808,kl_to_reference,0.100463,0.006685,3
bleu,809,kl_to_reference,0.101388,0.006132,3
bleu,810,kl_to_reference,0.100263,0.009754,3
bleu,811,kl_to_reference,0.107689,0.008619,3
bleu,812,kl_to_reference,0.102729,0.013603,3
bleu,813,kl_to_reference,0.108063,0.003125,3
bleu,814,kl_to_reference,0.103194,0.002686,3
bleu,815,kl_to_reference,0.105262,0.007641,3
bleu,816,kl_to_reference,0.109588,0.015343,3
bleu,817,kl_to_reference,0.103471,0.009837,3
bleu,818,kl_to_reference,0.096124,0.008492,3
bleu,819,kl_to_reference,0.10434,0.007942,3
bleu,820,kl_to_reference,0.101252,0.005659,3
bleu,821,kl_to_reference,0.098451,0.008346,3
bleu,822,kl_to_reference,0.105147,0.00224,3
bleu,823,kl_to_reference,0.104291,0.010741,3
bleu,824,kl_to_reference,0.099886,0.012291,3
bleu,825,kl_to_reference,0.107856,0.011115,3
bleu,826,kl_to_reference,0.100916,0.010865,3
bleu,827,kl_to_reference,0.103898,0.00769,3
bleu,828,kl_to_reference,0.108631,0.005685,3
bleu,829,kl_to_reference,0.099476,0.008862,3
bleu,830,kl_to_reference,0.101678,0.009129,3
bleu,831,kl_to_reference,0.09887,0.00283,3
bleu,832,kl_to_reference,0.103221,0.002261,3
bleu,833,kl_to_reference,0.096391,0.002674,3
bleu,834,kl_to_reference,0.101199,0.007747,3
bleu,835,kl_to_reference,0.103967,0.006677,3
bleu,836,kl_to_reference,0.107691,0.00604,3
bleu,837,kl_to_reference,0.110735,0.009856,3
bleu,838,kl_to_reference,0.105203,0.004718,3
bleu,839,kl_to_reference,0.103119,0.008738,3
bleu,840,kl_to_reference,0.103464,0.007499,3
bleu,841,kl_to_reference,0.098412,0.002714,3
bleu,842,kl_to_reference,0.095665,0.003134,3
bleu,843,kl_to_reference,0.100767,0.004634,3
bleu,844,kl_to_reference,0.100004,0.008856,3
bleu,845,kl_to_reference,0.11121,0.004609,3
bleu,846,kl_to_reference,0.102432,0.0009,3
bleu,847,kl_to_reference,0.10265,0.005997,3
bleu,848,kl_to_reference,0.109932,0.006159,3
bleu,849,kl_to_reference,0.104602,0.006957,3
bleu,850,kl_to_reference,0.097758,0.011468,3
bleu,851,kl_to_reference,0.10056,0.00749,3
bleu,852,kl_to_reference,0.101301,0.004461,3
bleu,853,kl_to_reference,0.105336,0.002536,3
bleu,854,kl_to_reference,0.101624,0.003605,3
bleu,855,kl_to_reference,0.103798,0.004656,3
bleu,856,kl_to_reference,0.10421,0.00685,3
bleu,857,kl_to_reference,0.098273,0.003012,3
bleu,858,kl_to_reference,0.105322,0.003121,3
bleu,859,kl_to_reference,0.097759,0.0071,3
bleu,860,kl_to_reference,0.096856,0.007275,3
bleu,861,kl_to_reference,0.098065,0.003946,3
bleu,862,kl_to_reference,0.103254,0.003966,3
bleu,863,kl_to_reference,0.101317,0.007816,3
bleu,864,kl_to_reference,0.105916,0.009541,3
bleu,865,kl_to_reference,0.10091,0.002975,3
bleu,866,kl_to_reference,0.104946,0.006333,3
bleu,867,kl_to_reference,0.102707,0.001829,3
bleu,868,kl_to_reference,0.107324,0.006072,3
bleu,869,kl_to_reference,0.113171,0.009968,3
bleu,870,kl_to_reference,0.105787,0.005859,3
bleu,871,kl_to_reference,0.09981,0.004081,3
bleu,872,kl_to_reference,0.099623,0.0043,3
bleu,873,kl_to_reference,0.096778,0.00426,3
bleu,874,kl_to_reference,0.103644,0.003986,3
bleu,875,kl_to_reference,0.106572,0.007736,3
bleu,876,kl_to_reference,0.101306,0.000878,3
bleu,877,kl_to_reference,0.107125,0.003646,3
bleu,878,kl_to_reference,0.106075,0.000884,3
bleu,879,kl_to_reference,0.106376,0.013592,3
bleu,880,kl_to_reference,0.115355,0.006628,3
bleu,881,kl_to_reference,0.103688,0.005754,3
bleu,882,kl_to_reference,0.100638,0.005132,3
bleu,883,kl_to_reference,0.099491,0.006372,3
bleu,884,kl_to_reference,0.101617,0.003267,3
bleu,885,kl_to_reference,0.102315,0.005295,3
bleu,886,kl_to_reference,0.112096,0.009126,3
bleu,887,kl_to_reference,0.100837,0.003814,3
bleu,888,kl_to_reference,0.101882,0.003147,3
bleu,889,kl_to_reference,0.097386,0.007066,3
bleu,890,kl_to_reference,0.103391,0.007665,3
bleu,891,kl_to_reference,0.101149,0.009349,3
bleu,892,kl_to_reference,0.102549,0.004054,3
bleu,893,kl_to_reference,0.102263,0.008164,3
bleu,894,kl_to_reference,0.106288,0.003779,3
bleu,895,kl_to_reference,0.100926,0.000572,3
bleu,896,kl_to_reference,0.100026,0.00524,3
bleu,897,kl_to_reference,0.106338,0.004535,3
bleu,898,kl_to_reference,0.097274,0.002242,3
bleu,899,kl_to_reference,0.100957,0.006216,3
bleu,900,kl_to_reference,0.102343,0.008358,3
bleu,901,kl_to_reference,0.110309,0.007364,3
bleu,902,kl_to_reference,0.104854,0.005235,3
bleu,903,kl_to_reference,0.102063,0.005231,3
bleu,904,kl_to_reference,0.103174,0.006838,3
bleu,905,kl_to_reference,0.110193,0.005567,3
bleu,906,kl_to_reference,0.1081,0.01009,3
bleu,907,kl_to_reference,0.107096,0.002423,3
bleu,908,kl_to_reference,0.102304,0.005503,3
bleu,909,kl_to_reference,0.10295,0.015438,3
bleu,910,kl_to_reference,0.108079,0.010199,3
bleu,911,kl_to_reference,0.108349,0.002941,3
bleu,912,kl_to_reference,0.105643,0.002833,3
bleu,913,kl_to_reference,0.107705,0.009389,3
bleu,914,kl_to_reference,0.11178,0.009366,3
bleu,915,kl_to_reference,0.111894,0.006887,3
bleu,916,kl_to_reference,0.108032,0.008254,3
bleu,917,kl_to_reference,0.101643,0.000987,3
bleu,918,kl_to_reference,0.10656,0.010969,3
bleu,919,kl_to_reference,0.103218,0.002177,3
bleu,920,kl_to_reference,0.106702,0.004968,3
bleu,921,kl_to_reference,0.105678,0.006844,3
bleu,922,kl_to_reference,0.106481,0.007654,3
bleu,923,kl_to_reference,0.107813,0.009165,3
bleu,924,kl_to_reference,0.112315,0.013257,3
bleu,925,kl_to_reference,0.108047,0.009231,3
bleu,926,kl_to_reference,0.106828,0.011901,3
bleu,927,kl_to_reference,0.106532,0.007712,3
bleu,928,kl_to_reference,0.108096,0.001263,3
bleu,929,kl_to_reference,0.108955,0.008171,3
bleu,930,kl_to_reference,0.109387,0.007386,3
bleu,931,kl_to_reference,0.116926,0.003992,3
bleu,932,kl_to_reference,0.110035,0.005995,3
bleu,933,kl_to_reference,0.104701,0.004332,3
bleu,934,kl_to_reference,0.105948,0.008015,3
bleu,935,kl_to_reference,0.104894,0.005201,3
bleu,936,kl_to_reference,0.10567,0.008226,3
bleu,937,kl_to_reference,0.104756,0.004659,3
bleu,938,kl_to_reference,0.108422,0.008778,3
bleu,939,kl_to_reference,0.109043,0.006459,3
bleu,940,kl_to_reference,0.111563,0.002273,3
bleu,941,kl_to_reference,0.10818,0.005326,3
bleu,942,kl_to_reference,0.10519,0.004654,3
bleu,943,kl_to_reference,0.102116,0.001439,3
bleu,944,kl_to_reference,0.099713,0.004449,3
bleu,945,kl_to_reference,0.104973,0.011733,3
bleu,946,kl_to_reference,0.106598,0.011966,3
bleu,947,kl_to_reference,0.104606,0.003754,3
bleu,948,kl_to_reference,0.1053,0.00514,3
bleu,949,kl_to_reference,0.107667,0.007761,3
bleu,950,kl_to_reference,0.111466,0.004356,3
bleu,951,kl_to_reference,0.103718,0.004359,3
bleu,952,kl_to_reference,0.102787,0.0053,3
bleu,953,kl_to_reference,0.110161,0.004702,3
bleu,954,kl_to_reference,0.098244,0.006548,3
bleu,955,kl_to_reference,0.113665,0.002771,3
bleu,956,kl_to_reference,0.103544,0.002221,3
bleu,957,kl_to_reference,0.096662,0.004242,3
bleu,958,kl_to_reference,0.109682,0.003179,3
bleu,959,kl_to_reference,0.104646,0.004832,3
bleu,960,kl_to_reference,0.102098,0.003816,3
bleu,961,kl_to_reference,0.100276,0.001032,3
bleu,962,kl_to_reference,0.106207,0.006953,3
bleu,963,kl_to_reference,0.098441,0.00584,3
bleu,964,kl_to_reference,0.100118,0.006687,3
bleu,965,kl_to_reference,0.104577,0.002564,3
bleu,966,kl_to_reference,0.098669,0.004408,3
bleu,967,kl_to_reference,0.107213,0.01035,3
bleu,968,kl_to_reference,0.103305,0.003236,3
bleu,969,kl_to_reference,0.10517,0.005123,3
bleu,970,kl_to_reference,0.102595,0.007332,3
bleu,971,kl_to_reference,0.101989,0.009102,3
bleu,972,kl_to_reference,0.100329,0.009992,3
bleu,973,kl_to_reference,0.103072,0.004807,3
bleu,974,kl_to_reference,0.113875,0.006323,3
bleu,975,kl_to_reference,0.105395,0.007829,3
bleu,976,kl_to_reference,0.103279,0.008769,3
bleu,977,kl_to_reference,0.101149,0.001802,3
bleu,978,kl_to_reference,0.111408,0.005037,3
bleu,979,kl_to_reference,0.097243,0.005334,3
bleu,980,kl_to_reference,0.104322,0.008148,3
bleu,981,kl_to_reference,0.103757,0.001445,3
bleu,982,kl_to_reference,0.106768,0.004824,3
bleu,983,kl_to_reference,0.104284,0.001681,3
bleu,984,kl_to_reference,0.101928,0.004894,3
bleu,985,kl_to_reference,0.106056,0.003675,3
bleu,986,kl_to_reference,0.10436,0.010634,3
bleu,987,kl_to_reference,0.101725,0.005672,3
bleu,988,kl_to_reference,0.104911,0.001924,3
bleu,989,kl_to_reference,0.109992,0.006143,3
bleu,990,kl_to_reference,0.105837,0.001046,3
bleu,991,kl_to_reference,0.100437,0.003145,3
bleu,992,kl_to_reference,0.109213,0.008869,3
bleu,993,kl_to_reference,0.107355,0.003922,3
bleu,994,kl_to_reference,0.100823,0.004394,3
bleu,995,kl_to_reference,0.100677,0.002294,3
bleu,996,kl_to_reference,0.111948,0.004529,3
bleu,997,kl_to_reference,0.117988,0.006378,3
bleu,998,kl_to_reference,0.106509,0.003331,3
bleu,999,kl_to_reference,0.105283,0.011728,3
bleu,0,entropy,0.600952,0.014531,3
bleu,1,entropy,0.613883,0.021119,3
bleu,2,entropy,0.63409,0.007729,3
bleu,3,entropy,0.624788,0.017977,3
bleu,4,entropy,0.638941,0.019167,3
bleu,5,entropy,0.63467,0.019713,3
bleu,6,entropy,0.660548,0.007614,3
bleu,7,entropy,0.659947,0.012479,3
bleu,8,entropy,0.678594,0.012398,3
bleu,9,entropy,0.665645,0.010331,3
bleu,10,entropy,0.652599,0.017643,3
bleu,11,entropy,0.648279,0.011007,3
bleu,12,entropy,0.664099,0.02136,3
bleu,13,entropy,0.662364,0.01579,3
bleu,14,entropy,0.65879,0.011713,3
bleu,15,entropy,0.651854,0.011579,3
bleu,16,entropy,0.634244,0.007927,3
bleu,17,entropy,0.637624,0.011348,3
bleu,18,entropy,0.645472,0.012635,3
bleu,19,entropy,0.665194,0.02264,3
bleu,20,entropy,0.6331,0.015067,3
bleu,21,entropy,0.634907,0.003701,3
bleu,22,entropy,0.639046,0.012149,3
bleu,23,entropy,0.628752,0.007524,3
bleu,24,entropy,0.670937,0.010113,3
bleu,25,entropy,0.634218,0.009577,3
bleu,26,entropy,0.643382,0.023731,3
bleu,27,entropy,0.650573,0.015683,3
bleu,28,entropy,0.626708,0.013517,3
bleu,29,entropy,0.644769,0.008698,3
bleu,30,entropy,0.662917,0.025367,3
bleu,31,entropy,0.650339,0.01753,3
bleu,32,entropy,0.632059,0.021043,3
bleu,33,entropy,0.635263,0.02744,3
bleu,34,entropy,0.609552,0.007525,3
bleu,35,entropy,0.626648,0.012072,3
bleu,36,entropy,0.633402,0.016054,3
bleu,37,entropy,0.651616,0.0147,3
bleu,38,entropy,0.626508,0.006529,3
bleu,39,entropy,0.655243,0.026247,3
bleu,40,entropy,0.617208,0.013097,3
bleu,41,entropy,0.627759,0.009653,3
bleu,42,entropy,0.627571,0.023273,3
bleu,43,entropy,0.637224,0.005926,3
bleu,44,entropy,0.626794,0.026728,3
bleu,45,entropy,0.644591,0.001074,3
bleu,46,entropy,0.632716,0.005736,3
bleu,47,entropy,0.639864,0.008362,3
bleu,48,entropy,0.63287,0.016544,3
bleu,49,entropy,0.628682,0.011153,3
bleu,50,entropy,0.635554,0.017132,3
bleu,51,entropy,0.64884,0.015185,3
bleu,52,entropy,0.649259,0.012281,3
bleu,53,entropy,0.655378,0.01087,3
bleu,54,entropy,0.634031,0.03273,3
bleu,55,entropy,0.624776,0.018913,3
bleu,56,entropy,0.64201,0.017008,3
bleu,57,entropy,0.640725,0.011442,3
bleu,58,entropy,0.640952,0.014531,3
bleu,59,entropy,0.631104,0.017655,3
bleu,60,entropy,0.658493,0.010234,3
bleu,61,entropy,0.611594,0.005169,3
bleu,62,entropy,0.638492,0.020924,3
bleu,63,entropy,0.647086,0.022065,3
bleu,64,entropy,0.64709,0.015398,3
bleu,65,entropy,0.637234,0.007209,3
bleu,66,entropy,0.631776,0.00893,3
bleu,67,entropy,0.620014,0.020455,3
bleu,68,entropy,0.635963,0.013401,3
bleu,69,entropy,0.641506,0.006514,3
bleu,70,entropy,0.639674,0.014637,3
bleu,71,entropy,0.645014,0.007533,3
bleu,72,entropy,0.630089,0.010493,3
bleu,73,entropy,0.656767,0.009988,3
bleu,74,entropy,0.645161,0.012708,3
bleu,75,entropy,0.641668,0.019425,3
bleu,76,entropy,0.648255,0.015785,3
bleu,77,entropy,0.645876,0.017992,3
bleu,78,entropy,0.615719,0.001236,3
bleu,79,entropy,0.634592,0.030967,3
bleu,80,entropy,0.637187,0.015152,3
bleu,81,entropy,0.632007,0.014237,3
bleu,82,entropy,0.645035,0.019823,3
bleu,83,entropy,0.618967,0.023322,3
bleu,84,entropy,0.62783,0.00948,3
bleu,85,entropy,0.62013,0.011402,3
bleu,86,entropy,0.646471,0.020246,3
bleu,87,entropy,0.657225,0.026088,3
bleu,88,entropy,0.615995,0.006629,3
bleu,89,entropy,0.629799,0.012174,3
bleu,90,entropy,0.639868,0.008292,3
bleu,91,entropy,0.657141,0.008738,3
bleu,92,entropy,0.647598,0.01545,3
bleu,93,entropy,0.633805,0.025739,3
bleu,94,entropy,0.646091,0.001891,3
bleu,95,entropy,0.628674,0.014843,3
bleu,96,entropy,0.61777,0.006675,3
bleu,97,entropy,0.637717,0.022485,3
bleu,98,entropy,0.626375,0.029757,3
bleu,99,entropy,0.647795,0.022133,3
bleu,100,entropy,0.641303,0.018155,3
bleu,101,entropy,0.645644,0.027235,3
bleu,102,entropy,0.6361,0.019308,3
bleu,103,entropy,0.627482,0.015515,3
bleu,104,entropy,0.660116,0.01307,3
bleu,105,entropy,0.627391,0.009817,3
bleu,106,entropy,0.628676,0.011527,3
bleu,107,entropy,0.636652,0.01508,3
bleu,108,entropy,0.619989,0.028091,3
bleu,109,entropy,0.615614,0.015703,3
bleu,110,entropy,0.633021,0.007997,3
bleu,111,entropy,0.624168,0.028432,3
bleu,112,entropy,0.641054,0.011146,3
bleu,113,entropy,0.632486,0.014682,3
bleu,114,entropy,0.663399,0.015113,3
bleu,115,entropy,0.64152,0.000753,3
bleu,116,entropy,0.643646,0.0184,3
bleu,117,entropy,0.618349,0.002561,3
bleu,118,entropy,0.643002,0.018665,3
bleu,119,entropy,0.622496,0.039808,3
bleu,120,entropy,0.639698,0.007807,3
bleu,121,entropy,0.638592,0.00726,3
bleu,122,entropy,0.622665,0.022115,3
bleu,123,entropy,0.626782,0.024101,3
bleu,124,entropy,0.648179,0.015935,3
bleu,125,entropy,0.634341,0.0142,3
bleu,126,entropy,0.633982,0.031725,3
bleu,127,entropy,0.613422,0.038226,3
bleu,128,entropy,0.611677,0.0089,3
bleu,129,entropy,0.619993,0.026356,3
bleu,130,entropy,0.621366,0.018466,3
bleu,131,entropy,0.626139,0.006247,3
bleu,132,entropy,0.642959,0.006117,3
bleu,133,entropy,0.633529,0.01295,3
bleu,134,entropy,0.637183,0.006803,3
bleu,135,entropy,0.634442,0.008801,3
bleu,136,entropy,0.628973,0.032486,3
bleu,137,entropy,0.63286,0.018832,3
bleu,138,entropy,0.620815,0.020025,3
bleu,139,entropy,0.63391,0.019123,3
bleu,140,entropy,0.640813,0.012417,3
bleu,141,entropy,0.626848,0.013856,3
bleu,142,entropy,0.619591,0.006359,3
bleu,143,entropy,0.638917,0.029548,3
bleu,144,entropy,0.637361,0.018815,3
bleu,145,entropy,0.624007,0.008489,3
bleu,146,entropy,0.63532,0.026468,3
bleu,147,entropy,0.625803,0.004129,3
bleu,148,entropy,0.63079,0.006339,3
bleu,149,entropy,0.609078,0.004078,3
bleu,150,entropy,0.637876,0.011255,3
bleu,151,entropy,0.641667,0.015857,3
bleu,152,entropy,0.641012,0.017037,3
bleu,153,entropy,0.605935,0.005374,3
bleu,154,entropy,0.616285,0.013458,3
bleu,155,entropy,0.605144,0.012318,3
bleu,156,entropy,0.638494,0.016812,3
bleu,157,entropy,0.631745,0.023456,3
bleu,158,entropy,0.644633,0.009959,3
bleu,159,entropy,0.618937,0.021885,3
bleu,160,entropy,0.647852,0.012269,3
bleu,161,entropy,0.623677,0.01682,3
bleu,162,entropy,0.622045,0.014443,3
bleu,163,entropy,0.644758,0.03032,3
bleu,164,entropy,0.617498,0.003219,3
bleu,165,entropy,0.616651,0.007754,3
bleu,166,entropy,0.610028,0.017397,3
bleu,167,entropy,0.645466,0.017263,3
bleu,168,entropy,0.62548,0.005772,3
bleu,169,entropy,0.635705,0.005015,3
bleu,170,entropy,0.627254,0.022462,3
bleu,171,entropy,0.631286,0.008467,3
bleu,172,entropy,0.628514,0.021998,3
bleu,173,entropy,0.64322,0.010225,3
bleu,174,entropy,0.640048,0.010007,3
bleu,175,entropy,0.621072,0.01888,3
bleu,176,entropy,0.613263,0.013705,3
bleu,177,entropy,0.62266,0.023606,3
bleu,178,entropy,0.643692,0.019142,3
bleu,179,entropy,0.643599,0.017179,3
bleu,180,entropy,0.652088,0.028625,3
bleu,181,entropy,0.621968,0.011939,3
bleu,182,entropy,0.629523,0.029413,3
bleu,183,entropy,0.640186,0.039392,3
bleu,184,entropy,0.628543,0.023242,3
bleu,185,entropy,0.641961,0.022476,3
bleu,186,entropy,0.631549,0.038196,3
bleu,187,entropy,0.633359,0.017863,3
bleu,188,entropy,0.644681,0.014404,3
bleu,189,entropy,0.632953,0.009813,3
bleu,190,entropy,0.63601,0.02963,3
bleu,191,entropy,0.642993,0.024275,3
bleu,192,entropy,0.641643,0.014275,3
bleu,193,entropy,0.619324,0.02526,3
bleu,194,entropy,0.622033,0.025066,3
bleu,195,entropy,0.6213,0.010707,3
bleu,196,entropy,0.629514,0.004479,3
bleu,197,entropy,0.618509,0.015682,3
bleu,198,entropy,0.638117,0.006066,3
bleu,199,entropy,0.626775,0.00712,3
bleu,200,entropy,0.63552,0.016215,3
bleu,201,entropy,0.620832,0.022434,3
bleu,202,entropy,0.619634,0.010962,3
bleu,203,entropy,0.630232,0.036719,3
bleu,204,entropy,0.610263,0.029734,3
bleu,205,entropy,0.639494,0.020408,3
bleu,206,entropy,0.646497,0.026123,3
bleu,207,entropy,0.621738,0.025307,3
bleu,208,entropy,0.620848,0.02006,3
bleu,209,entropy,0.610293,0.016212,3
bleu,210,entropy,0.619461,0.038122,3
bleu,211,entropy,0.59973,0.008166,3
bleu,212,entropy,0.621348,0.02093,3
bleu,213,entropy,0.612722,0.010711,3
bleu,214,entropy,0.600415,0.018372,3
bleu,215,entropy,0.638129,0.010449,3
bleu,216,entropy,0.622004,0.026404,3
bleu,217,entropy,0.633217,0.03379,3
bleu,218,entropy,0.623431,0.021164,3
bleu,219,entropy,0.60731,0.011617,3
bleu,220,entropy,0.622126,0.010552,3
bleu,221,entropy,0.646342,0.018921,3
bleu,222,entropy,0.626814,0.026351,3
bleu,223,entropy,0.603736,0.02321,3
bleu,224,entropy,0.611879,0.015768,3
bleu,225,entropy,0.597233,0.012143,3
bleu,226,entropy,0.618531,0.006394,3
bleu,227,entropy,0.593816,0.016116,3
bleu,228,entropy,0.622453,0.007215,3
bleu,229,entropy,0.636228,0.019065,3
bleu,230,entropy,0.601824,0.02186,3
bleu,231,entropy,0.595345,0.012279,3
bleu,232,entropy,0.629379,0.020538,3
bleu,233,entropy,0.618455,0.012556,3
bleu,234,entropy,0.614872,0.010239,3
bleu,235,entropy,0.619067,0.009565,3
bleu,236,entropy,0.618332,0.019124,3
bleu,237,entropy,0.617827,0.015772,3
bleu,238,entropy,0.608806,0.012733,3
bleu,239,entropy,0.62304,0.001763,3
bleu,240,entropy,0.613308,0.040677,3
bleu,241,entropy,0.618484,0.003813,3
bleu,242,entropy,0.605345,0.012004,3
bleu,243,entropy,0.625737,0.015164,3
bleu,244,entropy,0.634413,0.016955,3
bleu,245,entropy,0.616432,0.035976,3
bleu,246,entropy,0.623525,0.017275,3
bleu,247,entropy,0.636414,0.031137,3
bleu,248,entropy,0.597766,0.020986,3
bleu,249,entropy,0.600827,0.013979,3
bleu,250,entropy,0.620996,0.008122,3
bleu,251,entropy,0.601924,0.012506,3
bleu,252,entropy,0.604059,0.031791,3
bleu,253,entropy,0.624674,0.009322,3
bleu,254,entropy,0.641423,0.016501,3
bleu,255,entropy,0.623134,0.02835,3
bleu,256,entropy,0.625101,0.019853,3
bleu,257,entropy,0.615994,0.018176,3
bleu,258,entropy,0.61742,0.015705,3
bleu,259,entropy,0.613679,0.026916,3
bleu,260,entropy,0.630663,0.00862,3
bleu,261,entropy,0.615665,0.025302,3
bleu,262,entropy,0.619227,0.004268,3
bleu,263,entropy,0.617486,0.010837,3
bleu,264,entropy,0.609382,0.0122,3
bleu,265,entropy,0.629981,0.003823,3
bleu,266,entropy,0.641746,0.031898,3
bleu,267,entropy,0.617366,0.003895,3
bleu,268,entropy,0.626247,0.014155,3
bleu,269,entropy,0.617377,0.017513,3
bleu,270,entropy,0.619687,0.023367,3
bleu,271,entropy,0.613043,0.014356,3
bleu,272,entropy,0.615988,0.023917,3
bleu,273,entropy,0.608099,0.003807,3
bleu,274,entropy,0.637657,0.026223,3
bleu,275,entropy,0.635964,0.033595,3
bleu,276,entropy,0.609264,0.010996,3
bleu,277,entropy,0.625431,0.008363,3
bleu,278,entropy,0.628885,0.029227,3
bleu,279,entropy,0.632865,0.000957,3
bleu,280,entropy,0.602893,0.035429,3
bleu,281,entropy,0.627849,0.022958,3
bleu,282,entropy,0.628493,0.020979,3
bleu,283,entropy,0.613464,0.003253,3
bleu,284,entropy,0.61085,0.020932,3
bleu,285,entropy,0.616154,0.008893,3
bleu,286,entropy,0.625879,0.002265,3
bleu,287,entropy,0.61934,0.015381,3
bleu,288,entropy,0.614227,0.005751,3
bleu,289,entropy,0.618892,0.0113,3
bleu,290,entropy,0.620444,0.010044,3
bleu,291,entropy,0.61801,0.002277,3
bleu,292,entropy,0.606397,0.005904,3
bleu,293,entropy,0.619672,0.013562,3
bleu,294,entropy,0.614193,0.021605,3
bleu,295,entropy,0.622944,0.008182,3
bleu,296,entropy,0.603441,0.010248,3
bleu,297,entropy,0.613774,0.018093,3
bleu,298,entropy,0.629745,0.009563,3
bleu,299,entropy,0.626605,0.018781,3
bleu,300,entropy,0.602595,0.026397,3
bleu,301,entropy,0.6142,0.018462,3
bleu,302,entropy,0.610431,0.022866,3
bleu,303,entropy,0.617778,0.021386,3
bleu,304,entropy,0.617175,0.012145,3
bleu,305,entropy,0.629917,0.01182,3
bleu,306,entropy,0.621634,0.010539,3
bleu,307,entropy,0.61308,0.000359,3
bleu,308,entropy,0.618178,0.008948,3
bleu,309,entropy,0.621269,0.007075,3
bleu,310,entropy,0.622365,0.021418,3
bleu,311,entropy,0.613938,0.014282,3
bleu,312,entropy,0.623494,0.023884,3
bleu,313,entropy,0.627266,0.018507,3
bleu,314,entropy,0.612301,0.012908,3
bleu,315,entropy,0.623415,0.013744,3
bleu,316,entropy,0.624475,0.020065,3
bleu,317,entropy,0.616193,0.018412,3
bleu,318,entropy,0.617337,0.026012,3
bleu,319,entropy,0.595695,0.007454,3
bleu,320,entropy,0.630095,0.018158,3
bleu,321,entropy,0.61435,0.023635,3
bleu,322,entropy,0.619842,0.016608,3
bleu,323,entropy,0.633212,0.028413,3
bleu,324,entropy,0.624954,0.020906,3
bleu,325,entropy,0.607437,0.006697,3
bleu,326,entropy,0.628547,0.02061,3
bleu,327,entropy,0.622137,0.011287,3
bleu,328,entropy,0.616951,0.006745,3
bleu,329,entropy,0.612246,0.031414,3
bleu,330,entropy,0.611598,0.021064,3
bleu,331,entropy,0.624788,0.007859,3
bleu,332,entropy,0.633887,0.019752,3
bleu,333,entropy,0.605306,0.016462,3
bleu,334,entropy,0.614315,0.00476,3
bleu,335,entropy,0.60065,0.018695,3
bleu,336,entropy,0.604255,0.034766,3
bleu,337,entropy,0.614839,0.017653,3
bleu,338,entropy,0.627596,0.017921,3
bleu,339,entropy,0.6163,0.005366,3
bleu,340,entropy,0.643258,0.023056,3
bleu,341,entropy,0.611546,0.032052,3
bleu,342,entropy,0.627347,0.013983,3
bleu,343,entropy,0.617355,0.008332,3
bleu,344,entropy,0.611593,0.026596,3
bleu,345,entropy,0.640262,0.045231,3
bleu,346,entropy,0.623076,0.008708,3
bleu,347,entropy,0.616027,0.011641,3
bleu,348,entropy,0.616404,0.01547,3
bleu,349,entropy,0.631268,0.013486,3
bleu,350,entropy,0.610524,0.01896,3
bleu,351,entropy,0.600348,0.011166,3
bleu,352,entropy,0.597949,0.010431,3
bleu,353,entropy,0.627097,0.011681,3
bleu,354,entropy,0.608279,0.000746,3
bleu,355,entropy,0.618634,0.034745,3
bleu,356,entropy,0.630142,0.026399,3
bleu,357,entropy,0.639501,0.024039,3
bleu,358,entropy,0.601651,0.020261,3
bleu,359,entropy,0.621141,0.002522,3
bleu,360,entropy,0.608406,0.037247,3
bleu,361,entropy,0.594986,0.029617,3
bleu,362,entropy,0.613371,0.029086,3
bleu,363,entropy,0.60483,0.03579,3
bleu,364,entropy,0.604741,0.018185,3
bleu,365,entropy,0.599753,0.009901,3
bleu,366,entropy,0.599227,0.013749,3
bleu,367,entropy,0.624413,0.013206,3
bleu,368,entropy,0.593755,0.007511,3
bleu,369,entropy,0.628199,0.012897,3
bleu,370,entropy,0.635558,0.012973,3
bleu,371,entropy,0.635235,0.006025,3
bleu,372,entropy,0.61154,0.004292,3
bleu,373,entropy,0.606598,0.016655,3
bleu,374,entropy,0.615032,0.013436,3
bleu,375,entropy,0.598199,0.040655,3
bleu,376,entropy,0.606964,0.018704,3
bleu,377,entropy,0.631199,0.007125,3
bleu,378,entropy,0.610976,0.02811,3
bleu,379,entropy,0.60843,0.019419,3
bleu,380,entropy,0.625837,0.002053,3
bleu,381,entropy,0.606943,0.0127,3
bleu,382,entropy,0.614062,0.018372,3
bleu,383,entropy,0.612543,0.007787,3
bleu,384,entropy,0.606244,0.028138,3
bleu,385,entropy,0.608335,0.024284,3
bleu,386,entropy,0.611813,0.019198,3
bleu,387,entropy,0.588275,0.017183,3
bleu,388,entropy,0.627356,0.022206,3
bleu,389,entropy,0.613479,0.018886,3
bleu,390,entropy,0.617703,0.01035,3
bleu,391,entropy,0.608904,0.012899,3
bleu,392,entropy,0.611283,0.010599,3
bleu,393,entropy,0.621146,0.007433,3
bleu,394,entropy,0.628043,0.018109,3
bleu,395,entropy,0.570614,0.011433,3
bleu,396,entropy,0.599204,0.007502,3
bleu,397,entropy,0.611282,0.02397,3
bleu,398,entropy,0.601621,0.007265,3
bleu,399,entropy,0.638723,0.020189,3
bleu,400,entropy,0.616636,0.004933,3
bleu,401,entropy,0.597341,0.014088,3
bleu,402,entropy,0.604718,0.013699,3
bleu,403,entropy,0.625307,0.006829,3
bleu,404,entropy,0.616789,0.02557,3
bleu,405,entropy,0.616576,0.005811,3
bleu,406,entropy,0.616187,0.019235,3
bleu,407,entropy,0.606721,0.006645,3
bleu,408,entropy,0.622738,0.007002,3
bleu,409,entropy,0.615588,0.029849,3
bleu,410,entropy,0.621485,0.011967,3
bleu,411,entropy,0.610213,0.017059,3
bleu,412,entropy,0.602947,0.012952,3
bleu,413,entropy,0.604789,0.009625,3
bleu,414,entropy,0.604916,0.012685,3
bleu,415,entropy,0.624412,0.030481,3
bleu,416,entropy,0.629854,0.050751,3
bleu,417,entropy,0.592944,0.007851,3
bleu,418,entropy,0.647993,0.023096,3
bleu,419,entropy,0.623384,0.014445,3
bleu,420,entropy,0.589364,0.020971,3
bleu,421,entropy,0.618313,0.014341,3
bleu,422,entropy,0.613426,0.018292,3
bleu,423,entropy,0.625787,0.008958,3
bleu,424,entropy,0.627071,0.014748,3
bleu,425,entropy,0.610014,0.012272,3
bleu,426,entropy,0.602174,0.026137,3
bleu,427,entropy,0.612332,0.036364,3
bleu,428,entropy,0.603068,0.011508,3
bleu,429,entropy,0.617201,0.013934,3
bleu,430,entropy,0.616789,0.022659,3
bleu,431,entropy,0.594111,0.010645,3
bleu,432,entropy,0.610847,0.034037,3
bleu,433,entropy,0.626781,0.012183,3
bleu,434,entropy,0.625549,0.011751,3
bleu,435,entropy,0.619609,0.018482,3
bleu,436,entropy,0.601293,0.034816,3
bleu,437,entropy,0.613913,0.008051,3
bleu,438,entropy,0.597603,0.018322,3
bleu,439,entropy,0.603556,0.021292,3
bleu,440,entropy,0.613465,0.016161,3
bleu,441,entropy,0.594204,0.02441,3
bleu,442,entropy,0.592175,0.017881,3
bleu,443,entropy,0.590083,0.002883,3
bleu,444,entropy,0.611157,0.034482,3
bleu,445,entropy,0.633305,0.009568,3
bleu,446,entropy,0.606792,0.010484,3
bleu,447,entropy,0.600841,0.017234,3
bleu,448,entropy,0.605876,0.011875,3
bleu,449,entropy,0.595088,0.020661,3
bleu,450,entropy,0.583114,0.020199,3
bleu,451,entropy,0.600052,0.001798,3
bleu,452,entropy,0.597808,0.009624,3
bleu,453,entropy,0.625117,0.010807,3
bleu,454,entropy,0.633568,0.017042,3
bleu,455,entropy,0.612173,0.021166,3
bleu,456,entropy,0.618871,0.008584,3
bleu,457,entropy,0.605421,0.005042,3
bleu,458,entropy,0.630904,0.016447,3
bleu,459,entropy,0.616626,0.001698,3
bleu,460,entropy,0.60492,0.014811,3
bleu,461,entropy,0.623014,0.002926,3
bleu,462,entropy,0.604296,0.028944,3
bleu,463,entropy,0.614643,0.010366,3
bleu,464,entropy,0.619867,0.010084,3
bleu,465,entropy,0.612872,0.016373,3
bleu,466,entropy,0.605064,0.024585,3
bleu,467,entropy,0.610686,0.012592,3
bleu,468,entropy,0.609334,0.014206,3
bleu,469,entropy,0.605416,0.010858,3
bleu,470,entropy,0.595635,0.005644,3
bleu,471,entropy,0.621566,0.022056,3
bleu,472,entropy,0.584346,0.012367,3
bleu,473,entropy,0.619652,0.012074,3
bleu,474,entropy,0.607538,0.036199,3
bleu,475,entropy,0.617272,0.012551,3
bleu,476,entropy,0.592673,0.00752,3
bleu,477,entropy,0.605515,0.008567,3
bleu,478,entropy,0.607761,0.017104,3
bleu,479,entropy,0.593371,0.02117,3
bleu,480,entropy,0.593985,0.01785,3
bleu,481,entropy,0.598919,0.006557,3
bleu,482,entropy,0.609362,0.021291,3
bleu,483,entropy,0.638235,0.013,3
bleu,484,entropy,0.605694,0.030842,3
bleu,485,entropy,0.588274,0.011024,3
bleu,486,entropy,0.608001,0.019361,3
bleu,487,entropy,0.607569,0.025248,3
bleu,488,entropy,0.629817,0.018531,3
bleu,489,entropy,0.621119,0.017289,3
bleu,490,entropy,0.644468,0.022471,3
bleu,491,entropy,0.607138,0.01377,3
bleu,492,entropy,0.62796,0.034697,3
bleu,493,entropy,0.621514,0.015998,3
bleu,494,entropy,0.598272,0.004769,3
bleu,495,entropy,0.5951,0.02476,3
bleu,496,entropy,0.624931,0.00542,3
bleu,497,entropy,0.600168,0.00816,3
bleu,498,entropy,0.588492,0.013327,3
bleu,499,entropy,0.611981,0.01563,3
bleu,500,entropy,0.594432,0.011331,3
bleu,501,entropy,0.603298,0.041569,3
bleu,502,entropy,0.611558,0.025561,3
bleu,503,entropy,0.591274,0.011267,3
bleu,504,entropy,0.58646,0.008551,3
bleu,505,entropy,0.586076,0.041307,3
bleu,506,entropy,0.596831,0.011939,3
bleu,507,entropy,0.571253,0.013372,3
bleu,508,entropy,0.609348,0.008498,3
bleu,509,entropy,0.608201,0.009149,3
bleu,510,entropy,0.59247,0.014813,3
bleu,511,entropy,0.604008,0.012629,3
bleu,512,entropy,0.608122,0.038664,3
bleu,513,entropy,0.612125,0.009689,3
bleu,514,entropy,0.602831,0.007913,3
bleu,515,entropy,0.598785,0.014679,3
bleu,516,entropy,0.581285,0.028403,3
bleu,517,entropy,0.591809,0.013572,3
bleu,518,entropy,0.602462,0.015811,3
bleu,519,entropy,0.602565,0.018224,3
bleu,520,entropy,0.616322,0.01458,3
bleu,521,entropy,0.600685,0.029485,3
bleu,522,entropy,0.592534,0.002467,3
bleu,523,entropy,0.594212,0.021197,3
bleu,524,entropy,0.593682,0.025867,3
bleu,525,entropy,0.585706,0.027802,3
bleu,526,entropy,0.592361,0.017117,3
bleu,527,entropy,0.615721,0.026765,3
bleu,528,entropy,0.596093,0.019409,3
bleu,529,entropy,0.608758,0.02753,3
bleu,530,entropy,0.584242,0.006868,3
bleu,531,entropy,0.595243,0.01051,3
bleu,532,entropy,0.58773,0.012612,3
bleu,533,entropy,0.598352,0.016226,3
bleu,534,entropy,0.603065,0.022473,3
bleu,535,entropy,0.596002,0.021771,3
bleu,536,entropy,0.61338,0.031492,3
bleu,537,entropy,0.592373,0.020068,3
bleu,538,entropy,0.594596,0.010152,3
bleu,539,entropy,0.58561,0.001642,3
bleu,540,entropy,0.586688,0.021496,3
bleu,541,entropy,0.618128,0.016727,3
bleu,542,entropy,0.580342,0.022543,3
bleu,543,entropy,0.604674,0.031566,3
bleu,544,entropy,0.606935,0.031729,3
bleu,545,entropy,0.59884,0.013849,3
bleu,546,entropy,0.595891,0.023369,3
bleu,547,entropy,0.612214,0.012505,3
bleu,548,entropy,0.602093,0.035393,3
bleu,549,entropy,0.609896,0.017852,3
bleu,550,entropy,0.600707,0.015212,3
bleu,551,entropy,0.597554,0.004696,3
bleu,552,entropy,0.600858,0.026033,3
bleu,553,entropy,0.611761,0.01267,3
bleu,554,entropy,0.581705,0.016197,3
bleu,555,entropy,0.593907,0.016697,3
bleu,556,entropy,0.576899,0.009661,3
bleu,557,entropy,0.625058,0.019119,3
bleu,558,entropy,0.608402,0.011907,3
bleu,559,entropy,0.591304,0.009827,3
bleu,560,entropy,0.594579,0.002745,3
bleu,561,entropy,0.583183,0.020568,3
bleu,562,entropy,0.590287,0.040346,3
bleu,563,entropy,0.607193,0.016351,3
bleu,564,entropy,0.617588,0.02953,3
bleu,565,entropy,0.56748,0.028381,3
bleu,566,entropy,0.582983,0.020479,3
bleu,567,entropy,0.603752,0.031467,3
bleu,568,entropy,0.583288,0.019665,3
bleu,569,entropy,0.581687,0.014195,3
bleu,570,entropy,0.57604,0.022753,3
bleu,571,entropy,0.57776,0.023392,3
bleu,572,entropy,0.575375,0.02479,3
bleu,573,entropy,0.598865,0.018736,3
bleu,574,entropy,0.595568,0.007025,3
bleu,575,entropy,0.597996,0.004342,3
bleu,576,entropy,0.590709,0.003439,3
bleu,577,entropy,0.583697,0.018117,3
bleu,578,entropy,0.607294,0.016624,3
bleu,579,entropy,0.586268,0.010644,3
bleu,580,entropy,0.588113,0.037627,3
bleu,581,entropy,0.61285,0.001992,3
bleu,582,entropy,0.591603,0.014278,3
bleu,583,entropy,0.607925,0.029393,3
bleu,584,entropy,0.60228,0.015648,3
bleu,585,entropy,0.594013,0.008754,3
bleu,586,entropy,0.606546,0.019519,3
bleu,587,entropy,0.582287,0.007278,3
bleu,588,entropy,0.624251,0.001149,3
bleu,589,entropy,0.598494,0.016347,3
bleu,590,entropy,0.59345,0.007625,3
bleu,591,entropy,0.589404,0.023096,3
bleu,592,entropy,0.594121,0.025556,3
bleu,593,entropy,0.601351,0.015847,3
bleu,594,entropy,0.587376,0.00376,3
bleu,595,entropy,0.58647,0.016384,3
bleu,596,entropy,0.613218,0.015894,3
bleu,597,entropy,0.57976,0.0107,3
bleu,598,entropy,0.596418,0.009337,3
bleu,599,entropy,0.60708,0.008739,3
bleu,600,entropy,0.599126,0.017193,3
bleu,601,entropy,0.613096,0.025159,3
bleu,602,entropy,0.597107,0.010088,3
bleu,603,entropy,0.605158,0.024458,3
bleu,604,entropy,0.598781,0.018407,3
bleu,605,entropy,0.579062,0.017401,3
bleu,606,entropy,0.584041,0.018021,3
bleu,607,entropy,0.593345,0.02646,3
bleu,608,entropy,0.610962,0.008799,3
bleu,609,entropy,0.581405,0.019705,3
bleu,610,entropy,0.573456,0.016775,3
bleu,611,entropy,0.585826,0.034275,3
bleu,612,entropy,0.616918,0.018305,3
bleu,613,entropy,0.624153,0.013544,3
bleu,614,entropy,0.60934,0.019208,3
bleu,615,entropy,0.58508,0.010778,3
bleu,616,entropy,0.580337,0.023096,3
bleu,617,entropy,0.590283,0.026372,3
bleu,618,entropy,0.597886,0.016579,3
bleu,619,entropy,0.568959,0.031656,3
bleu,620,entropy,0.600936,0.02487,3
bleu,621,entropy,0.602561,0.012332,3
bleu,622,entropy,0.575603,0.02497,3
bleu,623,entropy,0.601765,0.017328,3
bleu,624,entropy,0.603462,0.003284,3
bleu,625,entropy,0.589583,0.008257,3
bleu,626,entropy,0.583639,0.024848,3
bleu,627,entropy,0.556707,0.0186,3
bleu,628,entropy,0.597376,0.026542,3
bleu,629,entropy,0.5777,0.018158,3
bleu,630,entropy,0.569002,0.012651,3
bleu,631,entropy,0.58574,0.008886,3
bleu,632,entropy,0.593448,0.028026,3
bleu,633,entropy,0.603577,0.026801,3
bleu,634,entropy,0.570677,0.022088,3
bleu,635,entropy,0.585531,0.005648,3
bleu,636,entropy,0.561662,0.014974,3
bleu,637,entropy,0.567159,0.011422,3
bleu,638,entropy,0.577713,0.010566,3
bleu,639,entropy,0.583861,0.026262,3
bleu,640,entropy,0.593645,0.008946,3
bleu,641,entropy,0.611354,0.009472,3
bleu,642,entropy,0.607842,0.002234,3
bleu,643,entropy,0.588918,0.015655,3
bleu,644,entropy,0.610828,0.012074,3
bleu,645,entropy,0.589304,0.034532,3
bleu,646,entropy,0.605025,0.006854,3
bleu,647,entropy,0.562372,0.006087,3
bleu,648,entropy,0.591377,0.015868,3
bleu,649,entropy,0.587742,0.021488,3
bleu,650,entropy,0.578726,0.013745,3
bleu,651,entropy,0.58231,0.0095,3
bleu,652,entropy,0.558614,0.021148,3
bleu,653,entropy,0.59246,0.010415,3
bleu,654,entropy,0.583,0.011744,3
bleu,655,entropy,0.608481,0.025352,3
bleu,656,entropy,0.586696,0.008466,3
bleu,657,entropy,0.608814,0.005072,3
bleu,658,entropy,0.604197,0.019129,3
bleu,659,entropy,0.590524,0.016756,3
bleu,660,entropy,0.585258,0.021707,3
bleu,661,entropy,0.595325,0.020099,3
bleu,662,entropy,0.583256,0.007193,3
bleu,663,entropy,0.605527,0.008839,3
bleu,664,entropy,0.584772,0.016823,3
bleu,665,entropy,0.583672,0.023762,3
bleu,666,entropy,0.579791,0.022049,3
bleu,667,entropy,0.578483,0.027493,3
bleu,668,entropy,0.581802,0.010884,3
bleu,669,entropy,0.580536,0.011839,3
bleu,670,entropy,0.578992,0.004517,3
bleu,671,entropy,0.590374,0.01259,3
bleu,672,entropy,0.600988,0.014948,3
bleu,673,entropy,0.615003,0.015988,3
bleu,674,entropy,0.60461,0.006496,3
bleu,675,entropy,0.613577,0.014195,3
bleu,676,entropy,0.592934,0.009493,3
bleu,677,entropy,0.59548,0.0169,3
bleu,678,entropy,0.572607,0.00948,3
bleu,679,entropy,0.613735,0.0158,3
bleu,680,entropy,0.602212,0.009429,3
bleu,681,entropy,0.584969,0.008646,3
bleu,682,entropy,0.576096,0.008209,3
bleu,683,entropy,0.586125,0.018289,3
bleu,684,entropy,0.601595,0.018111,3
bleu,685,entropy,0.590064,0.006219,3
bleu,686,entropy,0.587958,0.007905,3
bleu,687,entropy,0.592891,0.013352,3
bleu,688,entropy,0.588215,0.024232,3
bleu,689,entropy,0.580137,0.012418,3
bleu,690,entropy,0.591214,0.011039,3
bleu,691,entropy,0.588046,0.017084,3
bleu,692,entropy,0.578407,0.008097,3
bleu,693,entropy,0.585596,0.020942,3
bleu,694,entropy,0.575754,0.016773,3
bleu,695,entropy,0.577285,0.011063,3
bleu,696,entropy,0.59028,0.01918,3
bleu,697,entropy,0.590653,0.023809,3
bleu,698,entropy,0.576268,0.012674,3
bleu,699,entropy,0.601545,0.030401,3
bleu,700,entropy,0.580285,0.021454,3
bleu,701,entropy,0.595889,0.02225,3
bleu,702,entropy,0.581929,0.021391,3
bleu,703,entropy,0.60109,0.014381,3
bleu,704,entropy,0.602237,0.021856,3
bleu,705,entropy,0.599253,0.040997,3
bleu,706,entropy,0.596005,0.006074,3
bleu,707,entropy,0.602012,0.022568,3
bleu,708,entropy,0.586779,0.011928,3
bleu,709,entropy,0.583916,0.014556,3
bleu,710,entropy,0.563305,0.006566,3
bleu,711,entropy,0.57468,0.02142,3
bleu,712,entropy,0.589949,0.022137,3
bleu,713,entropy,0.582754,0.004499,3
bleu,714,entropy,0.581261,0.015552,3
bleu,715,entropy,0.591433,0.00512,3
bleu,716,entropy,0.596548,0.018437,3
bleu,717,entropy,0.594039,0.01511,3
bleu,718,entropy,0.616357,0.014949,3
bleu,719,entropy,0.57276,0.016485,3
bleu,720,entropy,0.599314,0.009112,3
bleu,721,entropy,0.610806,0.02184,3
bleu,722,entropy,0.590055,0.023487,3
bleu,723,entropy,0.585012,0.02071,3
bleu,724,entropy,0.595286,0.013455,3
bleu,725,entropy,0.587359,0.005175,3
bleu,726,entropy,0.596758,0.031965,3
bleu,727,entropy,0.59024,0.028264,3
bleu,728,entropy,0.591776,0.018641,3
bleu,729,entropy,0.584325,0.006789,3
bleu,730,entropy,0.588024,0.025509,3
bleu,731,entropy,0.585026,0.031088,3
bleu,732,entropy,0.584786,0.013787,3
bleu,733,entropy,0.605088,0.034736,3
bleu,734,entropy,0.583323,0.014426,3
bleu,735,entropy,0.584848,0.017084,3
bleu,736,entropy,0.59092,0.019019,3
bleu,737,entropy,0.590791,0.009754,3
bleu,738,entropy,0.598603,0.01189,3
bleu,739,entropy,0.58373,0.010681,3
bleu,740,entropy,0.590518,0.013678,3
bleu,741,entropy,0.575805,0.010478,3
bleu,742,entropy,0.597084,0.007355,3
bleu,743,entropy,0.592358,0.016986,3
bleu,744,entropy,0.584883,0.006117,3
bleu,745,entropy,0.593699,0.007413,3
bleu,746,entropy,0.587107,0.024466,3
bleu,747,entropy,0.601879,0.012368,3
bleu,748,entropy,0.591178,0.030415,3
bleu,749,entropy,0.58443,0.023621,3
bleu,750,entropy,0.583774,0.015367,3
bleu,751,entropy,0.587075,0.007045,3
bleu,752,entropy,0.599745,0.02028,3
bleu,753,entropy,0.596009,0.010522,3
bleu,754,entropy,0.583153,0.010554,3
bleu,755,entropy,0.572687,0.001181,3
bleu,756,entropy,0.589973,0.020557,3
bleu,757,entropy,0.590999,0.00749,3
bleu,758,entropy,0.563886,0.00305,3
bleu,759,entropy,0.605678,0.013259,3
bleu,760,entropy,0.58878,0.025029,3
bleu,761,entropy,0.573893,0.023926,3
bleu,762,entropy,0.57568,0.014145,3
bleu,763,entropy,0.570758,0.002054,3
bleu,764,entropy,0.586418,0.032244,3
bleu,765,entropy,0.571104,0.020768,3
bleu,766,entropy,0.576483,0.003904,3
bleu,767,entropy,0.574839,0.023926,3
bleu,768,entropy,0.594712,0.013971,3
bleu,769,entropy,0.609713,0.003406,3
bleu,770,entropy,0.568629,0.019996,3
bleu,771,entropy,0.59614,0.024251,3
bleu,772,entropy,0.593494,0.018743,3
bleu,773,entropy,0.576201,0.001339,3
bleu,774,entropy,0.57177,0.023368,3
bleu,775,entropy,0.580569,0.010793,3
bleu,776,entropy,0.587116,0.019799,3
bleu,777,entropy,0.601357,0.00528,3
bleu,778,entropy,0.59087,0.010411,3
bleu,779,entropy,0.584254,0.007462,3
bleu,780,entropy,0.606059,0.016194,3
bleu,781,entropy,0.586602,0.008548,3
bleu,782,entropy,0.617027,0.013839,3
bleu,783,entropy,0.58724,0.012904,3
bleu,784,entropy,0.577528,0.015692,3
bleu,785,entropy,0.598456,0.029879,3
bleu,786,entropy,0.601554,0.008354,3
bleu,787,entropy,0.599762,0.020397,3
bleu,788,entropy,0.588899,0.009214,3
bleu,789,entropy,0.579167,0.010746,3
bleu,790,entropy,0.56842,0.013474,3
bleu,791,entropy,0.570173,0.0321,3
bleu,792,entropy,0.616355,0.008375,3
bleu,793,entropy,0.591693,0.010159,3
bleu,794,entropy,0.592135,0.020199,3
bleu,795,entropy,0.576711,0.014869,3
bleu,796,entropy,0.555567,0.00685,3
bleu,797,entropy,0.57773,0.022881,3
bleu,798,entropy,0.601983,0.023964,3
bleu,799,entropy,0.616745,0.033609,3
bleu,800,entropy,0.592117,0.008744,3
bleu,801,entropy,0.576787,0.022119,3
bleu,802,entropy,0.596143,0.007977,3
bleu,803,entropy,0.597594,0.023371,3
bleu,804,entropy,0.586991,0.029803,3
bleu,805,entropy,0.600875,0.027739,3
bleu,806,entropy,0.582435,0.015517,3
bleu,807,entropy,0.576732,0.012896,3
bleu,808,entropy,0.570062,0.026216,3
bleu,809,entropy,0.592837,0.025332,3
bleu,810,entropy,0.571893,0.009471,3
bleu,811,entropy,0.578327,0.021942,3
bleu,812,entropy,0.570265,0.015793,3
bleu,813,entropy,0.584365,0.017554,3
bleu,814,entropy,0.566488,0.029013,3
bleu,815,entropy,0.586232,0.009517,3
bleu,816,entropy,0.584883,0.010206,3
bleu,817,entropy,0.576855,0.036943,3
bleu,818,entropy,0.583216,0.016128,3
bleu,819,entropy,0.580404,0.004863,3
bleu,820,entropy,0.565518,0.020256,3
bleu,821,entropy,0.544238,0.024042,3
bleu,822,entropy,0.579516,0.028472,3
bleu,823,entropy,0.561754,0.010487,3
bleu,824,entropy,0.569789,0.022835,3
bleu,825,entropy,0.568299,0.027548,3
bleu,826,entropy,0.568534,0.025153,3
bleu,827,entropy,0.557409,0.004964,3
bleu,828,entropy,0.566568,0.024295,3
bleu,829,entropy,0.573494,0.012061,3
bleu,830,entropy,0.564029,0.017288,3
bleu,831,entropy,0.560432,0.015627,3
bleu,832,entropy,0.576433,0.012582,3
bleu,833,entropy,0.559075,0.015316,3
bleu,834,entropy,0.564976,0.019801,3
bleu,835,entropy,0.560839,0.019148,3
bleu,836,entropy,0.604561,0.011503,3
bleu,837,entropy,0.593177,0.011663,3
bleu,838,entropy,0.582392,0.021395,3
bleu,839,entropy,0.571243,0.020026,3
bleu,840,entropy,0.576836,0.026563,3
bleu,841,entropy,0.568876,0.028289,3
bleu,842,entropy,0.553559,0.027842,3
bleu,843,entropy,0.56425,0.003114,3
bleu,844,entropy,0.567327,0.019947,3
bleu,845,entropy,0.605085,0.015468,3
bleu,846,entropy,0.573616,0.01928,3
bleu,847,entropy,0.55291,0.009411,3
bleu,848,entropy,0.576869,0.007707,3
bleu,849,entropy,0.592503,0.02338,3
bleu,850,entropy,0.555794,0.025414,3
bleu,851,entropy,0.560597,0.013234,3
bleu,852,entropy,0.580386,0.017823,3
bleu,853,entropy,0.580848,0.017532,3
bleu,854,entropy,0.578374,0.010945,3
bleu,855,entropy,0.577349,0.024983,3
bleu,856,entropy,0.579914,0.010032,3
bleu,857,entropy,0.581197,0.014292,3
bleu,858,entropy,0.591563,0.02878,3
bleu,859,entropy,0.561053,0.018279,3
bleu,860,entropy,0.589291,0.019126,3
bleu,861,entropy,0.563721,0.007451,3
bleu,862,entropy,0.591094,0.026538,3
bleu,863,entropy,0.580027,0.015813,3
bleu,864,entropy,0.576561,0.01676,3
bleu,865,entropy,0.556711,0.014624,3
bleu,866,entropy,0.585674,0.016572,3
bleu,867,entropy,0.586505,0.010711,3
bleu,868,entropy,0.60021,0.024362,3
bleu,869,entropy,0.594074,0.019295,3
bleu,870,entropy,0.566059,0.002519,3
bleu,871,entropy,0.56799,0.019455,3
bleu,872,entropy,0.577075,0.009564,3
bleu,873,entropy,0.563648,0.013951,3
bleu,874,entropy,0.577019,0.021194,3
bleu,875,entropy,0.578887,0.022027,3
bleu,876,entropy,0.562419,0.008298,3
bleu,877,entropy,0.56657,0.005416,3
bleu,878,entropy,0.576575,0.017962,3
bleu,879,entropy,0.572083,0.03103,3
bleu,880,entropy,0.582702,0.021851,3
bleu,881,entropy,0.580667,0.020105,3
bleu,882,entropy,0.567762,0.012914,3
bleu,883,entropy,0.565349,0.034615,3
bleu,884,entropy,0.567135,0.016315,3
bleu,885,entropy,0.552484,0.020168,3
bleu,886,entropy,0.591748,0.015302,3
bleu,887,entropy,0.567504,0.01169,3
bleu,888,entropy,0.583815,0.011095,3
bleu,889,entropy,0.564265,0.021464,3
bleu,890,entropy,0.568272,0.005199,3
bleu,891,entropy,0.565021,0.03989,3
bleu,892,entropy,0.587252,0.015268,3
bleu,893,entropy,0.571124,0.013788,3
bleu,894,entropy,0.590157,0.023483,3
bleu,895,entropy,0.56978,0.006488,3
bleu,896,entropy,0.558928,0.016005,3
bleu,897,entropy,0.566036,0.011558,3
bleu,898,entropy,0.564797,0.00739,3
bleu,899,entropy,0.560368,0.020053,3
bleu,900,entropy,0.579168,0.015294,3
bleu,901,entropy,0.583262,0.02071,3
bleu,902,entropy,0.572882,0.005606,3
bleu,903,entropy,0.575813,0.020411,3
bleu,904,entropy,0.578153,0.012968,3
bleu,905,entropy,0.587413,0.004179,3
bleu,906,entropy,0.584528,0.004907,3
bleu,907,entropy,0.567582,0.012249,3
bleu,908,entropy,0.554386,0.004987,3
bleu,909,entropy,0.565158,0.023481,3
bleu,910,entropy,0.568133,0.0282,3
bleu,911,entropy,0.569831,0.011323,3
bleu,912,entropy,0.569432,0.020821,3
bleu,913,entropy,0.57345,0.011522,3
bleu,914,entropy,0.587224,0.008067,3
bleu,915,entropy,0.576141,0.01533,3
bleu,916,entropy,0.554438,0.0111,3
bleu,917,entropy,0.558626,0.019539,3
bleu,918,entropy,0.566279,0.025488,3
bleu,919,entropy,0.551978,0.009569,3
bleu,920,entropy,0.549579,0.018238,3
bleu,921,entropy,0.563434,0.014757,3
bleu,922,entropy,0.570679,0.004324,3
bleu,923,entropy,0.580449,0.020785,3
bleu,924,entropy,0.582887,0.006435,3
bleu,925,entropy,0.559119,0.021304,3
bleu,926,entropy,0.573044,0.020781,3
bleu,927,entropy,0.579276,0.019878,3
bleu,928,entropy,0.570685,0.011448,3
bleu,929,entropy,0.568502,0.025842,3
bleu,930,entropy,0.577792,0.01376,3
bleu,931,entropy,0.570058,0.005904,3
bleu,932,entropy,0.550081,0.016902,3
bleu,933,entropy,0.546961,0.018224,3
bleu,934,entropy,0.55635,0.008631,3
bleu,935,entropy,0.55957,0.008994,3
bleu,936,entropy,0.555507,0.020224,3
bleu,937,entropy,0.561715,0.027335,3
bleu,938,entropy,0.573986,0.017225,3
bleu,939,entropy,0.566669,0.030377,3
bleu,940,entropy,0.587532,0.009825,3
bleu,941,entropy,0.573385,0.016049,3
bleu,942,entropy,0.562836,0.013559,3
bleu,943,entropy,0.578614,0.008288,3
bleu,944,entropy,0.548927,0.021019,3
bleu,945,entropy,0.571999,0.010684,3
bleu,946,entropy,0.576439,0.018203,3
bleu,947,entropy,0.565599,0.021287,3
bleu,948,entropy,0.561796,0.023454,3
bleu,949,entropy,0.583439,0.018708,3
bleu,950,entropy,0.572697,0.00747,3
bleu,951,entropy,0.562089,0.019531,3
bleu,952,entropy,0.572418,0.016875,3
bleu,953,entropy,0.557478,0.006003,3
bleu,954,entropy,0.583141,0.014378,3
bleu,955,entropy,0.587434,0.003764,3
bleu,956,entropy,0.563296,0.008516,3
bleu,957,entropy,0.577404,0.004435,3
bleu,958,entropy,0.566341,0.017747,3
bleu,959,entropy,0.564475,0.011598,3
bleu,960,entropy,0.558984,0.008258,3
bleu,961,entropy,0.54701,0.015275,3
bleu,962,entropy,0.573288,0.009855,3
bleu,963,entropy,0.577325,0.020436,3
bleu,964,entropy,0.558426,0.022246,3
bleu,965,entropy,0.571572,0.012925,3
bleu,966,entropy,0.558257,0.004013,3
bleu,967,entropy,0.570224,0.00438,3
bleu,968,entropy,0.579825,0.013248,3
bleu,969,entropy,0.566101,0.01914,3
bleu,970,entropy,0.560759,0.003648,3
bleu,971,entropy,0.554402,0.013303,3
bleu,972,entropy,0.573971,0.018739,3
bleu,973,entropy,0.562756,0.002881,3
bleu,974,entropy,0.57791,0.027881,3
bleu,975,entropy,0.572693,0.01859,3
bleu,976,entropy,0.584253,0.007328,3
bleu,977,entropy,0.562053,0.010663,3
bleu,978,entropy,0.597429,0.012298,3
bleu,979,entropy,0.565238,0.013423,3
bleu,980,entropy,0.552761,0.028587,3
bleu,981,entropy,0.58319,0.020035,3
bleu,982,entropy,0.574257,0.023022,3
bleu,983,entropy,0.557137,0.01145,3
bleu,984,entropy,0.552726,0.006751,3
bleu,985,entropy,0.569633,0.013196,3
bleu,986,entropy,0.573429,0.022404,3
bleu,987,entropy,0.564619,0.015939,3
bleu,988,entropy,0.579911,0.00303,3
bleu,989,entropy,0.56375,0.003969,3
bleu,990,entropy,0.583005,0.012126,3
bleu,991,entropy,0.54707,0.009449,3
bleu,992,entropy,0.582724,0.024737,3
bleu,993,entropy,0.57315,0.003165,3
bleu,994,entropy,0.554771,0.008065,3
bleu,995,entropy,0.545476,0.012233,3
bleu,996,entropy,0.582466,0.011918,3
bleu,997,entropy,0.577883,0.019281,3
bleu,998,entropy,0.574259,0.019431,3
bleu,999,entropy,0.562099,0.023248,3
levenshtein,0,eval_exact_match,0.788,0.015748,3
levenshtein,20,eval_exact_match,0.834,0.022627,3
levenshtein,40,eval_exact_match,0.858,0.012754,3
levenshtein,60,eval_exact_match,0.878,0.001633,3
levenshtein,80,eval_exact_match,0.898,0.008165,3
levenshtein,100,eval_exact_match,0.907333,0.012365,3
levenshtein,120,eval_exact_match,0.892,0.007118,3
levenshtein,140,eval_exact_match,0.910667,0.006182,3
levenshtein,160,eval_exact_match,0.912,0.002828,3
levenshtein,180,eval_exact_match,0.921333,0.008055,3
levenshtein,200,eval_exact_match,0.918,0.009798,3
levenshtein,220,eval_exact_match,0.921333,0.013199,3
levenshtein,240,eval_exact_match,0.914,0.011776,3
levenshtein,260,eval_exact_match,0.928,0.001633,3
levenshtein,280,eval_exact_match,0.924,0.00432,3
levenshtein,300,eval_exact_match,0.935333,0.003399,3
levenshtein,320,eval_exact_match,0.938,0.007118,3
levenshtein,340,eval_exact_match,0.934667,0.000943,3
levenshtein,360,eval_exact_match,0.936667,0.005249,3
levenshtein,380,eval_exact_match,0.941333,0.003771,3
levenshtein,400,eval_exact_match,0.932667,0.012472,3
levenshtein,420,eval_exact_match,0.931333,0.008219,3
levenshtein,440,eval_exact_match,0.932,0.00432,3
levenshtein,460,eval_exact_match,0.942,0.010708,3
levenshtein,480,eval_exact_match,0.940667,0.003399,3
levenshtein,500,eval_exact_match,0.94,0.007483,3
levenshtein,520,eval_exact_match,0.944,0.00432,3
levenshtein,540,eval_exact_match,0.945333,0.000943,3
levenshtein,560,eval_exact_match,0.944667,0.00411,3
levenshtein,580,eval_exact_match,0.950667,0.001886,3
levenshtein,600,eval_exact_match,0.944667,0.00411,3
levenshtein,620,eval_exact_match,0.944667,0.0066,3
levenshtein,640,eval_exact_match,0.959333,0.00411,3
levenshtein,660,eval_exact_match,0.958,0.005888,3
levenshtein,680,eval_exact_match,0.948667,0.002494,3
levenshtein,700,eval_exact_match,0.954667,0.00411,3
levenshtein,720,eval_exact_match,0.954667,0.009843,3
levenshtein,740,eval_exact_match,0.954667,0.007364,3
levenshtein,760,eval_exact_match,0.957333,0.00411,3
levenshtein,780,eval_exact_match,0.952,0.006532,3
levenshtein,800,eval_exact_match,0.961333,0.004714,3
levenshtein,820,eval_exact_match,0.958667,0.003771,3
levenshtein,840,eval_exact_match,0.96,0.002828,3
levenshtein,860,eval_exact_match,0.955333,0.001886,3
levenshtein,880,eval_exact_match,0.960667,0.005249,3
levenshtein,900,eval_exact_match,0.958667,0.008055,3
levenshtein,920,eval_exact_match,0.96,0.009798,3
levenshtein,940,eval_exact_match,0.958,0.008165,3
levenshtein,960,eval_exact_match,0.956667,0.003399,3
levenshtein,980,eval_exact_match,0.954,0.010708,3
levenshtein,0,eval_content_f1,0.947467,0.003796,3
levenshtein,20,eval_content_f1,0.954774,0.004586,3
levenshtein,40,eval_content_f1,0.960908,0.004603,3
levenshtein,60,eval_content_f1,0.967667,0.001969,3
levenshtein,80,eval_content_f1,0.9722,0.004758,3
levenshtein,100,eval_content_f1,0.975467,0.004443,3
levenshtein,120,eval_content_f1,0.971133,0.001204,3
levenshtein,140,eval_content_f1,0.975133,0.003671,3
levenshtein,160,eval_content_f1,0.9756,0.001883,3
levenshtein,180,eval_content_f1,0.978667,9.4e-05,3
levenshtein,200,eval_content_f1,0.977867,0.001482,3
levenshtein,220,eval_content_f1,0.978733,0.002478,3
levenshtein,240,eval_content_f1,0.976,0.003217,3
levenshtein,260,eval_content_f1,0.980667,0.000471,3
levenshtein,280,eval_content_f1,0.978333,0.0025,3
levenshtein,300,eval_content_f1,0.981067,0.001948,3
levenshtein,320,eval_content_f1,0.9826,0.002673,3
levenshtein,340,eval_content_f1,0.981333,0.000929,3
levenshtein,360,eval_content_f1,0.982067,0.000929,3
levenshtein,380,eval_content_f1,0.983733,0.002317,3
levenshtein,400,eval_content_f1,0.981,0.002142,3
levenshtein,420,eval_content_f1,0.982133,0.002068,3
levenshtein,440,eval_content_f1,0.982133,0.000411,3
levenshtein,460,eval_content_f1,0.983467,0.001791,3
levenshtein,480,eval_content_f1,0.982733,0.000943,3
levenshtein,500,eval_content_f1,0.983133,0.000806,3
levenshtein,520,eval_content_f1,0.984067,0.000899,3
levenshtein,540,eval_content_f1,0.9846,0.001558,3
levenshtein,560,eval_content_f1,0.9832,0.002209,3
levenshtein,580,eval_content_f1,0.985933,0.001389,3
levenshtein,600,eval_content_f1,0.984267,0.002156,3
levenshtein,620,eval_content_f1,0.984333,0.003013,3
levenshtein,640,eval_content_f1,0.987267,0.001569,3
levenshtein,660,eval_content_f1,0.986933,0.00264,3
levenshtein,680,eval_content_f1,0.986533,0.000525,3
levenshtein,700,eval_content_f1,0.989133,0.00137,3
levenshtein,720,eval_content_f1,0.988133,0.004047,3
levenshtein,740,eval_content_f1,0.9884,0.002406,3
levenshtein,760,eval_content_f1,0.9886,0.000432,3
levenshtein,780,eval_content_f1,0.987667,0.001879,3
levenshtein,800,eval_content_f1,0.9892,0.002471,3
levenshtein,820,eval_content_f1,0.989667,0.001427,3
levenshtein,840,eval_content_f1,0.9912,0.000712,3
levenshtein,860,eval_content_f1,0.9886,0.000909,3
levenshtein,880,eval_content_f1,0.988733,0.001427,3
levenshtein,900,eval_content_f1,0.989133,0.00238,3
levenshtein,920,eval_content_f1,0.99,0.002046,3
levenshtein,940,eval_content_f1,0.989034,0.001773,3
levenshtein,960,eval_content_f1,0.98779,0.002047,3
levenshtein,980,eval_content_f1,0.9878,0.003179,3
levenshtein,0,reward_mean,0.656921,0.020853,3
levenshtein,1,reward_mean,0.654025,0.029205,3
levenshtein,2,reward_mean,0.631912,0.011045,3
levenshtein,3,reward_mean,0.632227,0.029549,3
levenshtein,4,reward_mean,0.654427,0.006821,3
levenshtein,5,reward_mean,0.633357,0.029115,3
levenshtein,6,reward_mean,0.623007,0.009262,3
levenshtein,7,reward_mean,0.613769,0.02245,3
levenshtein,8,reward_mean,0.608544,0.018576,3
levenshtein,9,reward_mean,0.617318,0.016638,3
levenshtein,10,reward_mean,0.625027,0.027237,3
levenshtein,11,reward_mean,0.640104,0.018099,3
levenshtein,12,reward_mean,0.620409,0.031793,3
levenshtein,13,reward_mean,0.637435,0.002622,3
levenshtein,14,reward_mean,0.626172,0.004419,3
levenshtein,15,reward_mean,0.633428,0.040128,3
levenshtein,16,reward_mean,0.629188,0.014237,3
levenshtein,17,reward_mean,0.648722,0.016258,3
levenshtein,18,reward_mean,0.651172,0.020885,3
levenshtein,19,reward_mean,0.61875,0.0257,3
levenshtein,20,reward_mean,0.651827,0.03127,3
levenshtein,21,reward_mean,0.658328,0.006474,3
levenshtein,22,reward_mean,0.645672,0.005228,3
levenshtein,23,reward_mean,0.667643,0.005759,3
levenshtein,24,reward_mean,0.623224,0.014175,3
levenshtein,25,reward_mean,0.644141,0.022435,3
levenshtein,26,reward_mean,0.671549,0.028979,3
levenshtein,27,reward_mean,0.644568,0.008649,3
levenshtein,28,reward_mean,0.652488,0.007294,3
levenshtein,29,reward_mean,0.663325,0.023961,3
levenshtein,30,reward_mean,0.647331,0.005343,3
levenshtein,31,reward_mean,0.672765,0.022991,3
levenshtein,32,reward_mean,0.677886,0.026518,3
levenshtein,33,reward_mean,0.656214,0.003871,3
levenshtein,34,reward_mean,0.675521,0.018491,3
levenshtein,35,reward_mean,0.661174,0.027413,3
levenshtein,36,reward_mean,0.655729,0.011421,3
levenshtein,37,reward_mean,0.658203,0.005823,3
levenshtein,38,reward_mean,0.681262,0.012719,3
levenshtein,39,reward_mean,0.65878,0.006644,3
levenshtein,40,reward_mean,0.68457,0.010366,3
levenshtein,41,reward_mean,0.665365,0.015951,3
levenshtein,42,reward_mean,0.680339,0.007867,3
levenshtein,43,reward_mean,0.66134,0.009647,3
levenshtein,44,reward_mean,0.675911,0.017885,3
levenshtein,45,reward_mean,0.661393,0.011972,3
levenshtein,46,reward_mean,0.664556,0.01117,3
levenshtein,47,reward_mean,0.64705,0.012443,3
levenshtein,48,reward_mean,0.663185,0.011987,3
levenshtein,49,reward_mean,0.672656,0.014289,3
levenshtein,50,reward_mean,0.679167,0.035575,3
levenshtein,51,reward_mean,0.66276,0.024592,3
levenshtein,52,reward_mean,0.681795,0.005634,3
levenshtein,53,reward_mean,0.644466,0.013767,3
levenshtein,54,reward_mean,0.664489,0.010898,3
levenshtein,55,reward_mean,0.655763,0.016279,3
levenshtein,56,reward_mean,0.663378,0.015383,3
levenshtein,57,reward_mean,0.663672,0.025895,3
levenshtein,58,reward_mean,0.667614,0.014475,3
levenshtein,59,reward_mean,0.666146,0.008596,3
levenshtein,60,reward_mean,0.673763,0.009489,3
levenshtein,61,reward_mean,0.690755,0.00802,3
levenshtein,62,reward_mean,0.671875,0.01109,3
levenshtein,63,reward_mean,0.67487,0.025872,3
levenshtein,64,reward_mean,0.673472,0.012554,3
levenshtein,65,reward_mean,0.68151,0.026111,3
levenshtein,66,reward_mean,0.67557,0.020854,3
levenshtein,67,reward_mean,0.696911,0.025945,3
levenshtein,68,reward_mean,0.661589,0.013874,3
levenshtein,69,reward_mean,0.660998,0.008686,3
levenshtein,70,reward_mean,0.658333,0.008806,3
levenshtein,71,reward_mean,0.671177,0.015729,3
levenshtein,72,reward_mean,0.688449,0.015879,3
levenshtein,73,reward_mean,0.68284,0.007017,3
levenshtein,74,reward_mean,0.688932,0.023159,3
levenshtein,75,reward_mean,0.66901,0.015383,3
levenshtein,76,reward_mean,0.683866,0.010631,3
levenshtein,77,reward_mean,0.685156,0.011535,3
levenshtein,78,reward_mean,0.686979,0.015852,3
levenshtein,79,reward_mean,0.69299,0.012029,3
levenshtein,80,reward_mean,0.696208,0.016138,3
levenshtein,81,reward_mean,0.694466,0.005972,3
levenshtein,82,reward_mean,0.672691,0.017654,3
levenshtein,83,reward_mean,0.702754,0.011738,3
levenshtein,84,reward_mean,0.690365,0.020175,3
levenshtein,85,reward_mean,0.677083,0.016994,3
levenshtein,86,reward_mean,0.68125,0.007189,3
levenshtein,87,reward_mean,0.668796,0.013007,3
levenshtein,88,reward_mean,0.690385,0.021406,3
levenshtein,89,reward_mean,0.686133,0.01767,3
levenshtein,90,reward_mean,0.706593,0.008833,3
levenshtein,91,reward_mean,0.697806,0.034685,3
levenshtein,92,reward_mean,0.692057,0.019183,3
levenshtein,93,reward_mean,0.682943,0.007918,3
levenshtein,94,reward_mean,0.682792,0.029111,3
levenshtein,95,reward_mean,0.690755,0.018256,3
levenshtein,96,reward_mean,0.71862,0.011386,3
levenshtein,97,reward_mean,0.696579,0.015063,3
levenshtein,98,reward_mean,0.690951,0.016051,3
levenshtein,99,reward_mean,0.690755,0.01319,3
levenshtein,100,reward_mean,0.693229,0.016696,3
levenshtein,101,reward_mean,0.685417,0.033026,3
levenshtein,102,reward_mean,0.694516,0.027179,3
levenshtein,103,reward_mean,0.698438,0.007473,3
levenshtein,104,reward_mean,0.676398,0.009853,3
levenshtein,105,reward_mean,0.670964,0.006293,3
levenshtein,106,reward_mean,0.708854,0.00549,3
levenshtein,107,reward_mean,0.686458,0.038276,3
levenshtein,108,reward_mean,0.707212,0.010111,3
levenshtein,109,reward_mean,0.690625,0.009478,3
levenshtein,110,reward_mean,0.689323,0.01604,3
levenshtein,111,reward_mean,0.702865,0.010391,3
levenshtein,112,reward_mean,0.700955,0.014016,3
levenshtein,113,reward_mean,0.709553,0.027407,3
levenshtein,114,reward_mean,0.683243,0.012604,3
levenshtein,115,reward_mean,0.703516,0.018375,3
levenshtein,116,reward_mean,0.698302,0.005217,3
levenshtein,117,reward_mean,0.696571,0.012412,3
levenshtein,118,reward_mean,0.689289,0.017584,3
levenshtein,119,reward_mean,0.697746,0.027483,3
levenshtein,120,reward_mean,0.690032,0.016821,3
levenshtein,121,reward_mean,0.66726,0.02295,3
levenshtein,122,reward_mean,0.693676,0.015051,3
levenshtein,123,reward_mean,0.719271,0.032092,3
levenshtein,124,reward_mean,0.695312,0.020739,3
levenshtein,125,reward_mean,0.695312,0.013262,3
levenshtein,126,reward_mean,0.676398,0.00598,3
levenshtein,127,reward_mean,0.709115,0.043378,3
levenshtein,128,reward_mean,0.698047,0.014682,3
levenshtein,129,reward_mean,0.697591,0.016054,3
levenshtein,130,reward_mean,0.714844,0.007224,3
levenshtein,131,reward_mean,0.711849,0.021022,3
levenshtein,132,reward_mean,0.697483,0.002773,3
levenshtein,133,reward_mean,0.711458,0.00759,3
levenshtein,134,reward_mean,0.697857,0.010351,3
levenshtein,135,reward_mean,0.707113,0.019103,3
levenshtein,136,reward_mean,0.706086,0.014247,3
levenshtein,137,reward_mean,0.711747,0.020513,3
levenshtein,138,reward_mean,0.726515,0.002038,3
levenshtein,139,reward_mean,0.702734,0.019408,3
levenshtein,140,reward_mean,0.710156,0.01119,3
levenshtein,141,reward_mean,0.697135,0.017094,3
levenshtein,142,reward_mean,0.70347,0.009199,3
levenshtein,143,reward_mean,0.682312,0.018815,3
levenshtein,144,reward_mean,0.702604,0.027919,3
levenshtein,145,reward_mean,0.704836,0.021738,3
levenshtein,146,reward_mean,0.709635,0.014893,3
levenshtein,147,reward_mean,0.702138,0.020273,3
levenshtein,148,reward_mean,0.709766,0.020797,3
levenshtein,149,reward_mean,0.685547,0.00616,3
levenshtein,150,reward_mean,0.672005,0.015264,3
levenshtein,151,reward_mean,0.682161,0.004101,3
levenshtein,152,reward_mean,0.70638,0.015839,3
levenshtein,153,reward_mean,0.708831,0.02156,3
levenshtein,154,reward_mean,0.712471,0.012968,3
levenshtein,155,reward_mean,0.73138,0.010317,3
levenshtein,156,reward_mean,0.707144,0.022061,3
levenshtein,157,reward_mean,0.720833,0.024466,3
levenshtein,158,reward_mean,0.693501,0.007037,3
levenshtein,159,reward_mean,0.715755,0.017876,3
levenshtein,160,reward_mean,0.700521,0.01319,3
levenshtein,161,reward_mean,0.693182,0.017347,3
levenshtein,162,reward_mean,0.696647,0.005429,3
levenshtein,163,reward_mean,0.710547,0.027249,3
levenshtein,164,reward_mean,0.710872,0.022095,3
levenshtein,165,reward_mean,0.723624,0.026274,3
levenshtein,166,reward_mean,0.698568,0.009889,3
levenshtein,167,reward_mean,0.711213,0.012045,3
levenshtein,168,reward_mean,0.695584,0.030993,3
levenshtein,169,reward_mean,0.695312,0.013498,3
levenshtein,170,reward_mean,0.714487,0.011224,3
levenshtein,171,reward_mean,0.709375,0.020985,3
levenshtein,172,reward_mean,0.712925,0.027383,3
levenshtein,173,reward_mean,0.706346,0.012953,3
levenshtein,174,reward_mean,0.690649,0.023549,3
levenshtein,175,reward_mean,0.689323,0.012309,3
levenshtein,176,reward_mean,0.73111,0.016848,3
levenshtein,177,reward_mean,0.722999,0.017424,3
levenshtein,178,reward_mean,0.713423,0.0217,3
levenshtein,179,reward_mean,0.707613,0.01002,3
levenshtein,180,reward_mean,0.703646,0.023613,3
levenshtein,181,reward_mean,0.722668,0.017536,3
levenshtein,182,reward_mean,0.709635,0.013359,3
levenshtein,183,reward_mean,0.70638,0.018351,3
levenshtein,184,reward_mean,0.691276,0.018026,3
levenshtein,185,reward_mean,0.709245,0.023924,3
levenshtein,186,reward_mean,0.716406,0.023531,3
levenshtein,187,reward_mean,0.734896,0.021186,3
levenshtein,188,reward_mean,0.701763,0.031014,3
levenshtein,189,reward_mean,0.724533,0.009084,3
levenshtein,190,reward_mean,0.71237,0.002558,3
levenshtein,191,reward_mean,0.71849,0.016836,3
levenshtein,192,reward_mean,0.716406,0.008457,3
levenshtein,193,reward_mean,0.743403,0.00319,3
levenshtein,194,reward_mean,0.706771,0.036536,3
levenshtein,195,reward_mean,0.72513,0.01522,3
levenshtein,196,reward_mean,0.730599,0.034177,3
levenshtein,197,reward_mean,0.732774,0.003973,3
levenshtein,198,reward_mean,0.707943,0.012823,3
levenshtein,199,reward_mean,0.72384,0.018942,3
levenshtein,200,reward_mean,0.721745,0.026513,3
levenshtein,201,reward_mean,0.728314,0.012722,3
levenshtein,202,reward_mean,0.7101,0.026301,3
levenshtein,203,reward_mean,0.692578,0.018696,3
levenshtein,204,reward_mean,0.709635,0.02964,3
levenshtein,205,reward_mean,0.703646,0.002894,3
levenshtein,206,reward_mean,0.708464,0.018533,3
levenshtein,207,reward_mean,0.722786,0.010208,3
levenshtein,208,reward_mean,0.707422,0.017128,3
levenshtein,209,reward_mean,0.724905,0.007326,3
levenshtein,210,reward_mean,0.720964,0.004648,3
levenshtein,211,reward_mean,0.711849,0.02457,3
levenshtein,212,reward_mean,0.701823,0.011488,3
levenshtein,213,reward_mean,0.707758,0.004797,3
levenshtein,214,reward_mean,0.705904,0.013175,3
levenshtein,215,reward_mean,0.697526,0.011457,3
levenshtein,216,reward_mean,0.717023,0.005478,3
levenshtein,217,reward_mean,0.724978,0.017412,3
levenshtein,218,reward_mean,0.729111,0.018666,3
levenshtein,219,reward_mean,0.730041,0.016725,3
levenshtein,220,reward_mean,0.714959,0.019697,3
levenshtein,221,reward_mean,0.685938,0.011272,3
levenshtein,222,reward_mean,0.719661,0.020876,3
levenshtein,223,reward_mean,0.738572,0.012418,3
levenshtein,224,reward_mean,0.703597,0.003689,3
levenshtein,225,reward_mean,0.730537,0.017362,3
levenshtein,226,reward_mean,0.722047,0.009024,3
levenshtein,227,reward_mean,0.726302,0.036592,3
levenshtein,228,reward_mean,0.720182,0.010464,3
levenshtein,229,reward_mean,0.720182,0.030626,3
levenshtein,230,reward_mean,0.717318,0.008325,3
levenshtein,231,reward_mean,0.733215,0.008815,3
levenshtein,232,reward_mean,0.712891,0.018507,3
levenshtein,233,reward_mean,0.717478,0.021616,3
levenshtein,234,reward_mean,0.714063,0.007675,3
levenshtein,235,reward_mean,0.727344,0.007224,3
levenshtein,236,reward_mean,0.735156,0.015333,3
levenshtein,237,reward_mean,0.726259,0.043422,3
levenshtein,238,reward_mean,0.705044,0.014761,3
levenshtein,239,reward_mean,0.72793,0.017889,3
levenshtein,240,reward_mean,0.730208,0.008134,3
levenshtein,241,reward_mean,0.736538,0.007595,3
levenshtein,242,reward_mean,0.730729,0.018032,3
levenshtein,243,reward_mean,0.707594,0.021591,3
levenshtein,244,reward_mean,0.717876,0.020728,3
levenshtein,245,reward_mean,0.716993,0.032899,3
levenshtein,246,reward_mean,0.725787,0.014358,3
levenshtein,247,reward_mean,0.711979,0.006088,3
levenshtein,248,reward_mean,0.739725,0.03212,3
levenshtein,249,reward_mean,0.732559,0.005081,3
levenshtein,250,reward_mean,0.734712,0.010049,3
levenshtein,251,reward_mean,0.719038,0.011018,3
levenshtein,252,reward_mean,0.730516,0.015154,3
levenshtein,253,reward_mean,0.748503,0.028399,3
levenshtein,254,reward_mean,0.718294,0.023221,3
levenshtein,255,reward_mean,0.717365,0.02699,3
levenshtein,256,reward_mean,0.738281,0.016976,3
levenshtein,257,reward_mean,0.737275,0.013413,3
levenshtein,258,reward_mean,0.724184,0.013016,3
levenshtein,259,reward_mean,0.715855,0.015106,3
levenshtein,260,reward_mean,0.732143,0.026553,3
levenshtein,261,reward_mean,0.728049,0.017252,3
levenshtein,262,reward_mean,0.715625,0.003141,3
levenshtein,263,reward_mean,0.728516,0.021566,3
levenshtein,264,reward_mean,0.721712,0.012934,3
levenshtein,265,reward_mean,0.722005,0.011013,3
levenshtein,266,reward_mean,0.696354,0.013757,3
levenshtein,267,reward_mean,0.713932,0.000487,3
levenshtein,268,reward_mean,0.718056,0.012242,3
levenshtein,269,reward_mean,0.72614,0.002341,3
levenshtein,270,reward_mean,0.714598,0.026178,3
levenshtein,271,reward_mean,0.729353,0.021312,3
levenshtein,272,reward_mean,0.725996,0.00773,3
levenshtein,273,reward_mean,0.72819,0.00901,3
levenshtein,274,reward_mean,0.727083,0.002963,3
levenshtein,275,reward_mean,0.736328,0.007734,3
levenshtein,276,reward_mean,0.74864,0.021198,3
levenshtein,277,reward_mean,0.718762,0.011036,3
levenshtein,278,reward_mean,0.736979,0.022229,3
levenshtein,279,reward_mean,0.753255,0.01447,3
levenshtein,280,reward_mean,0.735938,0.012674,3
levenshtein,281,reward_mean,0.726107,0.019132,3
levenshtein,282,reward_mean,0.750391,0.004219,3
levenshtein,283,reward_mean,0.76044,0.008162,3
levenshtein,284,reward_mean,0.740551,0.010639,3
levenshtein,285,reward_mean,0.73642,0.00942,3
levenshtein,286,reward_mean,0.74226,0.011565,3
levenshtein,287,reward_mean,0.739637,0.024242,3
levenshtein,288,reward_mean,0.729818,0.016012,3
levenshtein,289,reward_mean,0.732388,0.019449,3
levenshtein,290,reward_mean,0.703161,0.011177,3
levenshtein,291,reward_mean,0.715776,0.025237,3
levenshtein,292,reward_mean,0.73928,0.002065,3
levenshtein,293,reward_mean,0.730054,0.005585,3
levenshtein,294,reward_mean,0.726324,0.019696,3
levenshtein,295,reward_mean,0.731908,0.013822,3
levenshtein,296,reward_mean,0.724479,0.023809,3
levenshtein,297,reward_mean,0.739198,0.015502,3
levenshtein,298,reward_mean,0.695052,0.019323,3
levenshtein,299,reward_mean,0.746226,0.020958,3
levenshtein,300,reward_mean,0.72309,0.039524,3
levenshtein,301,reward_mean,0.750462,0.002063,3
levenshtein,302,reward_mean,0.737946,0.022875,3
levenshtein,303,reward_mean,0.718815,0.016124,3
levenshtein,304,reward_mean,0.7223,0.011738,3
levenshtein,305,reward_mean,0.714618,0.005527,3
levenshtein,306,reward_mean,0.745443,0.006004,3
levenshtein,307,reward_mean,0.744827,0.007685,3
levenshtein,308,reward_mean,0.715532,0.017734,3
levenshtein,309,reward_mean,0.719922,0.023388,3
levenshtein,310,reward_mean,0.748439,0.001914,3
levenshtein,311,reward_mean,0.741368,0.006234,3
levenshtein,312,reward_mean,0.727344,0.007103,3
levenshtein,313,reward_mean,0.746745,0.023132,3
levenshtein,314,reward_mean,0.740961,0.013494,3
levenshtein,315,reward_mean,0.713643,0.007348,3
levenshtein,316,reward_mean,0.728029,0.025944,3
levenshtein,317,reward_mean,0.703872,0.016093,3
levenshtein,318,reward_mean,0.72616,0.005734,3
levenshtein,319,reward_mean,0.734431,0.020195,3
levenshtein,320,reward_mean,0.720685,0.024973,3
levenshtein,321,reward_mean,0.749469,0.019692,3
levenshtein,322,reward_mean,0.760708,0.018829,3
levenshtein,323,reward_mean,0.725935,0.02333,3
levenshtein,324,reward_mean,0.74966,0.017088,3
levenshtein,325,reward_mean,0.739499,0.003167,3
levenshtein,326,reward_mean,0.721484,0.018047,3
levenshtein,327,reward_mean,0.73098,0.011402,3
levenshtein,328,reward_mean,0.723416,0.013777,3
levenshtein,329,reward_mean,0.730562,0.006568,3
levenshtein,330,reward_mean,0.739909,0.013477,3
levenshtein,331,reward_mean,0.754795,0.008978,3
levenshtein,332,reward_mean,0.715414,0.01636,3
levenshtein,333,reward_mean,0.733272,0.025861,3
levenshtein,334,reward_mean,0.742992,0.02035,3
levenshtein,335,reward_mean,0.754036,0.002558,3
levenshtein,336,reward_mean,0.734345,0.00941,3
levenshtein,337,reward_mean,0.739635,0.016428,3
levenshtein,338,reward_mean,0.728475,0.013022,3
levenshtein,339,reward_mean,0.735938,0.010443,3
levenshtein,340,reward_mean,0.725272,0.028054,3
levenshtein,341,reward_mean,0.758393,0.018102,3
levenshtein,342,reward_mean,0.731798,0.001275,3
levenshtein,343,reward_mean,0.75332,0.012329,3
levenshtein,344,reward_mean,0.738252,0.012628,3
levenshtein,345,reward_mean,0.716116,0.026711,3
levenshtein,346,reward_mean,0.747496,0.008473,3
levenshtein,347,reward_mean,0.769804,0.021173,3
levenshtein,348,reward_mean,0.731574,0.007959,3
levenshtein,349,reward_mean,0.740848,0.008045,3
levenshtein,350,reward_mean,0.762994,0.01562,3
levenshtein,351,reward_mean,0.745406,0.007873,3
levenshtein,352,reward_mean,0.751287,0.008429,3
levenshtein,353,reward_mean,0.747886,0.011845,3
levenshtein,354,reward_mean,0.757728,0.019038,3
levenshtein,355,reward_mean,0.739084,0.018052,3
levenshtein,356,reward_mean,0.755621,0.009524,3
levenshtein,357,reward_mean,0.727923,0.031687,3
levenshtein,358,reward_mean,0.740461,0.030646,3
levenshtein,359,reward_mean,0.754622,0.014628,3
levenshtein,360,reward_mean,0.761849,0.020869,3
levenshtein,361,reward_mean,0.748828,0.016276,3
levenshtein,362,reward_mean,0.737618,0.016175,3
levenshtein,363,reward_mean,0.766905,0.003145,3
levenshtein,364,reward_mean,0.754287,0.006381,3
levenshtein,365,reward_mean,0.762109,0.01119,3
levenshtein,366,reward_mean,0.732106,0.016536,3
levenshtein,367,reward_mean,0.731843,0.028477,3
levenshtein,368,reward_mean,0.750429,0.010385,3
levenshtein,369,reward_mean,0.727241,0.01729,3
levenshtein,370,reward_mean,0.730729,0.00622,3
levenshtein,371,reward_mean,0.740603,0.022399,3
levenshtein,372,reward_mean,0.758221,0.017786,3
levenshtein,373,reward_mean,0.72526,0.002307,3
levenshtein,374,reward_mean,0.756055,0.006425,3
levenshtein,375,reward_mean,0.7497,0.016722,3
levenshtein,376,reward_mean,0.752083,0.021372,3
levenshtein,377,reward_mean,0.743294,0.021973,3
levenshtein,378,reward_mean,0.737464,0.008343,3
levenshtein,379,reward_mean,0.743496,0.01751,3
levenshtein,380,reward_mean,0.7358,0.026799,3
levenshtein,381,reward_mean,0.738728,0.020913,3
levenshtein,382,reward_mean,0.750971,0.010671,3
levenshtein,383,reward_mean,0.772799,0.016422,3
levenshtein,384,reward_mean,0.755029,0.014072,3
levenshtein,385,reward_mean,0.747917,0.036561,3
levenshtein,386,reward_mean,0.744364,0.018145,3
levenshtein,387,reward_mean,0.755541,0.01573,3
levenshtein,388,reward_mean,0.721097,0.014905,3
levenshtein,389,reward_mean,0.751953,0.01271,3
levenshtein,390,reward_mean,0.75638,0.007191,3
levenshtein,391,reward_mean,0.753144,0.015636,3
levenshtein,392,reward_mean,0.76533,0.006733,3
levenshtein,393,reward_mean,0.74428,0.014541,3
levenshtein,394,reward_mean,0.734482,0.007246,3
levenshtein,395,reward_mean,0.775067,0.00636,3
levenshtein,396,reward_mean,0.741016,0.0023,3
levenshtein,397,reward_mean,0.756933,0.010689,3
levenshtein,398,reward_mean,0.74897,0.02593,3
levenshtein,399,reward_mean,0.752995,0.012542,3
levenshtein,400,reward_mean,0.757096,0.009993,3
levenshtein,401,reward_mean,0.762634,0.029446,3
levenshtein,402,reward_mean,0.755051,0.011871,3
levenshtein,403,reward_mean,0.740312,0.002115,3
levenshtein,404,reward_mean,0.743917,0.018505,3
levenshtein,405,reward_mean,0.745103,0.012901,3
levenshtein,406,reward_mean,0.746117,0.006867,3
levenshtein,407,reward_mean,0.738802,0.011032,3
levenshtein,408,reward_mean,0.754793,0.019967,3
levenshtein,409,reward_mean,0.747917,0.008416,3
levenshtein,410,reward_mean,0.72312,0.014979,3
levenshtein,411,reward_mean,0.737984,0.01063,3
levenshtein,412,reward_mean,0.755718,0.016248,3
levenshtein,413,reward_mean,0.757292,0.019706,3
levenshtein,414,reward_mean,0.747266,0.011801,3
levenshtein,415,reward_mean,0.741483,0.02935,3
levenshtein,416,reward_mean,0.733484,0.018905,3
levenshtein,417,reward_mean,0.748958,0.013109,3
levenshtein,418,reward_mean,0.747786,0.005619,3
levenshtein,419,reward_mean,0.742841,0.01643,3
levenshtein,420,reward_mean,0.754993,0.007376,3
levenshtein,421,reward_mean,0.755378,0.003415,3
levenshtein,422,reward_mean,0.756918,0.026605,3
levenshtein,423,reward_mean,0.736225,0.025859,3
levenshtein,424,reward_mean,0.737968,0.00885,3
levenshtein,425,reward_mean,0.761695,0.019742,3
levenshtein,426,reward_mean,0.743476,0.013236,3
levenshtein,427,reward_mean,0.736882,0.007918,3
levenshtein,428,reward_mean,0.759759,0.017691,3
levenshtein,429,reward_mean,0.753402,0.006006,3
levenshtein,430,reward_mean,0.757045,0.017121,3
levenshtein,431,reward_mean,0.757943,0.009602,3
levenshtein,432,reward_mean,0.757642,0.028803,3
levenshtein,433,reward_mean,0.727604,0.021465,3
levenshtein,434,reward_mean,0.74974,0.015019,3
levenshtein,435,reward_mean,0.742708,0.012088,3
levenshtein,436,reward_mean,0.776554,0.012909,3
levenshtein,437,reward_mean,0.747591,0.005777,3
levenshtein,438,reward_mean,0.767345,0.005968,3
levenshtein,439,reward_mean,0.745071,0.016601,3
levenshtein,440,reward_mean,0.751598,0.030469,3
levenshtein,441,reward_mean,0.745322,0.018016,3
levenshtein,442,reward_mean,0.740004,0.023219,3
levenshtein,443,reward_mean,0.767981,0.015271,3
levenshtein,444,reward_mean,0.756517,0.021908,3
levenshtein,445,reward_mean,0.752515,0.003737,3
levenshtein,446,reward_mean,0.748754,0.017686,3
levenshtein,447,reward_mean,0.760593,0.018855,3
levenshtein,448,reward_mean,0.756209,0.019418,3
levenshtein,449,reward_mean,0.766798,0.005134,3
levenshtein,450,reward_mean,0.770608,0.025772,3
levenshtein,451,reward_mean,0.745631,0.033779,3
levenshtein,452,reward_mean,0.744866,0.014642,3
levenshtein,453,reward_mean,0.748545,0.009762,3
levenshtein,454,reward_mean,0.730784,0.031019,3
levenshtein,455,reward_mean,0.747851,0.027081,3
levenshtein,456,reward_mean,0.744922,0.00575,3
levenshtein,457,reward_mean,0.749709,0.018429,3
levenshtein,458,reward_mean,0.756684,0.009251,3
levenshtein,459,reward_mean,0.740142,0.013478,3
levenshtein,460,reward_mean,0.758085,0.021076,3
levenshtein,461,reward_mean,0.753185,0.026161,3
levenshtein,462,reward_mean,0.760581,0.026201,3
levenshtein,463,reward_mean,0.758984,0.008493,3
levenshtein,464,reward_mean,0.740099,0.001866,3
levenshtein,465,reward_mean,0.746259,0.020633,3
levenshtein,466,reward_mean,0.765112,0.01228,3
levenshtein,467,reward_mean,0.736608,0.011835,3
levenshtein,468,reward_mean,0.744027,0.013526,3
levenshtein,469,reward_mean,0.736239,0.019983,3
levenshtein,470,reward_mean,0.763771,0.022656,3
levenshtein,471,reward_mean,0.749231,0.019096,3
levenshtein,472,reward_mean,0.770755,0.023499,3
levenshtein,473,reward_mean,0.747221,0.000552,3
levenshtein,474,reward_mean,0.760639,0.019367,3
levenshtein,475,reward_mean,0.756789,0.015003,3
levenshtein,476,reward_mean,0.768672,0.008408,3
levenshtein,477,reward_mean,0.763672,0.030938,3
levenshtein,478,reward_mean,0.76875,0.008138,3
levenshtein,479,reward_mean,0.766412,0.007068,3
levenshtein,480,reward_mean,0.755042,0.017381,3
levenshtein,481,reward_mean,0.771895,0.017327,3
levenshtein,482,reward_mean,0.748722,0.007379,3
levenshtein,483,reward_mean,0.734803,0.016301,3
levenshtein,484,reward_mean,0.749077,0.01151,3
levenshtein,485,reward_mean,0.772028,0.004763,3
levenshtein,486,reward_mean,0.766818,0.006388,3
levenshtein,487,reward_mean,0.76358,0.022132,3
levenshtein,488,reward_mean,0.751971,0.015674,3
levenshtein,489,reward_mean,0.752724,0.019811,3
levenshtein,490,reward_mean,0.75022,0.031377,3
levenshtein,491,reward_mean,0.780894,0.010264,3
levenshtein,492,reward_mean,0.743798,0.017202,3
levenshtein,493,reward_mean,0.741131,0.009435,3
levenshtein,494,reward_mean,0.768947,0.019702,3
levenshtein,495,reward_mean,0.767475,0.033929,3
levenshtein,496,reward_mean,0.753214,0.007552,3
levenshtein,497,reward_mean,0.766502,0.010417,3
levenshtein,498,reward_mean,0.777563,0.004831,3
levenshtein,499,reward_mean,0.746181,0.01919,3
levenshtein,500,reward_mean,0.778857,0.030828,3
levenshtein,501,reward_mean,0.752771,0.018331,3
levenshtein,502,reward_mean,0.754539,0.025517,3
levenshtein,503,reward_mean,0.778587,0.005438,3
levenshtein,504,reward_mean,0.742795,0.033514,3
levenshtein,505,reward_mean,0.756841,0.007717,3
levenshtein,506,reward_mean,0.761977,0.013725,3
levenshtein,507,reward_mean,0.778234,0.012844,3
levenshtein,508,reward_mean,0.76311,0.016639,3
levenshtein,509,reward_mean,0.754841,0.013274,3
levenshtein,510,reward_mean,0.77143,0.002172,3
levenshtein,511,reward_mean,0.759065,0.020518,3
levenshtein,512,reward_mean,0.760653,0.016473,3
levenshtein,513,reward_mean,0.743158,0.015647,3
levenshtein,514,reward_mean,0.731113,0.012636,3
levenshtein,515,reward_mean,0.776327,0.016673,3
levenshtein,516,reward_mean,0.753842,0.008436,3
levenshtein,517,reward_mean,0.752762,0.014985,3
levenshtein,518,reward_mean,0.773568,0.008713,3
levenshtein,519,reward_mean,0.753272,0.019463,3
levenshtein,520,reward_mean,0.761719,0.014289,3
levenshtein,521,reward_mean,0.757929,0.023784,3
levenshtein,522,reward_mean,0.754443,0.016502,3
levenshtein,523,reward_mean,0.768178,0.006696,3
levenshtein,524,reward_mean,0.753061,0.028222,3
levenshtein,525,reward_mean,0.779812,0.011108,3
levenshtein,526,reward_mean,0.762069,0.017064,3
levenshtein,527,reward_mean,0.766513,0.028747,3
levenshtein,528,reward_mean,0.772837,0.010519,3
levenshtein,529,reward_mean,0.744975,0.012439,3
levenshtein,530,reward_mean,0.767578,0.022237,3
levenshtein,531,reward_mean,0.779448,0.025191,3
levenshtein,532,reward_mean,0.774403,0.01687,3
levenshtein,533,reward_mean,0.768282,0.019572,3
levenshtein,534,reward_mean,0.740942,0.011228,3
levenshtein,535,reward_mean,0.767708,0.016702,3
levenshtein,536,reward_mean,0.764066,0.025635,3
levenshtein,537,reward_mean,0.755035,0.0174,3
levenshtein,538,reward_mean,0.756806,0.025127,3
levenshtein,539,reward_mean,0.764223,0.004754,3
levenshtein,540,reward_mean,0.758268,0.019462,3
levenshtein,541,reward_mean,0.744584,0.012887,3
levenshtein,542,reward_mean,0.780478,0.017854,3
levenshtein,543,reward_mean,0.744509,0.021651,3
levenshtein,544,reward_mean,0.745639,0.006705,3
levenshtein,545,reward_mean,0.785643,0.011288,3
levenshtein,546,reward_mean,0.756216,0.010329,3
levenshtein,547,reward_mean,0.76156,0.011903,3
levenshtein,548,reward_mean,0.755373,0.018898,3
levenshtein,549,reward_mean,0.745916,0.016282,3
levenshtein,550,reward_mean,0.76447,0.028617,3
levenshtein,551,reward_mean,0.765206,0.009109,3
levenshtein,552,reward_mean,0.752436,0.023234,3
levenshtein,553,reward_mean,0.754918,0.000771,3
levenshtein,554,reward_mean,0.767674,0.025724,3
levenshtein,555,reward_mean,0.766465,0.011306,3
levenshtein,556,reward_mean,0.74952,0.011819,3
levenshtein,557,reward_mean,0.754209,0.011943,3
levenshtein,558,reward_mean,0.781268,0.009504,3
levenshtein,559,reward_mean,0.752344,0.011887,3
levenshtein,560,reward_mean,0.762158,0.007754,3
levenshtein,561,reward_mean,0.761015,0.035714,3
levenshtein,562,reward_mean,0.767205,0.028414,3
levenshtein,563,reward_mean,0.759953,0.015686,3
levenshtein,564,reward_mean,0.754899,0.025816,3
levenshtein,565,reward_mean,0.780339,0.00838,3
levenshtein,566,reward_mean,0.777144,0.011852,3
levenshtein,567,reward_mean,0.764265,0.034995,3
levenshtein,568,reward_mean,0.771974,0.006136,3
levenshtein,569,reward_mean,0.77971,0.017411,3
levenshtein,570,reward_mean,0.78506,0.008336,3
levenshtein,571,reward_mean,0.777826,0.009528,3
levenshtein,572,reward_mean,0.789216,0.014878,3
levenshtein,573,reward_mean,0.77298,0.016134,3
levenshtein,574,reward_mean,0.769567,0.013738,3
levenshtein,575,reward_mean,0.749595,0.008946,3
levenshtein,576,reward_mean,0.778101,0.016131,3
levenshtein,577,reward_mean,0.785387,0.025831,3
levenshtein,578,reward_mean,0.756373,0.016279,3
levenshtein,579,reward_mean,0.751754,0.010334,3
levenshtein,580,reward_mean,0.79215,0.019514,3
levenshtein,581,reward_mean,0.771938,0.00889,3
levenshtein,582,reward_mean,0.773191,0.007194,3
levenshtein,583,reward_mean,0.766464,0.004881,3
levenshtein,584,reward_mean,0.774896,0.011136,3
levenshtein,585,reward_mean,0.770898,0.020303,3
levenshtein,586,reward_mean,0.764435,0.00967,3
levenshtein,587,reward_mean,0.788426,0.026548,3
levenshtein,588,reward_mean,0.754808,0.003535,3
levenshtein,589,reward_mean,0.778314,0.022954,3
levenshtein,590,reward_mean,0.761621,0.010268,3
levenshtein,591,reward_mean,0.793984,0.014282,3
levenshtein,592,reward_mean,0.759325,0.014633,3
levenshtein,593,reward_mean,0.75971,0.017704,3
levenshtein,594,reward_mean,0.766786,0.018093,3
levenshtein,595,reward_mean,0.767908,0.008684,3
levenshtein,596,reward_mean,0.765055,0.018509,3
levenshtein,597,reward_mean,0.783672,0.00236,3
levenshtein,598,reward_mean,0.749685,0.008777,3
levenshtein,599,reward_mean,0.749878,0.012455,3
levenshtein,600,reward_mean,0.757856,0.023993,3
levenshtein,601,reward_mean,0.75765,0.023912,3
levenshtein,602,reward_mean,0.787297,0.01091,3
levenshtein,603,reward_mean,0.745508,0.011238,3
levenshtein,604,reward_mean,0.744034,0.012903,3
levenshtein,605,reward_mean,0.784109,0.011248,3
levenshtein,606,reward_mean,0.776891,0.004655,3
levenshtein,607,reward_mean,0.760497,0.038747,3
levenshtein,608,reward_mean,0.752527,0.019484,3
levenshtein,609,reward_mean,0.781974,0.016935,3
levenshtein,610,reward_mean,0.762079,0.028712,3
levenshtein,611,reward_mean,0.775038,0.013034,3
levenshtein,612,reward_mean,0.751074,0.008605,3
levenshtein,613,reward_mean,0.747454,0.002754,3
levenshtein,614,reward_mean,0.762566,0.026607,3
levenshtein,615,reward_mean,0.778092,0.024771,3
levenshtein,616,reward_mean,0.772472,0.012763,3
levenshtein,617,reward_mean,0.775201,0.010998,3
levenshtein,618,reward_mean,0.773321,0.014775,3
levenshtein,619,reward_mean,0.768735,0.000351,3
levenshtein,620,reward_mean,0.752038,0.011997,3
levenshtein,621,reward_mean,0.778305,0.00863,3
levenshtein,622,reward_mean,0.783689,0.010128,3
levenshtein,623,reward_mean,0.75535,0.020953,3
levenshtein,624,reward_mean,0.761719,0.025221,3
levenshtein,625,reward_mean,0.763655,0.011668,3
levenshtein,626,reward_mean,0.77392,0.028221,3
levenshtein,627,reward_mean,0.791337,0.01226,3
levenshtein,628,reward_mean,0.769406,0.013031,3
levenshtein,629,reward_mean,0.756828,0.008485,3
levenshtein,630,reward_mean,0.772348,0.004893,3
levenshtein,631,reward_mean,0.783299,0.011247,3
levenshtein,632,reward_mean,0.774983,0.01274,3
levenshtein,633,reward_mean,0.764858,0.024949,3
levenshtein,634,reward_mean,0.772305,0.004471,3
levenshtein,635,reward_mean,0.753351,0.016387,3
levenshtein,636,reward_mean,0.78848,0.010366,3
levenshtein,637,reward_mean,0.792357,0.021363,3
levenshtein,638,reward_mean,0.77568,0.033999,3
levenshtein,639,reward_mean,0.789394,0.023418,3
levenshtein,640,reward_mean,0.776663,0.005356,3
levenshtein,641,reward_mean,0.760329,0.023456,3
levenshtein,642,reward_mean,0.771683,0.004261,3
levenshtein,643,reward_mean,0.792583,0.003468,3
levenshtein,644,reward_mean,0.787197,0.008535,3
levenshtein,645,reward_mean,0.762664,0.019672,3
levenshtein,646,reward_mean,0.754769,0.031076,3
levenshtein,647,reward_mean,0.788204,0.00613,3
levenshtein,648,reward_mean,0.760168,0.006502,3
levenshtein,649,reward_mean,0.765916,0.022496,3
levenshtein,650,reward_mean,0.77321,0.015506,3
levenshtein,651,reward_mean,0.792646,0.010453,3
levenshtein,652,reward_mean,0.80145,0.017621,3
levenshtein,653,reward_mean,0.774844,0.010984,3
levenshtein,654,reward_mean,0.783896,0.00955,3
levenshtein,655,reward_mean,0.780494,0.025721,3
levenshtein,656,reward_mean,0.774685,0.008807,3
levenshtein,657,reward_mean,0.75808,0.005124,3
levenshtein,658,reward_mean,0.765615,0.010035,3
levenshtein,659,reward_mean,0.774496,0.004299,3
levenshtein,660,reward_mean,0.775587,0.023369,3
levenshtein,661,reward_mean,0.766173,0.015049,3
levenshtein,662,reward_mean,0.773753,0.030722,3
levenshtein,663,reward_mean,0.765622,0.018963,3
levenshtein,664,reward_mean,0.759249,0.015891,3
levenshtein,665,reward_mean,0.773984,0.002371,3
levenshtein,666,reward_mean,0.784541,0.011606,3
levenshtein,667,reward_mean,0.776229,0.012857,3
levenshtein,668,reward_mean,0.782899,0.00857,3
levenshtein,669,reward_mean,0.784045,0.012094,3
levenshtein,670,reward_mean,0.789918,0.017853,3
levenshtein,671,reward_mean,0.770073,0.01058,3
levenshtein,672,reward_mean,0.777646,0.016722,3
levenshtein,673,reward_mean,0.758034,0.012864,3
levenshtein,674,reward_mean,0.774814,0.021624,3
levenshtein,675,reward_mean,0.74288,0.020379,3
levenshtein,676,reward_mean,0.76659,0.013381,3
levenshtein,677,reward_mean,0.773961,0.016555,3
levenshtein,678,reward_mean,0.788138,0.032707,3
levenshtein,679,reward_mean,0.772168,0.01022,3
levenshtein,680,reward_mean,0.778865,0.019072,3
levenshtein,681,reward_mean,0.777502,0.00573,3
levenshtein,682,reward_mean,0.785019,0.008844,3
levenshtein,683,reward_mean,0.786993,0.021545,3
levenshtein,684,reward_mean,0.778392,0.016909,3
levenshtein,685,reward_mean,0.766812,0.006933,3
levenshtein,686,reward_mean,0.778989,0.021474,3
levenshtein,687,reward_mean,0.782504,0.022932,3
levenshtein,688,reward_mean,0.769283,0.017847,3
levenshtein,689,reward_mean,0.784182,0.027375,3
levenshtein,690,reward_mean,0.764695,0.007451,3
levenshtein,691,reward_mean,0.776011,0.004348,3
levenshtein,692,reward_mean,0.781396,0.030599,3
levenshtein,693,reward_mean,0.770621,0.019692,3
levenshtein,694,reward_mean,0.791443,0.013137,3
levenshtein,695,reward_mean,0.77906,0.020171,3
levenshtein,696,reward_mean,0.767954,0.010253,3
levenshtein,697,reward_mean,0.776752,0.006224,3
levenshtein,698,reward_mean,0.795889,0.009922,3
levenshtein,699,reward_mean,0.766874,0.009882,3
levenshtein,700,reward_mean,0.793266,0.015164,3
levenshtein,701,reward_mean,0.79278,0.013519,3
levenshtein,702,reward_mean,0.780954,0.018464,3
levenshtein,703,reward_mean,0.781399,0.012989,3
levenshtein,704,reward_mean,0.762616,0.008104,3
levenshtein,705,reward_mean,0.771268,0.009392,3
levenshtein,706,reward_mean,0.780526,0.026504,3
levenshtein,707,reward_mean,0.77506,0.008861,3
levenshtein,708,reward_mean,0.797534,0.006037,3
levenshtein,709,reward_mean,0.758793,0.019159,3
levenshtein,710,reward_mean,0.77124,0.018952,3
levenshtein,711,reward_mean,0.801935,0.012836,3
levenshtein,712,reward_mean,0.777217,0.014913,3
levenshtein,713,reward_mean,0.757983,0.017291,3
levenshtein,714,reward_mean,0.770928,0.019839,3
levenshtein,715,reward_mean,0.786507,0.014545,3
levenshtein,716,reward_mean,0.785113,0.023127,3
levenshtein,717,reward_mean,0.771074,0.015691,3
levenshtein,718,reward_mean,0.773812,0.01942,3
levenshtein,719,reward_mean,0.790844,0.026985,3
levenshtein,720,reward_mean,0.766396,0.011349,3
levenshtein,721,reward_mean,0.747653,0.012261,3
levenshtein,722,reward_mean,0.779339,0.013889,3
levenshtein,723,reward_mean,0.793467,0.012917,3
levenshtein,724,reward_mean,0.766305,0.013397,3
levenshtein,725,reward_mean,0.771003,0.021137,3
levenshtein,726,reward_mean,0.769058,0.012954,3
levenshtein,727,reward_mean,0.781613,0.015723,3
levenshtein,728,reward_mean,0.786081,0.008678,3
levenshtein,729,reward_mean,0.787644,0.009729,3
levenshtein,730,reward_mean,0.779882,0.013033,3
levenshtein,731,reward_mean,0.781552,0.024949,3
levenshtein,732,reward_mean,0.768466,0.022212,3
levenshtein,733,reward_mean,0.786398,0.005492,3
levenshtein,734,reward_mean,0.786976,0.015837,3
levenshtein,735,reward_mean,0.789376,0.024053,3
levenshtein,736,reward_mean,0.778722,0.016834,3
levenshtein,737,reward_mean,0.771411,0.016119,3
levenshtein,738,reward_mean,0.780941,0.023626,3
levenshtein,739,reward_mean,0.794522,0.003942,3
levenshtein,740,reward_mean,0.786348,0.007171,3
levenshtein,741,reward_mean,0.763674,0.01544,3
levenshtein,742,reward_mean,0.783813,0.009828,3
levenshtein,743,reward_mean,0.787616,0.014906,3
levenshtein,744,reward_mean,0.791231,0.003813,3
levenshtein,745,reward_mean,0.801981,0.00975,3
levenshtein,746,reward_mean,0.787015,0.001582,3
levenshtein,747,reward_mean,0.767403,0.001782,3
levenshtein,748,reward_mean,0.795404,0.024067,3
levenshtein,749,reward_mean,0.775521,0.009728,3
levenshtein,750,reward_mean,0.778299,0.025484,3
levenshtein,751,reward_mean,0.776286,0.006291,3
levenshtein,752,reward_mean,0.774273,0.005019,3
levenshtein,753,reward_mean,0.772088,0.014172,3
levenshtein,754,reward_mean,0.782851,0.010039,3
levenshtein,755,reward_mean,0.804358,0.005576,3
levenshtein,756,reward_mean,0.781727,0.022037,3
levenshtein,757,reward_mean,0.775487,0.006989,3
levenshtein,758,reward_mean,0.785501,0.017228,3
levenshtein,759,reward_mean,0.766746,0.008489,3
levenshtein,760,reward_mean,0.777063,0.025452,3
levenshtein,761,reward_mean,0.780228,0.005865,3
levenshtein,762,reward_mean,0.779735,0.002486,3
levenshtein,763,reward_mean,0.774529,0.011499,3
levenshtein,764,reward_mean,0.786396,0.006335,3
levenshtein,765,reward_mean,0.790652,0.006795,3
levenshtein,766,reward_mean,0.784605,0.015026,3
levenshtein,767,reward_mean,0.796229,0.03025,3
levenshtein,768,reward_mean,0.789158,0.024434,3
levenshtein,769,reward_mean,0.76643,0.018619,3
levenshtein,770,reward_mean,0.787825,0.019105,3
levenshtein,771,reward_mean,0.764554,0.020397,3
levenshtein,772,reward_mean,0.787799,0.009185,3
levenshtein,773,reward_mean,0.781376,0.004532,3
levenshtein,774,reward_mean,0.790549,0.005621,3
levenshtein,775,reward_mean,0.793642,0.021179,3
levenshtein,776,reward_mean,0.782536,0.004526,3
levenshtein,777,reward_mean,0.782045,0.020893,3
levenshtein,778,reward_mean,0.784168,0.025948,3
levenshtein,779,reward_mean,0.760658,0.015794,3
levenshtein,780,reward_mean,0.770668,0.004043,3
levenshtein,781,reward_mean,0.776815,0.021225,3
levenshtein,782,reward_mean,0.762406,0.014882,3
levenshtein,783,reward_mean,0.763131,0.018572,3
levenshtein,784,reward_mean,0.803295,0.018951,3
levenshtein,785,reward_mean,0.779695,0.011654,3
levenshtein,786,reward_mean,0.773259,0.010522,3
levenshtein,787,reward_mean,0.782115,0.017109,3
levenshtein,788,reward_mean,0.756791,0.017343,3
levenshtein,789,reward_mean,0.775235,0.013304,3
levenshtein,790,reward_mean,0.79235,0.020845,3
levenshtein,791,reward_mean,0.813391,0.034652,3
levenshtein,792,reward_mean,0.773184,0.015338,3
levenshtein,793,reward_mean,0.786846,0.0203,3
levenshtein,794,reward_mean,0.777319,0.040418,3
levenshtein,795,reward_mean,0.788735,0.01354,3
levenshtein,796,reward_mean,0.793359,0.005846,3
levenshtein,797,reward_mean,0.7791,0.012906,3
levenshtein,798,reward_mean,0.765084,0.01043,3
levenshtein,799,reward_mean,0.773781,0.031319,3
levenshtein,800,reward_mean,0.771522,0.018697,3
levenshtein,801,reward_mean,0.766404,0.013683,3
levenshtein,802,reward_mean,0.788756,0.007244,3
levenshtein,803,reward_mean,0.778168,0.006071,3
levenshtein,804,reward_mean,0.781768,0.010758,3
levenshtein,805,reward_mean,0.779055,0.048082,3
levenshtein,806,reward_mean,0.773569,0.023671,3
levenshtein,807,reward_mean,0.793638,0.005094,3
levenshtein,808,reward_mean,0.813848,0.009818,3
levenshtein,809,reward_mean,0.776219,0.013418,3
levenshtein,810,reward_mean,0.761506,0.016161,3
levenshtein,811,reward_mean,0.758393,0.017758,3
levenshtein,812,reward_mean,0.780323,0.006851,3
levenshtein,813,reward_mean,0.772531,0.016373,3
levenshtein,814,reward_mean,0.773717,0.006022,3
levenshtein,815,reward_mean,0.798733,0.01104,3
levenshtein,816,reward_mean,0.797523,0.008119,3
levenshtein,817,reward_mean,0.774515,0.029166,3
levenshtein,818,reward_mean,0.781141,0.023291,3
levenshtein,819,reward_mean,0.781826,0.008598,3
levenshtein,820,reward_mean,0.794413,0.026325,3
levenshtein,821,reward_mean,0.787513,0.022448,3
levenshtein,822,reward_mean,0.791604,0.024055,3
levenshtein,823,reward_mean,0.783524,0.013557,3
levenshtein,824,reward_mean,0.775708,0.02075,3
levenshtein,825,reward_mean,0.789315,0.033241,3
levenshtein,826,reward_mean,0.810121,0.009369,3
levenshtein,827,reward_mean,0.780165,0.033215,3
levenshtein,828,reward_mean,0.771321,0.010535,3
levenshtein,829,reward_mean,0.789699,0.055357,3
levenshtein,830,reward_mean,0.778478,0.02001,3
levenshtein,831,reward_mean,0.799203,0.021062,3
levenshtein,832,reward_mean,0.772265,0.011826,3
levenshtein,833,reward_mean,0.797005,0.005302,3
levenshtein,834,reward_mean,0.797324,0.010971,3
levenshtein,835,reward_mean,0.809559,0.007738,3
levenshtein,836,reward_mean,0.776558,0.015876,3
levenshtein,837,reward_mean,0.777863,0.008617,3
levenshtein,838,reward_mean,0.784846,0.021558,3
levenshtein,839,reward_mean,0.801017,0.018384,3
levenshtein,840,reward_mean,0.785388,0.00727,3
levenshtein,841,reward_mean,0.798403,0.004325,3
levenshtein,842,reward_mean,0.800501,0.02372,3
levenshtein,843,reward_mean,0.795293,0.006039,3
levenshtein,844,reward_mean,0.792518,0.032931,3
levenshtein,845,reward_mean,0.787383,0.015555,3
levenshtein,846,reward_mean,0.784245,0.015825,3
levenshtein,847,reward_mean,0.785091,0.02523,3
levenshtein,848,reward_mean,0.788235,0.000264,3
levenshtein,849,reward_mean,0.783469,0.025688,3
levenshtein,850,reward_mean,0.796092,0.010127,3
levenshtein,851,reward_mean,0.777765,0.018953,3
levenshtein,852,reward_mean,0.784948,0.006188,3
levenshtein,853,reward_mean,0.775378,0.006739,3
levenshtein,854,reward_mean,0.776328,0.005034,3
levenshtein,855,reward_mean,0.795084,0.024531,3
levenshtein,856,reward_mean,0.778268,0.024366,3
levenshtein,857,reward_mean,0.766422,0.017931,3
levenshtein,858,reward_mean,0.783202,0.019789,3
levenshtein,859,reward_mean,0.813534,0.010511,3
levenshtein,860,reward_mean,0.795995,0.008572,3
levenshtein,861,reward_mean,0.808265,0.007511,3
levenshtein,862,reward_mean,0.794958,0.020153,3
levenshtein,863,reward_mean,0.767222,0.01594,3
levenshtein,864,reward_mean,0.795815,0.012184,3
levenshtein,865,reward_mean,0.779459,0.011278,3
levenshtein,866,reward_mean,0.794764,0.032632,3
levenshtein,867,reward_mean,0.778772,0.011329,3
levenshtein,868,reward_mean,0.792057,0.02562,3
levenshtein,869,reward_mean,0.777596,0.007235,3
levenshtein,870,reward_mean,0.810143,0.013867,3
levenshtein,871,reward_mean,0.798842,0.016846,3
levenshtein,872,reward_mean,0.79501,0.013832,3
levenshtein,873,reward_mean,0.797324,0.009049,3
levenshtein,874,reward_mean,0.787703,0.004095,3
levenshtein,875,reward_mean,0.796431,0.012637,3
levenshtein,876,reward_mean,0.795673,0.01331,3
levenshtein,877,reward_mean,0.789842,0.012859,3
levenshtein,878,reward_mean,0.781857,0.008073,3
levenshtein,879,reward_mean,0.775583,0.009193,3
levenshtein,880,reward_mean,0.777664,0.026703,3
levenshtein,881,reward_mean,0.786061,0.010875,3
levenshtein,882,reward_mean,0.766179,0.007965,3
levenshtein,883,reward_mean,0.789615,0.016505,3
levenshtein,884,reward_mean,0.794713,0.013357,3
levenshtein,885,reward_mean,0.790329,0.027293,3
levenshtein,886,reward_mean,0.777779,0.008365,3
levenshtein,887,reward_mean,0.794312,0.010511,3
levenshtein,888,reward_mean,0.791778,0.025985,3
levenshtein,889,reward_mean,0.786116,0.023237,3
levenshtein,890,reward_mean,0.800556,0.019658,3
levenshtein,891,reward_mean,0.814622,0.016432,3
levenshtein,892,reward_mean,0.776955,0.029415,3
levenshtein,893,reward_mean,0.802195,0.022838,3
levenshtein,894,reward_mean,0.796459,0.022422,3
levenshtein,895,reward_mean,0.804262,0.010144,3
levenshtein,896,reward_mean,0.791964,0.011792,3
levenshtein,897,reward_mean,0.787176,0.02297,3
levenshtein,898,reward_mean,0.792786,0.023636,3
levenshtein,899,reward_mean,0.791332,0.014301,3
levenshtein,900,reward_mean,0.797639,0.010661,3
levenshtein,901,reward_mean,0.799395,0.015887,3
levenshtein,902,reward_mean,0.77264,0.023842,3
levenshtein,903,reward_mean,0.798264,0.002193,3
levenshtein,904,reward_mean,0.786519,0.00769,3
levenshtein,905,reward_mean,0.786451,0.018073,3
levenshtein,906,reward_mean,0.771256,0.025376,3
levenshtein,907,reward_mean,0.795422,0.00913,3
levenshtein,908,reward_mean,0.802406,0.008698,3
levenshtein,909,reward_mean,0.781846,0.005726,3
levenshtein,910,reward_mean,0.799312,0.009079,3
levenshtein,911,reward_mean,0.790965,0.031773,3
levenshtein,912,reward_mean,0.779624,0.010475,3
levenshtein,913,reward_mean,0.793314,0.022733,3
levenshtein,914,reward_mean,0.777931,0.007812,3
levenshtein,915,reward_mean,0.792405,0.011692,3
levenshtein,916,reward_mean,0.795622,0.010731,3
levenshtein,917,reward_mean,0.794457,0.021633,3
levenshtein,918,reward_mean,0.800699,0.001302,3
levenshtein,919,reward_mean,0.799868,0.005891,3
levenshtein,920,reward_mean,0.793329,0.026348,3
levenshtein,921,reward_mean,0.786054,0.00124,3
levenshtein,922,reward_mean,0.795678,0.010995,3
levenshtein,923,reward_mean,0.797746,0.015365,3
levenshtein,924,reward_mean,0.779761,0.028336,3
levenshtein,925,reward_mean,0.802191,0.015233,3
levenshtein,926,reward_mean,0.79048,0.006524,3
levenshtein,927,reward_mean,0.780521,0.019762,3
levenshtein,928,reward_mean,0.792092,0.005775,3
levenshtein,929,reward_mean,0.814039,0.01211,3
levenshtein,930,reward_mean,0.777043,0.016089,3
levenshtein,931,reward_mean,0.784733,0.027003,3
levenshtein,932,reward_mean,0.789799,0.012741,3
levenshtein,933,reward_mean,0.794816,0.01037,3
levenshtein,934,reward_mean,0.783086,0.015655,3
levenshtein,935,reward_mean,0.802511,0.003192,3
levenshtein,936,reward_mean,0.793315,0.023247,3
levenshtein,937,reward_mean,0.807878,0.020563,3
levenshtein,938,reward_mean,0.788121,0.025951,3
levenshtein,939,reward_mean,0.806587,0.032696,3
levenshtein,940,reward_mean,0.787948,0.01796,3
levenshtein,941,reward_mean,0.790003,0.040471,3
levenshtein,942,reward_mean,0.777711,0.020669,3
levenshtein,943,reward_mean,0.781858,0.018005,3
levenshtein,944,reward_mean,0.821078,0.023428,3
levenshtein,945,reward_mean,0.777208,0.01966,3
levenshtein,946,reward_mean,0.77605,0.012835,3
levenshtein,947,reward_mean,0.803097,0.004858,3
levenshtein,948,reward_mean,0.780554,0.019027,3
levenshtein,949,reward_mean,0.766646,0.033855,3
levenshtein,950,reward_mean,0.792527,0.020611,3
levenshtein,951,reward_mean,0.788852,0.007493,3
levenshtein,952,reward_mean,0.788041,0.022092,3
levenshtein,953,reward_mean,0.788262,0.006911,3
levenshtein,954,reward_mean,0.780857,0.008135,3
levenshtein,955,reward_mean,0.796099,0.013324,3
levenshtein,956,reward_mean,0.808434,0.011692,3
levenshtein,957,reward_mean,0.796562,0.021335,3
levenshtein,958,reward_mean,0.793684,0.010627,3
levenshtein,959,reward_mean,0.788695,0.019423,3
levenshtein,960,reward_mean,0.808091,0.018277,3
levenshtein,961,reward_mean,0.795009,0.024005,3
levenshtein,962,reward_mean,0.787412,0.006674,3
levenshtein,963,reward_mean,0.820767,0.015185,3
levenshtein,964,reward_mean,0.790292,0.017792,3
levenshtein,965,reward_mean,0.802618,0.019398,3
levenshtein,966,reward_mean,0.796181,0.011653,3
levenshtein,967,reward_mean,0.803181,0.016941,3
levenshtein,968,reward_mean,0.805538,0.013263,3
levenshtein,969,reward_mean,0.791288,0.012632,3
levenshtein,970,reward_mean,0.796735,0.017986,3
levenshtein,971,reward_mean,0.8182,0.009629,3
levenshtein,972,reward_mean,0.805197,0.0133,3
levenshtein,973,reward_mean,0.799577,0.016819,3
levenshtein,974,reward_mean,0.804307,0.006362,3
levenshtein,975,reward_mean,0.800979,0.017881,3
levenshtein,976,reward_mean,0.776658,0.016908,3
levenshtein,977,reward_mean,0.792707,0.018165,3
levenshtein,978,reward_mean,0.782713,0.006878,3
levenshtein,979,reward_mean,0.783063,0.016227,3
levenshtein,980,reward_mean,0.811168,0.023062,3
levenshtein,981,reward_mean,0.800475,0.013327,3
levenshtein,982,reward_mean,0.805225,0.018043,3
levenshtein,983,reward_mean,0.81344,0.023342,3
levenshtein,984,reward_mean,0.797839,0.010266,3
levenshtein,985,reward_mean,0.802084,0.01114,3
levenshtein,986,reward_mean,0.796749,0.011115,3
levenshtein,987,reward_mean,0.797085,0.009421,3
levenshtein,988,reward_mean,0.795013,0.021402,3
levenshtein,989,reward_mean,0.795542,0.016088,3
levenshtein,990,reward_mean,0.795636,0.001762,3
levenshtein,991,reward_mean,0.80875,0.033777,3
levenshtein,992,reward_mean,0.795798,0.014266,3
levenshtein,993,reward_mean,0.800898,0.006743,3
levenshtein,994,reward_mean,0.788939,0.01359,3
levenshtein,995,reward_mean,0.796791,0.010799,3
levenshtein,996,reward_mean,0.786699,0.004427,3
levenshtein,997,reward_mean,0.77944,0.024244,3
levenshtein,998,reward_mean,0.795507,0.012203,3
levenshtein,999,reward_mean,0.816341,0.020808,3
levenshtein,0,kl_to_reference,0.0,0.0,3
levenshtein,1,kl_to_reference,0.003995,0.001076,3
levenshtein,2,kl_to_reference,0.010248,0.003286,3
levenshtein,3,kl_to_reference,0.019382,0.002445,3
levenshtein,4,kl_to_reference,0.023599,0.005046,3
levenshtein,5,kl_to_reference,0.031382,0.007459,3
levenshtein,6,kl_to_reference,0.037119,0.009782,3
levenshtein,7,kl_to_reference,0.037298,0.009223,3
levenshtein,8,kl_to_reference,0.04255,0.009701,3
levenshtein,9,kl_to_reference,0.044394,0.009934,3
levenshtein,10,kl_to_reference,0.04879,0.011585,3
levenshtein,11,kl_to_reference,0.046724,0.006239,3
levenshtein,12,kl_to_reference,0.049159,0.00628,3
levenshtein,13,kl_to_reference,0.050668,0.005789,3
levenshtein,14,kl_to_reference,0.054723,0.007055,3
levenshtein,15,kl_to_reference,0.053974,0.007686,3
levenshtein,16,kl_to_reference,0.04865,0.002885,3
levenshtein,17,kl_to_reference,0.050655,0.004281,3
levenshtein,18,kl_to_reference,0.051844,0.006622,3
levenshtein,19,kl_to_reference,0.053987,0.004632,3
levenshtein,20,kl_to_reference,0.05266,0.002023,3
levenshtein,21,kl_to_reference,0.053785,0.002321,3
levenshtein,22,kl_to_reference,0.060034,0.007879,3
levenshtein,23,kl_to_reference,0.051435,0.00793,3
levenshtein,24,kl_to_reference,0.057425,0.007954,3
levenshtein,25,kl_to_reference,0.06157,0.003941,3
levenshtein,26,kl_to_reference,0.06119,0.004823,3
levenshtein,27,kl_to_reference,0.05638,0.00374,3
levenshtein,28,kl_to_reference,0.053602,0.001241,3
levenshtein,29,kl_to_reference,0.061836,0.00812,3
levenshtein,30,kl_to_reference,0.061697,0.000389,3
levenshtein,31,kl_to_reference,0.058767,0.00619,3
levenshtein,32,kl_to_reference,0.058369,0.009043,3
levenshtein,33,kl_to_reference,0.055018,0.002223,3
levenshtein,34,kl_to_reference,0.065678,0.00581,3
levenshtein,35,kl_to_reference,0.066836,0.00472,3
levenshtein,36,kl_to_reference,0.062872,0.005279,3
levenshtein,37,kl_to_reference,0.066381,0.004424,3
levenshtein,38,kl_to_reference,0.06324,0.002226,3
levenshtein,39,kl_to_reference,0.060702,0.006219,3
levenshtein,40,kl_to_reference,0.057919,0.005295,3
levenshtein,41,kl_to_reference,0.065326,0.007209,3
levenshtein,42,kl_to_reference,0.059594,0.0108,3
levenshtein,43,kl_to_reference,0.060431,0.006275,3
levenshtein,44,kl_to_reference,0.068231,0.006114,3
levenshtein,45,kl_to_reference,0.066148,0.006917,3
levenshtein,46,kl_to_reference,0.065334,0.013166,3
levenshtein,47,kl_to_reference,0.065424,0.00752,3
levenshtein,48,kl_to_reference,0.067725,0.012214,3
levenshtein,49,kl_to_reference,0.061134,0.007246,3
levenshtein,50,kl_to_reference,0.062311,0.010049,3
levenshtein,51,kl_to_reference,0.065772,0.007533,3
levenshtein,52,kl_to_reference,0.059605,0.00271,3
levenshtein,53,kl_to_reference,0.067152,0.008749,3
levenshtein,54,kl_to_reference,0.067962,0.007493,3
levenshtein,55,kl_to_reference,0.067472,0.004176,3
levenshtein,56,kl_to_reference,0.06745,0.010228,3
levenshtein,57,kl_to_reference,0.061125,0.006357,3
levenshtein,58,kl_to_reference,0.064216,0.008236,3
levenshtein,59,kl_to_reference,0.064106,0.005317,3
levenshtein,60,kl_to_reference,0.06455,0.007809,3
levenshtein,61,kl_to_reference,0.060562,0.003473,3
levenshtein,62,kl_to_reference,0.065206,0.004205,3
levenshtein,63,kl_to_reference,0.067319,0.007621,3
levenshtein,64,kl_to_reference,0.068178,0.013387,3
levenshtein,65,kl_to_reference,0.067709,0.004431,3
levenshtein,66,kl_to_reference,0.06605,0.008177,3
levenshtein,67,kl_to_reference,0.063336,0.006535,3
levenshtein,68,kl_to_reference,0.065916,0.011941,3
levenshtein,69,kl_to_reference,0.068177,0.007594,3
levenshtein,70,kl_to_reference,0.073003,0.00906,3
levenshtein,71,kl_to_reference,0.06847,0.008494,3
levenshtein,72,kl_to_reference,0.068504,0.005584,3
levenshtein,73,kl_to_reference,0.067709,0.012263,3
levenshtein,74,kl_to_reference,0.068312,0.013326,3
levenshtein,75,kl_to_reference,0.072507,0.004714,3
levenshtein,76,kl_to_reference,0.078131,0.007523,3
levenshtein,77,kl_to_reference,0.072782,0.006446,3
levenshtein,78,kl_to_reference,0.075713,0.005994,3
levenshtein,79,kl_to_reference,0.070296,0.007751,3
levenshtein,80,kl_to_reference,0.070339,0.00671,3
levenshtein,81,kl_to_reference,0.068032,0.003661,3
levenshtein,82,kl_to_reference,0.074503,0.005004,3
levenshtein,83,kl_to_reference,0.071502,0.008623,3
levenshtein,84,kl_to_reference,0.069257,0.006289,3
levenshtein,85,kl_to_reference,0.07048,0.00805,3
levenshtein,86,kl_to_reference,0.077302,0.003903,3
levenshtein,87,kl_to_reference,0.079332,0.003304,3
levenshtein,88,kl_to_reference,0.075626,0.006751,3
levenshtein,89,kl_to_reference,0.072319,0.008482,3
levenshtein,90,kl_to_reference,0.066557,0.004818,3
levenshtein,91,kl_to_reference,0.071523,0.004881,3
levenshtein,92,kl_to_reference,0.069793,0.005276,3
levenshtein,93,kl_to_reference,0.077818,0.003521,3
levenshtein,94,kl_to_reference,0.074387,0.006138,3
levenshtein,95,kl_to_reference,0.072004,0.005829,3
levenshtein,96,kl_to_reference,0.072046,0.008145,3
levenshtein,97,kl_to_reference,0.069368,0.003577,3
levenshtein,98,kl_to_reference,0.068656,0.005199,3
levenshtein,99,kl_to_reference,0.07133,0.003236,3
levenshtein,100,kl_to_reference,0.073183,0.009912,3
levenshtein,101,kl_to_reference,0.071374,0.012268,3
levenshtein,102,kl_to_reference,0.06732,0.001628,3
levenshtein,103,kl_to_reference,0.072061,0.004793,3
levenshtein,104,kl_to_reference,0.070664,0.007038,3
levenshtein,105,kl_to_reference,0.072906,0.007078,3
levenshtein,106,kl_to_reference,0.069289,0.008028,3
levenshtein,107,kl_to_reference,0.064184,0.010059,3
levenshtein,108,kl_to_reference,0.071979,0.006693,3
levenshtein,109,kl_to_reference,0.072132,0.010521,3
levenshtein,110,kl_to_reference,0.067847,0.003741,3
levenshtein,111,kl_to_reference,0.075907,0.00862,3
levenshtein,112,kl_to_reference,0.073786,0.00413,3
levenshtein,113,kl_to_reference,0.07426,0.008994,3
levenshtein,114,kl_to_reference,0.068474,0.005272,3
levenshtein,115,kl_to_reference,0.072409,0.005234,3
levenshtein,116,kl_to_reference,0.072972,0.005129,3
levenshtein,117,kl_to_reference,0.06864,0.004522,3
levenshtein,118,kl_to_reference,0.072845,0.008595,3
levenshtein,119,kl_to_reference,0.07065,0.006692,3
levenshtein,120,kl_to_reference,0.071098,0.003331,3
levenshtein,121,kl_to_reference,0.076971,0.005276,3
levenshtein,122,kl_to_reference,0.073819,0.004427,3
levenshtein,123,kl_to_reference,0.068282,0.003863,3
levenshtein,124,kl_to_reference,0.078658,0.006995,3
levenshtein,125,kl_to_reference,0.075851,0.004637,3
levenshtein,126,kl_to_reference,0.078792,0.005549,3
levenshtein,127,kl_to_reference,0.076214,0.00225,3
levenshtein,128,kl_to_reference,0.075963,0.007092,3
levenshtein,129,kl_to_reference,0.074719,0.003185,3
levenshtein,130,kl_to_reference,0.075935,0.006514,3
levenshtein,131,kl_to_reference,0.076956,0.005239,3
levenshtein,132,kl_to_reference,0.082384,0.003985,3
levenshtein,133,kl_to_reference,0.075427,0.005293,3
levenshtein,134,kl_to_reference,0.080347,0.004397,3
levenshtein,135,kl_to_reference,0.07616,0.003427,3
levenshtein,136,kl_to_reference,0.078465,0.003338,3
levenshtein,137,kl_to_reference,0.079944,0.005313,3
levenshtein,138,kl_to_reference,0.079692,0.008873,3
levenshtein,139,kl_to_reference,0.07787,0.002007,3
levenshtein,140,kl_to_reference,0.075179,0.00321,3
levenshtein,141,kl_to_reference,0.07461,0.004802,3
levenshtein,142,kl_to_reference,0.072058,0.003259,3
levenshtein,143,kl_to_reference,0.076185,0.007629,3
levenshtein,144,kl_to_reference,0.072232,0.00281,3
levenshtein,145,kl_to_reference,0.077218,0.00632,3
levenshtein,146,kl_to_reference,0.074582,0.005322,3
levenshtein,147,kl_to_reference,0.077251,0.003654,3
levenshtein,148,kl_to_reference,0.074467,0.007779,3
levenshtein,149,kl_to_reference,0.075599,0.005015,3
levenshtein,150,kl_to_reference,0.07561,0.002357,3
levenshtein,151,kl_to_reference,0.076351,0.007839,3
levenshtein,152,kl_to_reference,0.074942,0.003341,3
levenshtein,153,kl_to_reference,0.080973,0.002107,3
levenshtein,154,kl_to_reference,0.076249,0.001276,3
levenshtein,155,kl_to_reference,0.078481,0.004992,3
levenshtein,156,kl_to_reference,0.074653,0.008689,3
levenshtein,157,kl_to_reference,0.074628,0.00292,3
levenshtein,158,kl_to_reference,0.075903,0.005154,3
levenshtein,159,kl_to_reference,0.072607,0.008774,3
levenshtein,160,kl_to_reference,0.074972,0.005881,3
levenshtein,161,kl_to_reference,0.073431,0.003649,3
levenshtein,162,kl_to_reference,0.075168,0.007395,3
levenshtein,163,kl_to_reference,0.077169,0.005845,3
levenshtein,164,kl_to_reference,0.074083,0.004645,3
levenshtein,165,kl_to_reference,0.077535,0.002053,3
levenshtein,166,kl_to_reference,0.077876,0.004769,3
levenshtein,167,kl_to_reference,0.073146,0.007718,3
levenshtein,168,kl_to_reference,0.074181,0.003177,3
levenshtein,169,kl_to_reference,0.072097,0.004608,3
levenshtein,170,kl_to_reference,0.072216,0.005479,3
levenshtein,171,kl_to_reference,0.070442,0.000804,3
levenshtein,172,kl_to_reference,0.071925,0.00536,3
levenshtein,173,kl_to_reference,0.074219,0.003593,3
levenshtein,174,kl_to_reference,0.077821,0.006445,3
levenshtein,175,kl_to_reference,0.070812,0.00528,3
levenshtein,176,kl_to_reference,0.070141,0.00553,3
levenshtein,177,kl_to_reference,0.074466,0.010297,3
levenshtein,178,kl_to_reference,0.072935,0.005985,3
levenshtein,179,kl_to_reference,0.071686,0.005143,3
levenshtein,180,kl_to_reference,0.079125,0.009619,3
levenshtein,181,kl_to_reference,0.075072,0.005505,3
levenshtein,182,kl_to_reference,0.07966,0.001336,3
levenshtein,183,kl_to_reference,0.074515,0.007266,3
levenshtein,184,kl_to_reference,0.078819,0.00634,3
levenshtein,185,kl_to_reference,0.083179,0.006369,3
levenshtein,186,kl_to_reference,0.080252,0.003363,3
levenshtein,187,kl_to_reference,0.077447,0.004368,3
levenshtein,188,kl_to_reference,0.081628,0.004777,3
levenshtein,189,kl_to_reference,0.077938,0.006697,3
levenshtein,190,kl_to_reference,0.077745,0.002351,3
levenshtein,191,kl_to_reference,0.077846,0.003556,3
levenshtein,192,kl_to_reference,0.077466,0.002824,3
levenshtein,193,kl_to_reference,0.07497,0.004994,3
levenshtein,194,kl_to_reference,0.07377,0.002201,3
levenshtein,195,kl_to_reference,0.077647,0.001317,3
levenshtein,196,kl_to_reference,0.079205,0.004595,3
levenshtein,197,kl_to_reference,0.07707,0.001928,3
levenshtein,198,kl_to_reference,0.078996,0.003225,3
levenshtein,199,kl_to_reference,0.080772,0.003086,3
levenshtein,200,kl_to_reference,0.08073,0.004834,3
levenshtein,201,kl_to_reference,0.073134,0.005325,3
levenshtein,202,kl_to_reference,0.079762,0.008775,3
levenshtein,203,kl_to_reference,0.082701,0.004473,3
levenshtein,204,kl_to_reference,0.082297,0.005483,3
levenshtein,205,kl_to_reference,0.081621,0.001302,3
levenshtein,206,kl_to_reference,0.08066,0.008685,3
levenshtein,207,kl_to_reference,0.077074,0.004678,3
levenshtein,208,kl_to_reference,0.081281,0.007382,3
levenshtein,209,kl_to_reference,0.081494,0.003571,3
levenshtein,210,kl_to_reference,0.077523,0.002243,3
levenshtein,211,kl_to_reference,0.077977,0.004117,3
levenshtein,212,kl_to_reference,0.074829,0.004613,3
levenshtein,213,kl_to_reference,0.080612,0.00833,3
levenshtein,214,kl_to_reference,0.07584,0.008386,3
levenshtein,215,kl_to_reference,0.085774,0.004872,3
levenshtein,216,kl_to_reference,0.079332,0.006886,3
levenshtein,217,kl_to_reference,0.077397,0.001898,3
levenshtein,218,kl_to_reference,0.079162,0.005299,3
levenshtein,219,kl_to_reference,0.075715,0.004554,3
levenshtein,220,kl_to_reference,0.082968,0.008759,3
levenshtein,221,kl_to_reference,0.080804,0.008197,3
levenshtein,222,kl_to_reference,0.081095,0.005674,3
levenshtein,223,kl_to_reference,0.0792,0.005964,3
levenshtein,224,kl_to_reference,0.081096,0.006675,3
levenshtein,225,kl_to_reference,0.077776,0.007513,3
levenshtein,226,kl_to_reference,0.077218,0.001593,3
levenshtein,227,kl_to_reference,0.073766,0.008685,3
levenshtein,228,kl_to_reference,0.077548,0.004124,3
levenshtein,229,kl_to_reference,0.082263,0.003431,3
levenshtein,230,kl_to_reference,0.077433,0.008714,3
levenshtein,231,kl_to_reference,0.077562,0.003578,3
levenshtein,232,kl_to_reference,0.086852,0.007178,3
levenshtein,233,kl_to_reference,0.08382,0.001044,3
levenshtein,234,kl_to_reference,0.082205,0.006744,3
levenshtein,235,kl_to_reference,0.076835,0.006009,3
levenshtein,236,kl_to_reference,0.073697,0.002937,3
levenshtein,237,kl_to_reference,0.07692,0.00522,3
levenshtein,238,kl_to_reference,0.085262,0.004427,3
levenshtein,239,kl_to_reference,0.081602,0.001875,3
levenshtein,240,kl_to_reference,0.078562,0.005137,3
levenshtein,241,kl_to_reference,0.08041,0.003424,3
levenshtein,242,kl_to_reference,0.081784,0.002523,3
levenshtein,243,kl_to_reference,0.08014,0.004598,3
levenshtein,244,kl_to_reference,0.08684,0.005075,3
levenshtein,245,kl_to_reference,0.082435,0.001202,3
levenshtein,246,kl_to_reference,0.078216,0.003953,3
levenshtein,247,kl_to_reference,0.078866,0.004375,3
levenshtein,248,kl_to_reference,0.083723,0.006557,3
levenshtein,249,kl_to_reference,0.081002,0.001027,3
levenshtein,250,kl_to_reference,0.077449,0.004552,3
levenshtein,251,kl_to_reference,0.079383,0.002519,3
levenshtein,252,kl_to_reference,0.077987,0.002683,3
levenshtein,253,kl_to_reference,0.077317,0.004075,3
levenshtein,254,kl_to_reference,0.08678,0.005421,3
levenshtein,255,kl_to_reference,0.07766,0.010463,3
levenshtein,256,kl_to_reference,0.082985,0.002859,3
levenshtein,257,kl_to_reference,0.087455,0.004591,3
levenshtein,258,kl_to_reference,0.089133,0.003332,3
levenshtein,259,kl_to_reference,0.085738,0.007921,3
levenshtein,260,kl_to_reference,0.081153,0.00779,3
levenshtein,261,kl_to_reference,0.082151,0.00878,3
levenshtein,262,kl_to_reference,0.083456,0.00132,3
levenshtein,263,kl_to_reference,0.078067,0.002101,3
levenshtein,264,kl_to_reference,0.086764,0.00164,3
levenshtein,265,kl_to_reference,0.081227,0.000841,3
levenshtein,266,kl_to_reference,0.087434,0.007078,3
levenshtein,267,kl_to_reference,0.087491,0.001768,3
levenshtein,268,kl_to_reference,0.083986,0.002244,3
levenshtein,269,kl_to_reference,0.080778,0.006173,3
levenshtein,270,kl_to_reference,0.082051,0.002232,3
levenshtein,271,kl_to_reference,0.084672,0.004656,3
levenshtein,272,kl_to_reference,0.084824,0.004528,3
levenshtein,273,kl_to_reference,0.084691,0.00241,3
levenshtein,274,kl_to_reference,0.079068,0.005357,3
levenshtein,275,kl_to_reference,0.084243,0.003065,3
levenshtein,276,kl_to_reference,0.079497,0.005342,3
levenshtein,277,kl_to_reference,0.08117,0.004686,3
levenshtein,278,kl_to_reference,0.085475,0.004941,3
levenshtein,279,kl_to_reference,0.080573,0.004446,3
levenshtein,280,kl_to_reference,0.081707,0.004965,3
levenshtein,281,kl_to_reference,0.084002,0.00417,3
levenshtein,282,kl_to_reference,0.086034,0.006375,3
levenshtein,283,kl_to_reference,0.075583,0.003457,3
levenshtein,284,kl_to_reference,0.08236,0.004958,3
levenshtein,285,kl_to_reference,0.082413,0.007788,3
levenshtein,286,kl_to_reference,0.084302,0.00395,3
levenshtein,287,kl_to_reference,0.083654,0.007972,3
levenshtein,288,kl_to_reference,0.08443,0.003255,3
levenshtein,289,kl_to_reference,0.080104,0.001778,3
levenshtein,290,kl_to_reference,0.084536,0.00399,3
levenshtein,291,kl_to_reference,0.085277,0.00215,3
levenshtein,292,kl_to_reference,0.07957,0.008739,3
levenshtein,293,kl_to_reference,0.083457,0.003157,3
levenshtein,294,kl_to_reference,0.084374,0.008146,3
levenshtein,295,kl_to_reference,0.079315,0.004932,3
levenshtein,296,kl_to_reference,0.085185,0.002401,3
levenshtein,297,kl_to_reference,0.081538,0.011147,3
levenshtein,298,kl_to_reference,0.088401,0.004426,3
levenshtein,299,kl_to_reference,0.081994,0.006974,3
levenshtein,300,kl_to_reference,0.078355,0.000876,3
levenshtein,301,kl_to_reference,0.08607,0.007471,3
levenshtein,302,kl_to_reference,0.0861,0.004916,3
levenshtein,303,kl_to_reference,0.084934,0.006765,3
levenshtein,304,kl_to_reference,0.087349,0.00312,3
levenshtein,305,kl_to_reference,0.086084,0.007879,3
levenshtein,306,kl_to_reference,0.082148,0.00416,3
levenshtein,307,kl_to_reference,0.083485,0.005514,3
levenshtein,308,kl_to_reference,0.091885,0.002348,3
levenshtein,309,kl_to_reference,0.086046,0.00222,3
levenshtein,310,kl_to_reference,0.083071,0.003053,3
levenshtein,311,kl_to_reference,0.085648,0.006668,3
levenshtein,312,kl_to_reference,0.089303,0.004355,3
levenshtein,313,kl_to_reference,0.080837,0.003799,3
levenshtein,314,kl_to_reference,0.091787,0.005164,3
levenshtein,315,kl_to_reference,0.084769,0.003884,3
levenshtein,316,kl_to_reference,0.086484,0.002993,3
levenshtein,317,kl_to_reference,0.091899,0.002074,3
levenshtein,318,kl_to_reference,0.085223,0.00986,3
levenshtein,319,kl_to_reference,0.084862,0.00532,3
levenshtein,320,kl_to_reference,0.082901,0.002692,3
levenshtein,321,kl_to_reference,0.083351,0.002711,3
levenshtein,322,kl_to_reference,0.08986,0.005681,3
levenshtein,323,kl_to_reference,0.087979,0.007851,3
levenshtein,324,kl_to_reference,0.086779,0.001762,3
levenshtein,325,kl_to_reference,0.09307,0.005902,3
levenshtein,326,kl_to_reference,0.092281,0.01019,3
levenshtein,327,kl_to_reference,0.08706,0.008211,3
levenshtein,328,kl_to_reference,0.087758,0.002405,3
levenshtein,329,kl_to_reference,0.088463,0.007824,3
levenshtein,330,kl_to_reference,0.090711,0.00523,3
levenshtein,331,kl_to_reference,0.085907,0.003097,3
levenshtein,332,kl_to_reference,0.093098,0.004303,3
levenshtein,333,kl_to_reference,0.086177,0.004586,3
levenshtein,334,kl_to_reference,0.088176,0.00316,3
levenshtein,335,kl_to_reference,0.082179,0.006034,3
levenshtein,336,kl_to_reference,0.087473,0.005782,3
levenshtein,337,kl_to_reference,0.088058,0.006717,3
levenshtein,338,kl_to_reference,0.085985,0.006476,3
levenshtein,339,kl_to_reference,0.089283,0.005089,3
levenshtein,340,kl_to_reference,0.095779,0.003375,3
levenshtein,341,kl_to_reference,0.084927,0.001361,3
levenshtein,342,kl_to_reference,0.083611,0.00304,3
levenshtein,343,kl_to_reference,0.088424,0.005973,3
levenshtein,344,kl_to_reference,0.083813,0.001266,3
levenshtein,345,kl_to_reference,0.095927,0.001977,3
levenshtein,346,kl_to_reference,0.089208,0.004739,3
levenshtein,347,kl_to_reference,0.082631,0.003677,3
levenshtein,348,kl_to_reference,0.086449,0.011353,3
levenshtein,349,kl_to_reference,0.088076,0.005388,3
levenshtein,350,kl_to_reference,0.086554,0.006025,3
levenshtein,351,kl_to_reference,0.084908,0.001445,3
levenshtein,352,kl_to_reference,0.085204,0.005715,3
levenshtein,353,kl_to_reference,0.094792,0.003519,3
levenshtein,354,kl_to_reference,0.092917,0.004097,3
levenshtein,355,kl_to_reference,0.087441,0.002312,3
levenshtein,356,kl_to_reference,0.089686,0.007151,3
levenshtein,357,kl_to_reference,0.089495,0.003237,3
levenshtein,358,kl_to_reference,0.08959,0.007389,3
levenshtein,359,kl_to_reference,0.09095,0.008521,3
levenshtein,360,kl_to_reference,0.086855,0.003032,3
levenshtein,361,kl_to_reference,0.091824,0.003235,3
levenshtein,362,kl_to_reference,0.093144,0.001203,3
levenshtein,363,kl_to_reference,0.08581,0.001042,3
levenshtein,364,kl_to_reference,0.091025,0.009185,3
levenshtein,365,kl_to_reference,0.081363,0.003081,3
levenshtein,366,kl_to_reference,0.095019,0.005439,3
levenshtein,367,kl_to_reference,0.092271,0.004812,3
levenshtein,368,kl_to_reference,0.089283,0.004685,3
levenshtein,369,kl_to_reference,0.09252,0.004321,3
levenshtein,370,kl_to_reference,0.090134,0.002141,3
levenshtein,371,kl_to_reference,0.086222,0.003456,3
levenshtein,372,kl_to_reference,0.079437,0.002837,3
levenshtein,373,kl_to_reference,0.09067,0.000923,3
levenshtein,374,kl_to_reference,0.086767,0.003742,3
levenshtein,375,kl_to_reference,0.089902,0.004017,3
levenshtein,376,kl_to_reference,0.084911,0.002127,3
levenshtein,377,kl_to_reference,0.092972,0.002751,3
levenshtein,378,kl_to_reference,0.095669,0.009371,3
levenshtein,379,kl_to_reference,0.088622,0.002998,3
levenshtein,380,kl_to_reference,0.092668,0.001929,3
levenshtein,381,kl_to_reference,0.091396,0.00697,3
levenshtein,382,kl_to_reference,0.087262,0.005135,3
levenshtein,383,kl_to_reference,0.086277,0.003242,3
levenshtein,384,kl_to_reference,0.091962,0.004277,3
levenshtein,385,kl_to_reference,0.092487,0.003729,3
levenshtein,386,kl_to_reference,0.081799,0.008306,3
levenshtein,387,kl_to_reference,0.091225,0.002644,3
levenshtein,388,kl_to_reference,0.089823,0.003816,3
levenshtein,389,kl_to_reference,0.087608,0.001457,3
levenshtein,390,kl_to_reference,0.085358,0.002177,3
levenshtein,391,kl_to_reference,0.088231,0.003266,3
levenshtein,392,kl_to_reference,0.087896,0.003919,3
levenshtein,393,kl_to_reference,0.086055,0.000863,3
levenshtein,394,kl_to_reference,0.094955,0.000763,3
levenshtein,395,kl_to_reference,0.087157,0.002777,3
levenshtein,396,kl_to_reference,0.08685,0.003018,3
levenshtein,397,kl_to_reference,0.085341,0.005455,3
levenshtein,398,kl_to_reference,0.090129,0.003355,3
levenshtein,399,kl_to_reference,0.08738,0.00494,3
levenshtein,400,kl_to_reference,0.086059,0.006945,3
levenshtein,401,kl_to_reference,0.083956,0.001753,3
levenshtein,402,kl_to_reference,0.091506,0.007673,3
levenshtein,403,kl_to_reference,0.087664,0.002776,3
levenshtein,404,kl_to_reference,0.091686,0.006171,3
levenshtein,405,kl_to_reference,0.088562,0.003176,3
levenshtein,406,kl_to_reference,0.088608,0.007777,3
levenshtein,407,kl_to_reference,0.085929,0.008116,3
levenshtein,408,kl_to_reference,0.088988,0.00715,3
levenshtein,409,kl_to_reference,0.081776,0.007451,3
levenshtein,410,kl_to_reference,0.084979,0.005167,3
levenshtein,411,kl_to_reference,0.085883,0.00656,3
levenshtein,412,kl_to_reference,0.085216,0.002324,3
levenshtein,413,kl_to_reference,0.089113,0.001588,3
levenshtein,414,kl_to_reference,0.08668,0.009893,3
levenshtein,415,kl_to_reference,0.087542,0.006157,3
levenshtein,416,kl_to_reference,0.090145,0.005381,3
levenshtein,417,kl_to_reference,0.082027,0.006686,3
levenshtein,418,kl_to_reference,0.088742,0.002644,3
levenshtein,419,kl_to_reference,0.09246,0.005004,3
levenshtein,420,kl_to_reference,0.090757,0.004758,3
levenshtein,421,kl_to_reference,0.089744,0.00459,3
levenshtein,422,kl_to_reference,0.086566,0.002385,3
levenshtein,423,kl_to_reference,0.089854,0.010438,3
levenshtein,424,kl_to_reference,0.084613,0.01041,3
levenshtein,425,kl_to_reference,0.084366,0.003478,3
levenshtein,426,kl_to_reference,0.085749,0.006596,3
levenshtein,427,kl_to_reference,0.094302,0.005302,3
levenshtein,428,kl_to_reference,0.088634,0.007169,3
levenshtein,429,kl_to_reference,0.092546,0.007782,3
levenshtein,430,kl_to_reference,0.090655,0.006483,3
levenshtein,431,kl_to_reference,0.084784,0.001901,3
levenshtein,432,kl_to_reference,0.088702,0.006108,3
levenshtein,433,kl_to_reference,0.097175,0.00596,3
levenshtein,434,kl_to_reference,0.083725,0.004193,3
levenshtein,435,kl_to_reference,0.089039,0.005256,3
levenshtein,436,kl_to_reference,0.091089,0.006062,3
levenshtein,437,kl_to_reference,0.092611,0.006517,3
levenshtein,438,kl_to_reference,0.094098,0.008525,3
levenshtein,439,kl_to_reference,0.086447,0.004904,3
levenshtein,440,kl_to_reference,0.089441,0.004164,3
levenshtein,441,kl_to_reference,0.088626,0.004388,3
levenshtein,442,kl_to_reference,0.093541,0.001703,3
levenshtein,443,kl_to_reference,0.082135,0.003548,3
levenshtein,444,kl_to_reference,0.091393,0.009526,3
levenshtein,445,kl_to_reference,0.091737,0.004768,3
levenshtein,446,kl_to_reference,0.093117,0.004439,3
levenshtein,447,kl_to_reference,0.087916,0.009413,3
levenshtein,448,kl_to_reference,0.095803,0.003232,3
levenshtein,449,kl_to_reference,0.09419,0.001586,3
levenshtein,450,kl_to_reference,0.08612,0.004694,3
levenshtein,451,kl_to_reference,0.090632,0.00146,3
levenshtein,452,kl_to_reference,0.091263,0.000943,3
levenshtein,453,kl_to_reference,0.092554,0.006073,3
levenshtein,454,kl_to_reference,0.093993,0.008616,3
levenshtein,455,kl_to_reference,0.093469,0.010424,3
levenshtein,456,kl_to_reference,0.094721,0.00447,3
levenshtein,457,kl_to_reference,0.095675,0.006447,3
levenshtein,458,kl_to_reference,0.0949,0.009649,3
levenshtein,459,kl_to_reference,0.09027,0.010864,3
levenshtein,460,kl_to_reference,0.087223,0.00938,3
levenshtein,461,kl_to_reference,0.094284,0.009365,3
levenshtein,462,kl_to_reference,0.090993,0.00527,3
levenshtein,463,kl_to_reference,0.090884,0.002951,3
levenshtein,464,kl_to_reference,0.09371,0.009866,3
levenshtein,465,kl_to_reference,0.094424,0.004689,3
levenshtein,466,kl_to_reference,0.090691,0.008689,3
levenshtein,467,kl_to_reference,0.095676,0.004014,3
levenshtein,468,kl_to_reference,0.094296,0.00629,3
levenshtein,469,kl_to_reference,0.098185,0.004455,3
levenshtein,470,kl_to_reference,0.087546,0.009549,3
levenshtein,471,kl_to_reference,0.089063,0.007109,3
levenshtein,472,kl_to_reference,0.090481,0.005174,3
levenshtein,473,kl_to_reference,0.096928,0.00317,3
levenshtein,474,kl_to_reference,0.093305,0.016838,3
levenshtein,475,kl_to_reference,0.092082,0.004099,3
levenshtein,476,kl_to_reference,0.09136,0.001883,3
levenshtein,477,kl_to_reference,0.086991,0.008077,3
levenshtein,478,kl_to_reference,0.092788,0.006461,3
levenshtein,479,kl_to_reference,0.095503,0.006272,3
levenshtein,480,kl_to_reference,0.092475,0.011256,3
levenshtein,481,kl_to_reference,0.091152,0.008585,3
levenshtein,482,kl_to_reference,0.09524,0.002022,3
levenshtein,483,kl_to_reference,0.097675,0.003751,3
levenshtein,484,kl_to_reference,0.092675,0.006924,3
levenshtein,485,kl_to_reference,0.087088,0.00502,3
levenshtein,486,kl_to_reference,0.091636,0.008266,3
levenshtein,487,kl_to_reference,0.091557,0.004456,3
levenshtein,488,kl_to_reference,0.089003,0.007293,3
levenshtein,489,kl_to_reference,0.089868,0.012089,3
levenshtein,490,kl_to_reference,0.091344,0.00338,3
levenshtein,491,kl_to_reference,0.091241,0.011422,3
levenshtein,492,kl_to_reference,0.094255,0.004606,3
levenshtein,493,kl_to_reference,0.09556,0.001025,3
levenshtein,494,kl_to_reference,0.086632,0.001225,3
levenshtein,495,kl_to_reference,0.088286,0.004397,3
levenshtein,496,kl_to_reference,0.095615,0.005732,3
levenshtein,497,kl_to_reference,0.088699,0.001187,3
levenshtein,498,kl_to_reference,0.089028,0.003228,3
levenshtein,499,kl_to_reference,0.093859,0.010334,3
levenshtein,500,kl_to_reference,0.090867,0.011022,3
levenshtein,501,kl_to_reference,0.091499,0.007523,3
levenshtein,502,kl_to_reference,0.092733,0.01006,3
levenshtein,503,kl_to_reference,0.094107,0.007526,3
levenshtein,504,kl_to_reference,0.099224,0.004533,3
levenshtein,505,kl_to_reference,0.095595,0.005206,3
levenshtein,506,kl_to_reference,0.097857,0.010689,3
levenshtein,507,kl_to_reference,0.085314,0.008222,3
levenshtein,508,kl_to_reference,0.094807,0.006601,3
levenshtein,509,kl_to_reference,0.091627,0.005196,3
levenshtein,510,kl_to_reference,0.094393,0.003862,3
levenshtein,511,kl_to_reference,0.092983,0.016494,3
levenshtein,512,kl_to_reference,0.09342,0.004634,3
levenshtein,513,kl_to_reference,0.091202,0.00999,3
levenshtein,514,kl_to_reference,0.093751,0.005475,3
levenshtein,515,kl_to_reference,0.093532,0.007407,3
levenshtein,516,kl_to_reference,0.090366,0.003949,3
levenshtein,517,kl_to_reference,0.101546,0.005067,3
levenshtein,518,kl_to_reference,0.091693,0.006516,3
levenshtein,519,kl_to_reference,0.094733,0.00521,3
levenshtein,520,kl_to_reference,0.091317,0.002466,3
levenshtein,521,kl_to_reference,0.092514,0.002046,3
levenshtein,522,kl_to_reference,0.095707,0.001314,3
levenshtein,523,kl_to_reference,0.09389,0.006335,3
levenshtein,524,kl_to_reference,0.094222,0.006849,3
levenshtein,525,kl_to_reference,0.089655,0.004543,3
levenshtein,526,kl_to_reference,0.09513,0.005224,3
levenshtein,527,kl_to_reference,0.08951,0.003872,3
levenshtein,528,kl_to_reference,0.095132,0.007275,3
levenshtein,529,kl_to_reference,0.094951,0.002226,3
levenshtein,530,kl_to_reference,0.093729,0.002146,3
levenshtein,531,kl_to_reference,0.098696,0.011468,3
levenshtein,532,kl_to_reference,0.094321,0.002115,3
levenshtein,533,kl_to_reference,0.094679,0.002051,3
levenshtein,534,kl_to_reference,0.094213,0.005109,3
levenshtein,535,kl_to_reference,0.097288,0.008645,3
levenshtein,536,kl_to_reference,0.095341,0.008649,3
levenshtein,537,kl_to_reference,0.093366,0.008444,3
levenshtein,538,kl_to_reference,0.092194,0.003326,3
levenshtein,539,kl_to_reference,0.095039,0.006611,3
levenshtein,540,kl_to_reference,0.096521,0.006691,3
levenshtein,541,kl_to_reference,0.094642,0.012364,3
levenshtein,542,kl_to_reference,0.09371,0.011685,3
levenshtein,543,kl_to_reference,0.102074,0.006391,3
levenshtein,544,kl_to_reference,0.09931,0.008256,3
levenshtein,545,kl_to_reference,0.091317,0.008968,3
levenshtein,546,kl_to_reference,0.094044,0.002435,3
levenshtein,547,kl_to_reference,0.095427,0.008759,3
levenshtein,548,kl_to_reference,0.093022,0.008865,3
levenshtein,549,kl_to_reference,0.096196,0.00377,3
levenshtein,550,kl_to_reference,0.090655,0.00781,3
levenshtein,551,kl_to_reference,0.089186,0.005277,3
levenshtein,552,kl_to_reference,0.094478,0.004379,3
levenshtein,553,kl_to_reference,0.091557,0.00307,3
levenshtein,554,kl_to_reference,0.092739,0.007625,3
levenshtein,555,kl_to_reference,0.096791,0.004898,3
levenshtein,556,kl_to_reference,0.093382,0.009806,3
levenshtein,557,kl_to_reference,0.093376,0.007736,3
levenshtein,558,kl_to_reference,0.089555,0.002115,3
levenshtein,559,kl_to_reference,0.099296,0.013693,3
levenshtein,560,kl_to_reference,0.093716,0.003316,3
levenshtein,561,kl_to_reference,0.094351,0.006507,3
levenshtein,562,kl_to_reference,0.092229,0.004658,3
levenshtein,563,kl_to_reference,0.097358,0.006206,3
levenshtein,564,kl_to_reference,0.098445,0.006765,3
levenshtein,565,kl_to_reference,0.094108,0.005276,3
levenshtein,566,kl_to_reference,0.095323,0.00167,3
levenshtein,567,kl_to_reference,0.093937,0.004736,3
levenshtein,568,kl_to_reference,0.088685,0.006178,3
levenshtein,569,kl_to_reference,0.094034,0.003798,3
levenshtein,570,kl_to_reference,0.094006,0.004292,3
levenshtein,571,kl_to_reference,0.086587,0.003473,3
levenshtein,572,kl_to_reference,0.089072,0.003097,3
levenshtein,573,kl_to_reference,0.088418,0.00252,3
levenshtein,574,kl_to_reference,0.087152,0.001833,3
levenshtein,575,kl_to_reference,0.09855,0.003642,3
levenshtein,576,kl_to_reference,0.092677,0.003472,3
levenshtein,577,kl_to_reference,0.087297,0.004446,3
levenshtein,578,kl_to_reference,0.096613,0.005083,3
levenshtein,579,kl_to_reference,0.098932,0.002756,3
levenshtein,580,kl_to_reference,0.095158,0.003559,3
levenshtein,581,kl_to_reference,0.09404,0.002876,3
levenshtein,582,kl_to_reference,0.092477,0.000683,3
levenshtein,583,kl_to_reference,0.099823,0.008019,3
levenshtein,584,kl_to_reference,0.094187,0.008314,3
levenshtein,585,kl_to_reference,0.093754,0.00294,3
levenshtein,586,kl_to_reference,0.096088,0.004439,3
levenshtein,587,kl_to_reference,0.094899,0.013792,3
levenshtein,588,kl_to_reference,0.101996,0.005898,3
levenshtein,589,kl_to_reference,0.094037,0.005285,3
levenshtein,590,kl_to_reference,0.09466,0.006102,3
levenshtein,591,kl_to_reference,0.095307,0.007341,3
levenshtein,592,kl_to_reference,0.097371,0.003148,3
levenshtein,593,kl_to_reference,0.093355,0.002639,3
levenshtein,594,kl_to_reference,0.090319,0.008397,3
levenshtein,595,kl_to_reference,0.093252,0.008979,3
levenshtein,596,kl_to_reference,0.10012,0.004683,3
levenshtein,597,kl_to_reference,0.088862,0.00812,3
levenshtein,598,kl_to_reference,0.096177,0.004011,3
levenshtein,599,kl_to_reference,0.098153,0.006527,3
levenshtein,600,kl_to_reference,0.092835,0.006828,3
levenshtein,601,kl_to_reference,0.101439,0.010198,3
levenshtein,602,kl_to_reference,0.094206,0.008139,3
levenshtein,603,kl_to_reference,0.100743,0.003964,3
levenshtein,604,kl_to_reference,0.109384,0.007746,3
levenshtein,605,kl_to_reference,0.092686,0.002005,3
levenshtein,606,kl_to_reference,0.094394,0.005539,3
levenshtein,607,kl_to_reference,0.094839,0.004665,3
levenshtein,608,kl_to_reference,0.09868,0.001927,3
levenshtein,609,kl_to_reference,0.093408,0.004256,3
levenshtein,610,kl_to_reference,0.098335,0.007413,3
levenshtein,611,kl_to_reference,0.094574,0.004816,3
levenshtein,612,kl_to_reference,0.099203,0.003674,3
levenshtein,613,kl_to_reference,0.104259,0.004679,3
levenshtein,614,kl_to_reference,0.097801,0.00792,3
levenshtein,615,kl_to_reference,0.10059,0.010101,3
levenshtein,616,kl_to_reference,0.093901,0.000759,3
levenshtein,617,kl_to_reference,0.100143,0.00677,3
levenshtein,618,kl_to_reference,0.091371,0.006334,3
levenshtein,619,kl_to_reference,0.096834,0.003702,3
levenshtein,620,kl_to_reference,0.09834,0.004128,3
levenshtein,621,kl_to_reference,0.098598,0.007728,3
levenshtein,622,kl_to_reference,0.091604,0.005416,3
levenshtein,623,kl_to_reference,0.100129,0.005971,3
levenshtein,624,kl_to_reference,0.103236,0.005598,3
levenshtein,625,kl_to_reference,0.098056,0.001857,3
levenshtein,626,kl_to_reference,0.098624,0.005561,3
levenshtein,627,kl_to_reference,0.091121,0.011102,3
levenshtein,628,kl_to_reference,0.100772,0.011205,3
levenshtein,629,kl_to_reference,0.099757,0.00365,3
levenshtein,630,kl_to_reference,0.094635,0.003011,3
levenshtein,631,kl_to_reference,0.089498,0.011893,3
levenshtein,632,kl_to_reference,0.095819,0.000756,3
levenshtein,633,kl_to_reference,0.094626,0.002852,3
levenshtein,634,kl_to_reference,0.096879,0.004341,3
levenshtein,635,kl_to_reference,0.096302,0.006354,3
levenshtein,636,kl_to_reference,0.09047,0.004614,3
levenshtein,637,kl_to_reference,0.090874,0.009318,3
levenshtein,638,kl_to_reference,0.093249,0.008626,3
levenshtein,639,kl_to_reference,0.096178,0.003716,3
levenshtein,640,kl_to_reference,0.093448,0.001337,3
levenshtein,641,kl_to_reference,0.100432,0.006195,3
levenshtein,642,kl_to_reference,0.107123,0.000817,3
levenshtein,643,kl_to_reference,0.09328,0.007921,3
levenshtein,644,kl_to_reference,0.095589,0.005727,3
levenshtein,645,kl_to_reference,0.100931,0.004084,3
levenshtein,646,kl_to_reference,0.098847,0.010089,3
levenshtein,647,kl_to_reference,0.098232,0.004536,3
levenshtein,648,kl_to_reference,0.093169,0.011416,3
levenshtein,649,kl_to_reference,0.104024,0.012088,3
levenshtein,650,kl_to_reference,0.09495,0.008641,3
levenshtein,651,kl_to_reference,0.098258,0.005364,3
levenshtein,652,kl_to_reference,0.095385,0.003636,3
levenshtein,653,kl_to_reference,0.102276,0.01338,3
levenshtein,654,kl_to_reference,0.099578,0.0024,3
levenshtein,655,kl_to_reference,0.099404,0.003445,3
levenshtein,656,kl_to_reference,0.09738,0.002025,3
levenshtein,657,kl_to_reference,0.097182,0.011146,3
levenshtein,658,kl_to_reference,0.101252,0.003499,3
levenshtein,659,kl_to_reference,0.105441,0.003156,3
levenshtein,660,kl_to_reference,0.093389,0.003363,3
levenshtein,661,kl_to_reference,0.099665,0.001894,3
levenshtein,662,kl_to_reference,0.101903,0.003975,3
levenshtein,663,kl_to_reference,0.101472,0.003109,3
levenshtein,664,kl_to_reference,0.107751,0.000221,3
levenshtein,665,kl_to_reference,0.094695,0.003233,3
levenshtein,666,kl_to_reference,0.098586,0.006278,3
levenshtein,667,kl_to_reference,0.099391,0.004233,3
levenshtein,668,kl_to_reference,0.099094,0.007552,3
levenshtein,669,kl_to_reference,0.096613,0.004154,3
levenshtein,670,kl_to_reference,0.097295,0.001994,3
levenshtein,671,kl_to_reference,0.098966,0.001384,3
levenshtein,672,kl_to_reference,0.09743,0.005661,3
levenshtein,673,kl_to_reference,0.103586,0.006818,3
levenshtein,674,kl_to_reference,0.097771,0.00216,3
levenshtein,675,kl_to_reference,0.1032,0.007264,3
levenshtein,676,kl_to_reference,0.101339,0.005777,3
levenshtein,677,kl_to_reference,0.094222,0.003011,3
levenshtein,678,kl_to_reference,0.096947,0.001697,3
levenshtein,679,kl_to_reference,0.099739,0.008408,3
levenshtein,680,kl_to_reference,0.098968,0.001752,3
levenshtein,681,kl_to_reference,0.098142,0.003403,3
levenshtein,682,kl_to_reference,0.092994,0.002768,3
levenshtein,683,kl_to_reference,0.09258,0.00447,3
levenshtein,684,kl_to_reference,0.097922,0.001802,3
levenshtein,685,kl_to_reference,0.101116,0.002641,3
levenshtein,686,kl_to_reference,0.096268,0.00432,3
levenshtein,687,kl_to_reference,0.096065,0.003708,3
levenshtein,688,kl_to_reference,0.099009,0.007851,3
levenshtein,689,kl_to_reference,0.100089,0.005197,3
levenshtein,690,kl_to_reference,0.098834,0.002062,3
levenshtein,691,kl_to_reference,0.090632,0.005785,3
levenshtein,692,kl_to_reference,0.100866,0.002206,3
levenshtein,693,kl_to_reference,0.103723,0.005197,3
levenshtein,694,kl_to_reference,0.099026,0.002339,3
levenshtein,695,kl_to_reference,0.097371,0.009519,3
levenshtein,696,kl_to_reference,0.100071,0.003654,3
levenshtein,697,kl_to_reference,0.098095,0.005072,3
levenshtein,698,kl_to_reference,0.094801,0.003033,3
levenshtein,699,kl_to_reference,0.102539,0.003481,3
levenshtein,700,kl_to_reference,0.099902,0.002774,3
levenshtein,701,kl_to_reference,0.101607,0.00492,3
levenshtein,702,kl_to_reference,0.105593,0.00931,3
levenshtein,703,kl_to_reference,0.103268,0.010038,3
levenshtein,704,kl_to_reference,0.107397,0.004006,3
levenshtein,705,kl_to_reference,0.105691,0.004233,3
levenshtein,706,kl_to_reference,0.10339,0.003394,3
levenshtein,707,kl_to_reference,0.101199,0.002344,3
levenshtein,708,kl_to_reference,0.103528,0.009509,3
levenshtein,709,kl_to_reference,0.111185,0.01003,3
levenshtein,710,kl_to_reference,0.103348,0.002318,3
levenshtein,711,kl_to_reference,0.103718,0.007467,3
levenshtein,712,kl_to_reference,0.104778,0.00899,3
levenshtein,713,kl_to_reference,0.109318,0.008174,3
levenshtein,714,kl_to_reference,0.099963,0.004734,3
levenshtein,715,kl_to_reference,0.107575,0.003161,3
levenshtein,716,kl_to_reference,0.104349,0.005142,3
levenshtein,717,kl_to_reference,0.105679,0.005504,3
levenshtein,718,kl_to_reference,0.095836,0.001713,3
levenshtein,719,kl_to_reference,0.099326,0.006226,3
levenshtein,720,kl_to_reference,0.108596,0.005277,3
levenshtein,721,kl_to_reference,0.102117,0.00459,3
levenshtein,722,kl_to_reference,0.1057,0.003039,3
levenshtein,723,kl_to_reference,0.105249,0.01026,3
levenshtein,724,kl_to_reference,0.104305,0.009171,3
levenshtein,725,kl_to_reference,0.110904,0.010338,3
levenshtein,726,kl_to_reference,0.101819,0.002951,3
levenshtein,727,kl_to_reference,0.109916,0.011241,3
levenshtein,728,kl_to_reference,0.098757,0.009242,3
levenshtein,729,kl_to_reference,0.100169,0.009673,3
levenshtein,730,kl_to_reference,0.10477,0.005807,3
levenshtein,731,kl_to_reference,0.101123,0.010087,3
levenshtein,732,kl_to_reference,0.105928,0.010623,3
levenshtein,733,kl_to_reference,0.09827,0.005106,3
levenshtein,734,kl_to_reference,0.102814,0.010105,3
levenshtein,735,kl_to_reference,0.102431,0.002953,3
levenshtein,736,kl_to_reference,0.104636,0.002116,3
levenshtein,737,kl_to_reference,0.108313,0.007529,3
levenshtein,738,kl_to_reference,0.10836,0.003098,3
levenshtein,739,kl_to_reference,0.100325,0.004052,3
levenshtein,740,kl_to_reference,0.107444,0.010335,3
levenshtein,741,kl_to_reference,0.106741,0.008253,3
levenshtein,742,kl_to_reference,0.109426,0.015359,3
levenshtein,743,kl_to_reference,0.103832,0.004803,3
levenshtein,744,kl_to_reference,0.108263,0.010334,3
levenshtein,745,kl_to_reference,0.103709,0.003953,3
levenshtein,746,kl_to_reference,0.098628,0.001485,3
levenshtein,747,kl_to_reference,0.108395,0.006979,3
levenshtein,748,kl_to_reference,0.107505,0.01026,3
levenshtein,749,kl_to_reference,0.106567,0.004134,3
levenshtein,750,kl_to_reference,0.104759,0.009187,3
levenshtein,751,kl_to_reference,0.109519,0.015592,3
levenshtein,752,kl_to_reference,0.107429,0.011253,3
levenshtein,753,kl_to_reference,0.110558,0.003711,3
levenshtein,754,kl_to_reference,0.106601,0.004648,3
levenshtein,755,kl_to_reference,0.098464,0.002364,3
levenshtein,756,kl_to_reference,0.105616,0.011127,3
levenshtein,757,kl_to_reference,0.102686,0.004089,3
levenshtein,758,kl_to_reference,0.099037,0.000119,3
levenshtein,759,kl_to_reference,0.112413,0.006491,3
levenshtein,760,kl_to_reference,0.111442,0.008237,3
levenshtein,761,kl_to_reference,0.108023,0.006665,3
levenshtein,762,kl_to_reference,0.107785,0.001344,3
levenshtein,763,kl_to_reference,0.102623,0.002959,3
levenshtein,764,kl_to_reference,0.099081,0.006915,3
levenshtein,765,kl_to_reference,0.099643,0.000327,3
levenshtein,766,kl_to_reference,0.094445,0.000575,3
levenshtein,767,kl_to_reference,0.097058,0.009253,3
levenshtein,768,kl_to_reference,0.097583,0.01245,3
levenshtein,769,kl_to_reference,0.101074,0.011717,3
levenshtein,770,kl_to_reference,0.10168,0.006363,3
levenshtein,771,kl_to_reference,0.101635,0.005848,3
levenshtein,772,kl_to_reference,0.102539,0.001113,3
levenshtein,773,kl_to_reference,0.105445,0.007557,3
levenshtein,774,kl_to_reference,0.104231,0.003594,3
levenshtein,775,kl_to_reference,0.098712,0.006749,3
levenshtein,776,kl_to_reference,0.100821,0.004907,3
levenshtein,777,kl_to_reference,0.105132,0.00599,3
levenshtein,778,kl_to_reference,0.100789,0.006473,3
levenshtein,779,kl_to_reference,0.10314,0.003509,3
levenshtein,780,kl_to_reference,0.103251,0.006231,3
levenshtein,781,kl_to_reference,0.105919,0.012309,3
levenshtein,782,kl_to_reference,0.111531,0.006347,3
levenshtein,783,kl_to_reference,0.111555,0.005564,3
levenshtein,784,kl_to_reference,0.102139,0.006278,3
levenshtein,785,kl_to_reference,0.10532,0.006496,3
levenshtein,786,kl_to_reference,0.103932,0.005252,3
levenshtein,787,kl_to_reference,0.104069,0.010999,3
levenshtein,788,kl_to_reference,0.103733,0.003456,3
levenshtein,789,kl_to_reference,0.1071,0.00692,3
levenshtein,790,kl_to_reference,0.100439,0.003374,3
levenshtein,791,kl_to_reference,0.099773,0.013221,3
levenshtein,792,kl_to_reference,0.102388,0.011538,3
levenshtein,793,kl_to_reference,0.102951,0.005821,3
levenshtein,794,kl_to_reference,0.110402,0.003937,3
levenshtein,795,kl_to_reference,0.108737,0.00455,3
levenshtein,796,kl_to_reference,0.106392,0.01489,3
levenshtein,797,kl_to_reference,0.097987,0.001423,3
levenshtein,798,kl_to_reference,0.110186,0.012255,3
levenshtein,799,kl_to_reference,0.109187,0.002782,3
levenshtein,800,kl_to_reference,0.109805,0.014215,3
levenshtein,801,kl_to_reference,0.108054,0.006717,3
levenshtein,802,kl_to_reference,0.101177,0.005532,3
levenshtein,803,kl_to_reference,0.099295,0.011172,3
levenshtein,804,kl_to_reference,0.102706,0.010466,3
levenshtein,805,kl_to_reference,0.109241,0.006107,3
levenshtein,806,kl_to_reference,0.10342,0.008801,3
levenshtein,807,kl_to_reference,0.107077,0.010353,3
levenshtein,808,kl_to_reference,0.099585,0.004392,3
levenshtein,809,kl_to_reference,0.101242,0.007766,3
levenshtein,810,kl_to_reference,0.107912,0.005829,3
levenshtein,811,kl_to_reference,0.112649,0.00878,3
levenshtein,812,kl_to_reference,0.111518,0.004647,3
levenshtein,813,kl_to_reference,0.109241,0.005251,3
levenshtein,814,kl_to_reference,0.101692,0.008873,3
levenshtein,815,kl_to_reference,0.104484,0.002785,3
levenshtein,816,kl_to_reference,0.107549,0.001486,3
levenshtein,817,kl_to_reference,0.113084,0.007967,3
levenshtein,818,kl_to_reference,0.100478,0.002686,3
levenshtein,819,kl_to_reference,0.10566,0.004399,3
levenshtein,820,kl_to_reference,0.107608,0.007651,3
levenshtein,821,kl_to_reference,0.099291,0.010398,3
levenshtein,822,kl_to_reference,0.106606,0.007161,3
levenshtein,823,kl_to_reference,0.100857,0.008288,3
levenshtein,824,kl_to_reference,0.112151,0.006421,3
levenshtein,825,kl_to_reference,0.098861,0.003827,3
levenshtein,826,kl_to_reference,0.096931,0.000524,3
levenshtein,827,kl_to_reference,0.106635,0.008182,3
levenshtein,828,kl_to_reference,0.103196,0.004361,3
levenshtein,829,kl_to_reference,0.100068,0.006479,3
levenshtein,830,kl_to_reference,0.096455,0.002999,3
levenshtein,831,kl_to_reference,0.108063,0.003086,3
levenshtein,832,kl_to_reference,0.105043,0.005873,3
levenshtein,833,kl_to_reference,0.107673,0.00518,3
levenshtein,834,kl_to_reference,0.101,0.003896,3
levenshtein,835,kl_to_reference,0.104051,0.005804,3
levenshtein,836,kl_to_reference,0.107995,0.004566,3
levenshtein,837,kl_to_reference,0.103719,0.002411,3
levenshtein,838,kl_to_reference,0.109393,0.005052,3
levenshtein,839,kl_to_reference,0.101977,0.003735,3
levenshtein,840,kl_to_reference,0.096431,0.001302,3
levenshtein,841,kl_to_reference,0.096012,0.00422,3
levenshtein,842,kl_to_reference,0.105169,0.007687,3
levenshtein,843,kl_to_reference,0.108672,0.004163,3
levenshtein,844,kl_to_reference,0.106557,0.008364,3
levenshtein,845,kl_to_reference,0.116454,0.004065,3
levenshtein,846,kl_to_reference,0.110883,0.004184,3
levenshtein,847,kl_to_reference,0.107376,0.004843,3
levenshtein,848,kl_to_reference,0.105548,0.007999,3
levenshtein,849,kl_to_reference,0.111766,0.011826,3
levenshtein,850,kl_to_reference,0.10864,0.004002,3
levenshtein,851,kl_to_reference,0.10735,0.002669,3
levenshtein,852,kl_to_reference,0.104498,0.007359,3
levenshtein,853,kl_to_reference,0.110966,0.002015,3
levenshtein,854,kl_to_reference,0.103289,0.003421,3
levenshtein,855,kl_to_reference,0.107573,0.007436,3
levenshtein,856,kl_to_reference,0.106735,0.001846,3
levenshtein,857,kl_to_reference,0.102923,0.002577,3
levenshtein,858,kl_to_reference,0.107728,0.01126,3
levenshtein,859,kl_to_reference,0.097099,0.004666,3
levenshtein,860,kl_to_reference,0.10577,0.002825,3
levenshtein,861,kl_to_reference,0.102506,0.005026,3
levenshtein,862,kl_to_reference,0.102795,0.002323,3
levenshtein,863,kl_to_reference,0.104115,0.006691,3
levenshtein,864,kl_to_reference,0.102498,0.008258,3
levenshtein,865,kl_to_reference,0.102137,0.003882,3
levenshtein,866,kl_to_reference,0.101324,0.007133,3
levenshtein,867,kl_to_reference,0.107195,0.002686,3
levenshtein,868,kl_to_reference,0.097862,0.00419,3
levenshtein,869,kl_to_reference,0.107557,0.002461,3
levenshtein,870,kl_to_reference,0.099157,0.003656,3
levenshtein,871,kl_to_reference,0.104649,0.008687,3
levenshtein,872,kl_to_reference,0.10522,0.002875,3
levenshtein,873,kl_to_reference,0.106756,0.004306,3
levenshtein,874,kl_to_reference,0.106274,0.008665,3
levenshtein,875,kl_to_reference,0.113444,0.001656,3
levenshtein,876,kl_to_reference,0.10171,0.006682,3
levenshtein,877,kl_to_reference,0.107954,0.005105,3
levenshtein,878,kl_to_reference,0.10349,0.006222,3
levenshtein,879,kl_to_reference,0.103487,0.005126,3
levenshtein,880,kl_to_reference,0.11054,0.012434,3
levenshtein,881,kl_to_reference,0.101654,0.006097,3
levenshtein,882,kl_to_reference,0.111261,0.004661,3
levenshtein,883,kl_to_reference,0.116426,0.00258,3
levenshtein,884,kl_to_reference,0.109002,0.00929,3
levenshtein,885,kl_to_reference,0.105416,0.002889,3
levenshtein,886,kl_to_reference,0.111727,0.000806,3
levenshtein,887,kl_to_reference,0.104565,0.007281,3
levenshtein,888,kl_to_reference,0.108667,0.004725,3
levenshtein,889,kl_to_reference,0.115991,0.006423,3
levenshtein,890,kl_to_reference,0.108554,0.002852,3
levenshtein,891,kl_to_reference,0.10554,0.007129,3
levenshtein,892,kl_to_reference,0.110327,0.004197,3
levenshtein,893,kl_to_reference,0.10972,0.009818,3
levenshtein,894,kl_to_reference,0.10711,0.008458,3
levenshtein,895,kl_to_reference,0.106544,0.008432,3
levenshtein,896,kl_to_reference,0.105921,0.008153,3
levenshtein,897,kl_to_reference,0.104491,0.007444,3
levenshtein,898,kl_to_reference,0.108592,0.0018,3
levenshtein,899,kl_to_reference,0.103348,0.002459,3
levenshtein,900,kl_to_reference,0.109187,0.013883,3
levenshtein,901,kl_to_reference,0.104544,0.005182,3
levenshtein,902,kl_to_reference,0.111837,0.002956,3
levenshtein,903,kl_to_reference,0.102549,0.00157,3
levenshtein,904,kl_to_reference,0.103319,0.007607,3
levenshtein,905,kl_to_reference,0.105466,0.01271,3
levenshtein,906,kl_to_reference,0.107175,0.000976,3
levenshtein,907,kl_to_reference,0.105029,0.004334,3
levenshtein,908,kl_to_reference,0.10991,0.004196,3
levenshtein,909,kl_to_reference,0.106843,0.003904,3
levenshtein,910,kl_to_reference,0.101873,0.002729,3
levenshtein,911,kl_to_reference,0.110553,0.007948,3
levenshtein,912,kl_to_reference,0.110092,0.003348,3
levenshtein,913,kl_to_reference,0.109221,0.008974,3
levenshtein,914,kl_to_reference,0.110397,0.000313,3
levenshtein,915,kl_to_reference,0.109518,0.005188,3
levenshtein,916,kl_to_reference,0.113526,0.00511,3
levenshtein,917,kl_to_reference,0.105581,0.001029,3
levenshtein,918,kl_to_reference,0.104742,0.006179,3
levenshtein,919,kl_to_reference,0.10502,0.005677,3
levenshtein,920,kl_to_reference,0.104664,0.008701,3
levenshtein,921,kl_to_reference,0.108752,0.005118,3
levenshtein,922,kl_to_reference,0.105311,0.006377,3
levenshtein,923,kl_to_reference,0.106295,0.002778,3
levenshtein,924,kl_to_reference,0.105786,0.006971,3
levenshtein,925,kl_to_reference,0.107467,0.005389,3
levenshtein,926,kl_to_reference,0.101612,0.008599,3
levenshtein,927,kl_to_reference,0.10805,0.007551,3
levenshtein,928,kl_to_reference,0.110697,0.007977,3
levenshtein,929,kl_to_reference,0.099925,0.001768,3
levenshtein,930,kl_to_reference,0.105333,0.005479,3
levenshtein,931,kl_to_reference,0.112306,0.006867,3
levenshtein,932,kl_to_reference,0.108778,0.005242,3
levenshtein,933,kl_to_reference,0.104855,0.003226,3
levenshtein,934,kl_to_reference,0.112552,0.009538,3
levenshtein,935,kl_to_reference,0.10595,0.008508,3
levenshtein,936,kl_to_reference,0.102366,0.00292,3
levenshtein,937,kl_to_reference,0.11042,0.007621,3
levenshtein,938,kl_to_reference,0.110405,0.006079,3
levenshtein,939,kl_to_reference,0.107581,0.011413,3
levenshtein,940,kl_to_reference,0.112084,0.00799,3
levenshtein,941,kl_to_reference,0.107799,0.012359,3
levenshtein,942,kl_to_reference,0.117331,0.003076,3
levenshtein,943,kl_to_reference,0.111287,0.001356,3
levenshtein,944,kl_to_reference,0.106665,0.010028,3
levenshtein,945,kl_to_reference,0.110483,0.005947,3
levenshtein,946,kl_to_reference,0.110498,0.007758,3
levenshtein,947,kl_to_reference,0.112597,0.001559,3
levenshtein,948,kl_to_reference,0.111273,0.012098,3
levenshtein,949,kl_to_reference,0.110557,0.002343,3
levenshtein,950,kl_to_reference,0.107451,0.001415,3
levenshtein,951,kl_to_reference,0.109181,0.009027,3
levenshtein,952,kl_to_reference,0.110304,0.003315,3
levenshtein,953,kl_to_reference,0.106823,0.011113,3
levenshtein,954,kl_to_reference,0.109468,0.008192,3
levenshtein,955,kl_to_reference,0.109562,0.007668,3
levenshtein,956,kl_to_reference,0.107382,0.010418,3
levenshtein,957,kl_to_reference,0.112006,0.005195,3
levenshtein,958,kl_to_reference,0.10677,0.006004,3
levenshtein,959,kl_to_reference,0.110205,0.00777,3
levenshtein,960,kl_to_reference,0.101406,0.001375,3
levenshtein,961,kl_to_reference,0.105294,0.00509,3
levenshtein,962,kl_to_reference,0.115478,0.01125,3
levenshtein,963,kl_to_reference,0.104161,0.009596,3
levenshtein,964,kl_to_reference,0.106888,0.008935,3
levenshtein,965,kl_to_reference,0.10683,0.007739,3
levenshtein,966,kl_to_reference,0.105973,0.00403,3
levenshtein,967,kl_to_reference,0.107881,0.005109,3
levenshtein,968,kl_to_reference,0.108192,0.005356,3
levenshtein,969,kl_to_reference,0.114006,0.007168,3
levenshtein,970,kl_to_reference,0.11129,0.003083,3
levenshtein,971,kl_to_reference,0.107701,0.003661,3
levenshtein,972,kl_to_reference,0.111176,0.004379,3
levenshtein,973,kl_to_reference,0.103629,0.00689,3
levenshtein,974,kl_to_reference,0.109749,0.002414,3
levenshtein,975,kl_to_reference,0.113625,0.011906,3
levenshtein,976,kl_to_reference,0.110883,0.004692,3
levenshtein,977,kl_to_reference,0.109225,0.006407,3
levenshtein,978,kl_to_reference,0.10888,0.003397,3
levenshtein,979,kl_to_reference,0.110343,0.001916,3
levenshtein,980,kl_to_reference,0.112884,0.011618,3
levenshtein,981,kl_to_reference,0.109034,0.002008,3
levenshtein,982,kl_to_reference,0.111299,0.001105,3
levenshtein,983,kl_to_reference,0.102927,0.002522,3
levenshtein,984,kl_to_reference,0.102747,0.002391,3
levenshtein,985,kl_to_reference,0.108894,0.002961,3
levenshtein,986,kl_to_reference,0.109049,0.002082,3
levenshtein,987,kl_to_reference,0.104621,0.008771,3
levenshtein,988,kl_to_reference,0.108312,0.011535,3
levenshtein,989,kl_to_reference,0.103157,0.006537,3
levenshtein,990,kl_to_reference,0.108721,0.002265,3
levenshtein,991,kl_to_reference,0.109134,0.011955,3
levenshtein,992,kl_to_reference,0.113028,0.008412,3
levenshtein,993,kl_to_reference,0.112029,0.003896,3
levenshtein,994,kl_to_reference,0.110027,0.003524,3
levenshtein,995,kl_to_reference,0.117641,0.003315,3
levenshtein,996,kl_to_reference,0.111896,0.003791,3
levenshtein,997,kl_to_reference,0.117862,0.00686,3
levenshtein,998,kl_to_reference,0.113802,0.003406,3
levenshtein,999,kl_to_reference,0.107942,0.007984,3
levenshtein,0,entropy,0.60091,0.014511,3
levenshtein,1,entropy,0.613921,0.020669,3
levenshtein,2,entropy,0.632752,0.005768,3
levenshtein,3,entropy,0.631368,0.011376,3
levenshtein,4,entropy,0.626626,0.014194,3
levenshtein,5,entropy,0.640251,0.015371,3
levenshtein,6,entropy,0.664235,0.012408,3
levenshtein,7,entropy,0.645583,0.011051,3
levenshtein,8,entropy,0.677877,0.014915,3
levenshtein,9,entropy,0.666744,0.015301,3
levenshtein,10,entropy,0.643492,0.021294,3
levenshtein,11,entropy,0.638286,0.016702,3
levenshtein,12,entropy,0.660365,0.034811,3
levenshtein,13,entropy,0.664903,0.011709,3
levenshtein,14,entropy,0.667898,0.011613,3
levenshtein,15,entropy,0.646894,0.029184,3
levenshtein,16,entropy,0.649481,0.017754,3
levenshtein,17,entropy,0.643515,0.032129,3
levenshtein,18,entropy,0.642976,0.014049,3
levenshtein,19,entropy,0.668954,0.017822,3
levenshtein,20,entropy,0.623893,0.02604,3
levenshtein,21,entropy,0.633612,0.012989,3
levenshtein,22,entropy,0.647658,0.019172,3
levenshtein,23,entropy,0.627278,0.003493,3
levenshtein,24,entropy,0.655409,0.02151,3
levenshtein,25,entropy,0.661492,0.019686,3
levenshtein,26,entropy,0.626799,0.02168,3
levenshtein,27,entropy,0.64762,0.013978,3
levenshtein,28,entropy,0.639361,0.013914,3
levenshtein,29,entropy,0.6365,0.024101,3
levenshtein,30,entropy,0.642351,0.012518,3
levenshtein,31,entropy,0.626687,0.032265,3
levenshtein,32,entropy,0.620242,0.032972,3
levenshtein,33,entropy,0.639954,0.01366,3
levenshtein,34,entropy,0.646972,0.029712,3
levenshtein,35,entropy,0.651384,0.024393,3
levenshtein,36,entropy,0.651161,0.013705,3
levenshtein,37,entropy,0.644568,0.003524,3
levenshtein,38,entropy,0.627046,0.0154,3
levenshtein,39,entropy,0.642888,0.021187,3
levenshtein,40,entropy,0.631871,0.011316,3
levenshtein,41,entropy,0.63428,0.019385,3
levenshtein,42,entropy,0.628667,0.01219,3
levenshtein,43,entropy,0.649238,0.011975,3
levenshtein,44,entropy,0.638532,0.018199,3
levenshtein,45,entropy,0.664272,0.002089,3
levenshtein,46,entropy,0.646713,0.024306,3
levenshtein,47,entropy,0.669633,0.01241,3
levenshtein,48,entropy,0.643587,0.018924,3
levenshtein,49,entropy,0.63062,0.007744,3
levenshtein,50,entropy,0.648891,0.02126,3
levenshtein,51,entropy,0.645392,0.002118,3
levenshtein,52,entropy,0.637626,0.011402,3
levenshtein,53,entropy,0.655544,0.014091,3
levenshtein,54,entropy,0.636725,0.008056,3
levenshtein,55,entropy,0.645971,0.018172,3
levenshtein,56,entropy,0.654401,0.018481,3
levenshtein,57,entropy,0.652042,0.013253,3
levenshtein,58,entropy,0.629746,0.012345,3
levenshtein,59,entropy,0.64841,0.014459,3
levenshtein,60,entropy,0.639496,0.003117,3
levenshtein,61,entropy,0.620757,0.011383,3
levenshtein,62,entropy,0.645835,0.022281,3
levenshtein,63,entropy,0.661504,0.031736,3
levenshtein,64,entropy,0.660528,0.011313,3
levenshtein,65,entropy,0.635618,0.008451,3
levenshtein,66,entropy,0.63263,0.01665,3
levenshtein,67,entropy,0.625498,0.008401,3
levenshtein,68,entropy,0.651318,0.00993,3
levenshtein,69,entropy,0.657059,0.014023,3
levenshtein,70,entropy,0.65171,0.017187,3
levenshtein,71,entropy,0.651087,0.013229,3
levenshtein,72,entropy,0.640689,0.014061,3
levenshtein,73,entropy,0.65351,0.01094,3
levenshtein,74,entropy,0.656524,0.030831,3
levenshtein,75,entropy,0.653496,0.007721,3
levenshtein,76,entropy,0.660698,0.019057,3
levenshtein,77,entropy,0.634687,0.005202,3
levenshtein,78,entropy,0.627354,0.030909,3
levenshtein,79,entropy,0.635059,0.020658,3
levenshtein,80,entropy,0.632585,0.01856,3
levenshtein,81,entropy,0.616196,0.007286,3
levenshtein,82,entropy,0.655579,0.022758,3
levenshtein,83,entropy,0.604849,0.042191,3
levenshtein,84,entropy,0.632985,0.012755,3
levenshtein,85,entropy,0.645724,0.02234,3
levenshtein,86,entropy,0.636726,0.013397,3
levenshtein,87,entropy,0.649893,0.005201,3
levenshtein,88,entropy,0.622055,0.03371,3
levenshtein,89,entropy,0.6292,0.019129,3
levenshtein,90,entropy,0.623724,0.014207,3
levenshtein,91,entropy,0.634519,0.012664,3
levenshtein,92,entropy,0.625666,0.012802,3
levenshtein,93,entropy,0.640436,0.009261,3
levenshtein,94,entropy,0.637168,0.010268,3
levenshtein,95,entropy,0.635561,0.019795,3
levenshtein,96,entropy,0.597428,0.010642,3
levenshtein,97,entropy,0.631373,0.003417,3
levenshtein,98,entropy,0.607205,0.040993,3
levenshtein,99,entropy,0.624537,0.014522,3
levenshtein,100,entropy,0.627254,0.014987,3
levenshtein,101,entropy,0.64464,0.015971,3
levenshtein,102,entropy,0.622704,0.039138,3
levenshtein,103,entropy,0.631782,0.014819,3
levenshtein,104,entropy,0.640984,0.008891,3
levenshtein,105,entropy,0.642537,0.006279,3
levenshtein,106,entropy,0.620609,0.013317,3
levenshtein,107,entropy,0.634915,0.024725,3
levenshtein,108,entropy,0.608797,0.019299,3
levenshtein,109,entropy,0.640603,0.004848,3
levenshtein,110,entropy,0.618254,0.036231,3
levenshtein,111,entropy,0.635238,0.011806,3
levenshtein,112,entropy,0.63487,0.027532,3
levenshtein,113,entropy,0.624063,0.013581,3
levenshtein,114,entropy,0.637612,0.008084,3
levenshtein,115,entropy,0.631731,0.026141,3
levenshtein,116,entropy,0.638026,0.006489,3
levenshtein,117,entropy,0.637195,0.0143,3
levenshtein,118,entropy,0.633696,0.02071,3
levenshtein,119,entropy,0.627536,0.030332,3
levenshtein,120,entropy,0.636742,0.021685,3
levenshtein,121,entropy,0.63795,0.01509,3
levenshtein,122,entropy,0.647341,0.014077,3
levenshtein,123,entropy,0.616963,0.024342,3
levenshtein,124,entropy,0.648364,0.011163,3
levenshtein,125,entropy,0.633189,0.006069,3
levenshtein,126,entropy,0.657745,0.020526,3
levenshtein,127,entropy,0.635562,0.020428,3
levenshtein,128,entropy,0.634568,0.022141,3
levenshtein,129,entropy,0.640723,0.000342,3
levenshtein,130,entropy,0.623597,0.015031,3
levenshtein,131,entropy,0.633304,0.016357,3
levenshtein,132,entropy,0.637664,0.010063,3
levenshtein,133,entropy,0.623153,0.010057,3
levenshtein,134,entropy,0.644024,0.009259,3
levenshtein,135,entropy,0.645376,0.017741,3
levenshtein,136,entropy,0.627214,0.016766,3
levenshtein,137,entropy,0.634527,0.007684,3
levenshtein,138,entropy,0.630907,0.022798,3
levenshtein,139,entropy,0.643822,0.027067,3
levenshtein,140,entropy,0.6186,0.008036,3
levenshtein,141,entropy,0.62876,0.013285,3
levenshtein,142,entropy,0.630859,0.006455,3
levenshtein,143,entropy,0.650129,0.002292,3
levenshtein,144,entropy,0.633064,0.011194,3
levenshtein,145,entropy,0.633875,0.013365,3
levenshtein,146,entropy,0.629091,0.013944,3
levenshtein,147,entropy,0.645813,0.007395,3
levenshtein,148,entropy,0.62291,0.031924,3
levenshtein,149,entropy,0.635281,0.019809,3
levenshtein,150,entropy,0.657911,0.008338,3
levenshtein,151,entropy,0.64265,0.004109,3
levenshtein,152,entropy,0.63582,0.020198,3
levenshtein,153,entropy,0.620803,0.014994,3
levenshtein,154,entropy,0.626475,0.009376,3
levenshtein,155,entropy,0.604589,0.006192,3
levenshtein,156,entropy,0.617356,0.024676,3
levenshtein,157,entropy,0.618807,0.013491,3
levenshtein,158,entropy,0.638923,0.016048,3
levenshtein,159,entropy,0.619003,0.019966,3
levenshtein,160,entropy,0.631946,0.008912,3
levenshtein,161,entropy,0.629837,0.011205,3
levenshtein,162,entropy,0.62549,0.007235,3
levenshtein,163,entropy,0.642424,0.039755,3
levenshtein,164,entropy,0.613208,0.022666,3
levenshtein,165,entropy,0.618979,0.011958,3
levenshtein,166,entropy,0.638126,0.023397,3
levenshtein,167,entropy,0.62787,0.01204,3
levenshtein,168,entropy,0.639972,0.023088,3
levenshtein,169,entropy,0.646528,0.020257,3
levenshtein,170,entropy,0.615409,0.015733,3
levenshtein,171,entropy,0.620195,0.022152,3
levenshtein,172,entropy,0.624784,0.027936,3
levenshtein,173,entropy,0.629907,0.011688,3
levenshtein,174,entropy,0.641289,0.036436,3
levenshtein,175,entropy,0.636058,0.01301,3
levenshtein,176,entropy,0.614229,0.007937,3
levenshtein,177,entropy,0.615714,0.005486,3
levenshtein,178,entropy,0.629524,0.014324,3
levenshtein,179,entropy,0.63467,0.023455,3
levenshtein,180,entropy,0.622674,0.036574,3
levenshtein,181,entropy,0.624671,0.015313,3
levenshtein,182,entropy,0.639377,0.013677,3
levenshtein,183,entropy,0.634994,0.023075,3
levenshtein,184,entropy,0.645696,0.012276,3
levenshtein,185,entropy,0.636164,0.01728,3
levenshtein,186,entropy,0.627287,0.034304,3
levenshtein,187,entropy,0.625936,0.024557,3
levenshtein,188,entropy,0.642234,0.011094,3
levenshtein,189,entropy,0.620936,0.01605,3
levenshtein,190,entropy,0.619737,0.011833,3
levenshtein,191,entropy,0.629997,0.016857,3
levenshtein,192,entropy,0.632578,0.01052,3
levenshtein,193,entropy,0.606107,0.006187,3
levenshtein,194,entropy,0.623622,0.021354,3
levenshtein,195,entropy,0.618868,0.010437,3
levenshtein,196,entropy,0.616536,0.013167,3
levenshtein,197,entropy,0.607719,0.006214,3
levenshtein,198,entropy,0.641531,0.020054,3
levenshtein,199,entropy,0.639235,0.00867,3
levenshtein,200,entropy,0.636895,0.011366,3
levenshtein,201,entropy,0.615226,0.005382,3
levenshtein,202,entropy,0.646648,0.02538,3
levenshtein,203,entropy,0.650987,0.003829,3
levenshtein,204,entropy,0.621633,0.032302,3
levenshtein,205,entropy,0.633926,0.01258,3
levenshtein,206,entropy,0.642531,0.019759,3
levenshtein,207,entropy,0.630064,0.008405,3
levenshtein,208,entropy,0.640164,0.003889,3
levenshtein,209,entropy,0.635863,0.00545,3
levenshtein,210,entropy,0.627505,0.02,3
levenshtein,211,entropy,0.626135,0.012296,3
levenshtein,212,entropy,0.635923,0.010449,3
levenshtein,213,entropy,0.635042,0.010963,3
levenshtein,214,entropy,0.62359,0.015523,3
levenshtein,215,entropy,0.657752,0.01102,3
levenshtein,216,entropy,0.62436,0.007287,3
levenshtein,217,entropy,0.627585,0.020824,3
levenshtein,218,entropy,0.626531,0.007875,3
levenshtein,219,entropy,0.615919,0.011882,3
levenshtein,220,entropy,0.639056,0.018524,3
levenshtein,221,entropy,0.669193,0.016973,3
levenshtein,222,entropy,0.649458,0.012472,3
levenshtein,223,entropy,0.620345,0.009107,3
levenshtein,224,entropy,0.656174,0.004545,3
levenshtein,225,entropy,0.624947,0.013067,3
levenshtein,226,entropy,0.632515,0.017072,3
levenshtein,227,entropy,0.612413,0.03471,3
levenshtein,228,entropy,0.629934,0.010934,3
levenshtein,229,entropy,0.622159,0.025217,3
levenshtein,230,entropy,0.617823,0.011255,3
levenshtein,231,entropy,0.608422,0.013169,3
levenshtein,232,entropy,0.638697,0.018557,3
levenshtein,233,entropy,0.630558,0.00985,3
levenshtein,234,entropy,0.64174,0.013364,3
levenshtein,235,entropy,0.626829,0.022903,3
levenshtein,236,entropy,0.600574,0.01613,3
levenshtein,237,entropy,0.630532,0.020198,3
levenshtein,238,entropy,0.626789,0.00891,3
levenshtein,239,entropy,0.62213,0.019532,3
levenshtein,240,entropy,0.622811,0.018557,3
levenshtein,241,entropy,0.62154,0.011841,3
levenshtein,242,entropy,0.610682,0.022128,3
levenshtein,243,entropy,0.631853,0.027229,3
levenshtein,244,entropy,0.638178,0.01386,3
levenshtein,245,entropy,0.635795,0.023927,3
levenshtein,246,entropy,0.620543,0.02109,3
levenshtein,247,entropy,0.641641,0.013188,3
levenshtein,248,entropy,0.612171,0.029484,3
levenshtein,249,entropy,0.615759,0.007056,3
levenshtein,250,entropy,0.626511,0.011082,3
levenshtein,251,entropy,0.627609,0.006842,3
levenshtein,252,entropy,0.624418,0.027509,3
levenshtein,253,entropy,0.606814,0.012944,3
levenshtein,254,entropy,0.631559,0.031851,3
levenshtein,255,entropy,0.623583,0.01014,3
levenshtein,256,entropy,0.622926,0.009294,3
levenshtein,257,entropy,0.628792,0.020928,3
levenshtein,258,entropy,0.647113,0.007202,3
levenshtein,259,entropy,0.627197,0.038583,3
levenshtein,260,entropy,0.621174,0.024746,3
levenshtein,261,entropy,0.614415,0.022708,3
levenshtein,262,entropy,0.617733,0.012364,3
levenshtein,263,entropy,0.617639,0.018971,3
levenshtein,264,entropy,0.625997,0.014172,3
levenshtein,265,entropy,0.651152,0.011753,3
levenshtein,266,entropy,0.647331,0.016004,3
levenshtein,267,entropy,0.637636,0.008013,3
levenshtein,268,entropy,0.633187,0.018836,3
levenshtein,269,entropy,0.642977,0.008852,3
levenshtein,270,entropy,0.631904,0.007698,3
levenshtein,271,entropy,0.632535,0.022474,3
levenshtein,272,entropy,0.6264,0.006891,3
levenshtein,273,entropy,0.642002,0.005226,3
levenshtein,274,entropy,0.628185,0.023256,3
levenshtein,275,entropy,0.62593,0.0187,3
levenshtein,276,entropy,0.611614,0.026016,3
levenshtein,277,entropy,0.637947,0.009119,3
levenshtein,278,entropy,0.630187,0.021518,3
levenshtein,279,entropy,0.616191,0.015031,3
levenshtein,280,entropy,0.620394,0.020159,3
levenshtein,281,entropy,0.636117,0.022124,3
levenshtein,282,entropy,0.629292,0.007893,3
levenshtein,283,entropy,0.605578,0.014735,3
levenshtein,284,entropy,0.624868,0.005638,3
levenshtein,285,entropy,0.620783,0.014384,3
levenshtein,286,entropy,0.638121,0.01539,3
levenshtein,287,entropy,0.606107,0.016168,3
levenshtein,288,entropy,0.627487,0.02255,3
levenshtein,289,entropy,0.623089,0.018649,3
levenshtein,290,entropy,0.63321,0.008895,3
levenshtein,291,entropy,0.634654,0.014035,3
levenshtein,292,entropy,0.619616,0.008558,3
levenshtein,293,entropy,0.61869,0.00487,3
levenshtein,294,entropy,0.630816,0.019701,3
levenshtein,295,entropy,0.629682,0.017488,3
levenshtein,296,entropy,0.633653,0.020978,3
levenshtein,297,entropy,0.634919,0.025992,3
levenshtein,298,entropy,0.641806,0.004682,3
levenshtein,299,entropy,0.613425,0.015718,3
levenshtein,300,entropy,0.632924,0.033382,3
levenshtein,301,entropy,0.624994,0.007029,3
levenshtein,302,entropy,0.614982,0.020049,3
levenshtein,303,entropy,0.641685,0.01066,3
levenshtein,304,entropy,0.621605,0.013867,3
levenshtein,305,entropy,0.647493,0.011475,3
levenshtein,306,entropy,0.626722,0.022784,3
levenshtein,307,entropy,0.613949,0.011838,3
levenshtein,308,entropy,0.645228,0.008553,3
levenshtein,309,entropy,0.636374,0.021188,3
levenshtein,310,entropy,0.621223,0.010169,3
levenshtein,311,entropy,0.624279,0.008369,3
levenshtein,312,entropy,0.63878,0.01267,3
levenshtein,313,entropy,0.625017,0.009192,3
levenshtein,314,entropy,0.638303,0.015648,3
levenshtein,315,entropy,0.656975,0.014347,3
levenshtein,316,entropy,0.643803,0.023415,3
levenshtein,317,entropy,0.652763,0.014396,3
levenshtein,318,entropy,0.637923,0.005944,3
levenshtein,319,entropy,0.622954,0.019167,3
levenshtein,320,entropy,0.635173,0.02176,3
levenshtein,321,entropy,0.613475,0.014751,3
levenshtein,322,entropy,0.620644,0.016733,3
levenshtein,323,entropy,0.637684,0.046221,3
levenshtein,324,entropy,0.624449,0.009469,3
levenshtein,325,entropy,0.615599,0.012646,3
levenshtein,326,entropy,0.619143,0.023572,3
levenshtein,327,entropy,0.630271,0.026915,3
levenshtein,328,entropy,0.644534,0.015873,3
levenshtein,329,entropy,0.628241,0.012799,3
levenshtein,330,entropy,0.620535,0.004151,3
levenshtein,331,entropy,0.616688,0.005071,3
levenshtein,332,entropy,0.6394,0.007729,3
levenshtein,333,entropy,0.626322,0.01842,3
levenshtein,334,entropy,0.621879,0.014602,3
levenshtein,335,entropy,0.59979,0.006391,3
levenshtein,336,entropy,0.627636,0.018553,3
levenshtein,337,entropy,0.62672,0.01989,3
levenshtein,338,entropy,0.626152,0.007493,3
levenshtein,339,entropy,0.619091,0.009914,3
levenshtein,340,entropy,0.646036,0.0308,3
levenshtein,341,entropy,0.588763,0.012569,3
levenshtein,342,entropy,0.630829,0.009779,3
levenshtein,343,entropy,0.629289,0.020203,3
levenshtein,344,entropy,0.621736,0.009901,3
levenshtein,345,entropy,0.653074,0.028827,3
levenshtein,346,entropy,0.618234,0.006749,3
levenshtein,347,entropy,0.601637,0.021688,3
levenshtein,348,entropy,0.628837,0.006065,3
levenshtein,349,entropy,0.615915,0.004026,3
levenshtein,350,entropy,0.615635,0.021936,3
levenshtein,351,entropy,0.595747,0.007592,3
levenshtein,352,entropy,0.595994,0.010503,3
levenshtein,353,entropy,0.610969,0.020001,3
levenshtein,354,entropy,0.601499,0.023008,3
levenshtein,355,entropy,0.619899,0.012722,3
levenshtein,356,entropy,0.614902,0.010246,3
levenshtein,357,entropy,0.6312,0.014636,3
levenshtein,358,entropy,0.612709,0.031131,3
levenshtein,359,entropy,0.614302,0.021598,3
levenshtein,360,entropy,0.597464,0.02885,3
levenshtein,361,entropy,0.604774,0.014307,3
levenshtein,362,entropy,0.620797,0.014032,3
levenshtein,363,entropy,0.589927,0.018493,3
levenshtein,364,entropy,0.606946,0.010339,3
levenshtein,365,entropy,0.58876,0.012062,3
levenshtein,366,entropy,0.624454,0.01857,3
levenshtein,367,entropy,0.633173,0.017168,3
levenshtein,368,entropy,0.60614,0.002296,3
levenshtein,369,entropy,0.622886,0.0043,3
levenshtein,370,entropy,0.617423,0.009561,3
levenshtein,371,entropy,0.607482,0.025166,3
levenshtein,372,entropy,0.595852,0.025468,3
levenshtein,373,entropy,0.622071,0.014931,3
levenshtein,374,entropy,0.612863,0.017386,3
levenshtein,375,entropy,0.60183,0.019833,3
levenshtein,376,entropy,0.619841,0.034031,3
levenshtein,377,entropy,0.628825,0.00878,3
levenshtein,378,entropy,0.624015,0.004726,3
levenshtein,379,entropy,0.615677,0.014075,3
levenshtein,380,entropy,0.619268,0.012771,3
levenshtein,381,entropy,0.618756,0.023743,3
levenshtein,382,entropy,0.604282,0.012588,3
levenshtein,383,entropy,0.60095,0.012697,3
levenshtein,384,entropy,0.611547,0.031282,3
levenshtein,385,entropy,0.615889,0.029095,3
levenshtein,386,entropy,0.613439,0.028408,3
levenshtein,387,entropy,0.602897,0.01512,3
levenshtein,388,entropy,0.625219,0.010395,3
levenshtein,389,entropy,0.608032,0.00944,3
levenshtein,390,entropy,0.613858,0.010084,3
levenshtein,391,entropy,0.618779,0.029801,3
levenshtein,392,entropy,0.620698,0.009532,3
levenshtein,393,entropy,0.612218,0.030429,3
levenshtein,394,entropy,0.641541,0.016831,3
levenshtein,395,entropy,0.592951,0.003834,3
levenshtein,396,entropy,0.615809,0.001095,3
levenshtein,397,entropy,0.611856,0.014649,3
levenshtein,398,entropy,0.609019,0.010234,3
levenshtein,399,entropy,0.625979,0.019509,3
levenshtein,400,entropy,0.615859,0.010138,3
levenshtein,401,entropy,0.586553,0.017289,3
levenshtein,402,entropy,0.599537,0.003871,3
levenshtein,403,entropy,0.616707,0.008922,3
levenshtein,404,entropy,0.627652,0.009141,3
levenshtein,405,entropy,0.616109,0.010744,3
levenshtein,406,entropy,0.628083,0.006864,3
levenshtein,407,entropy,0.616921,0.011468,3
levenshtein,408,entropy,0.612322,0.011232,3
levenshtein,409,entropy,0.610969,0.005596,3
levenshtein,410,entropy,0.628716,0.024462,3
levenshtein,411,entropy,0.615614,0.006669,3
levenshtein,412,entropy,0.603934,0.037975,3
levenshtein,413,entropy,0.612605,0.031312,3
levenshtein,414,entropy,0.610912,0.01826,3
levenshtein,415,entropy,0.638138,0.018683,3
levenshtein,416,entropy,0.635799,0.03729,3
levenshtein,417,entropy,0.606178,0.008645,3
levenshtein,418,entropy,0.629474,0.018907,3
levenshtein,419,entropy,0.623743,0.010364,3
levenshtein,420,entropy,0.606071,0.019107,3
levenshtein,421,entropy,0.617238,0.010772,3
levenshtein,422,entropy,0.600975,0.03271,3
levenshtein,423,entropy,0.619155,0.017551,3
levenshtein,424,entropy,0.624127,0.001344,3
levenshtein,425,entropy,0.594466,0.012812,3
levenshtein,426,entropy,0.607744,0.013066,3
levenshtein,427,entropy,0.638155,0.012157,3
levenshtein,428,entropy,0.608324,0.007587,3
levenshtein,429,entropy,0.617953,0.013824,3
levenshtein,430,entropy,0.614768,0.021131,3
levenshtein,431,entropy,0.59204,0.018625,3
levenshtein,432,entropy,0.601968,0.030249,3
levenshtein,433,entropy,0.638936,0.020046,3
levenshtein,434,entropy,0.608568,0.006968,3
levenshtein,435,entropy,0.619555,0.017099,3
levenshtein,436,entropy,0.600192,0.030525,3
levenshtein,437,entropy,0.622193,0.015289,3
levenshtein,438,entropy,0.612666,0.02033,3
levenshtein,439,entropy,0.61944,0.027317,3
levenshtein,440,entropy,0.606112,0.041627,3
levenshtein,441,entropy,0.611123,0.00627,3
levenshtein,442,entropy,0.621788,0.004613,3
levenshtein,443,entropy,0.585552,0.016839,3
levenshtein,444,entropy,0.614106,0.011376,3
levenshtein,445,entropy,0.60746,0.002761,3
levenshtein,446,entropy,0.609957,0.011603,3
levenshtein,447,entropy,0.609789,0.015196,3
levenshtein,448,entropy,0.60267,0.018816,3
levenshtein,449,entropy,0.617466,0.021448,3
levenshtein,450,entropy,0.590807,0.023033,3
levenshtein,451,entropy,0.602755,0.032556,3
levenshtein,452,entropy,0.620241,0.033044,3
levenshtein,453,entropy,0.610111,0.01319,3
levenshtein,454,entropy,0.633298,0.017764,3
levenshtein,455,entropy,0.617521,0.010591,3
levenshtein,456,entropy,0.629663,0.021983,3
levenshtein,457,entropy,0.610658,0.022229,3
levenshtein,458,entropy,0.624213,0.012421,3
levenshtein,459,entropy,0.625787,0.016698,3
levenshtein,460,entropy,0.608958,0.023894,3
levenshtein,461,entropy,0.613104,0.033588,3
levenshtein,462,entropy,0.597206,0.027771,3
levenshtein,463,entropy,0.616224,0.01667,3
levenshtein,464,entropy,0.613734,0.014037,3
levenshtein,465,entropy,0.612592,0.03267,3
levenshtein,466,entropy,0.619999,0.020186,3
levenshtein,467,entropy,0.6211,0.019689,3
levenshtein,468,entropy,0.604993,0.026872,3
levenshtein,469,entropy,0.624642,0.019531,3
levenshtein,470,entropy,0.59343,0.0198,3
levenshtein,471,entropy,0.609113,0.021207,3
levenshtein,472,entropy,0.596274,0.019341,3
levenshtein,473,entropy,0.621017,0.017212,3
levenshtein,474,entropy,0.621443,0.006733,3
levenshtein,475,entropy,0.610325,0.028964,3
levenshtein,476,entropy,0.592045,0.007282,3
levenshtein,477,entropy,0.584292,0.017993,3
levenshtein,478,entropy,0.597695,0.023178,3
levenshtein,479,entropy,0.595477,0.007441,3
levenshtein,480,entropy,0.590923,0.034553,3
levenshtein,481,entropy,0.581906,0.004247,3
levenshtein,482,entropy,0.623137,0.014839,3
levenshtein,483,entropy,0.627286,0.014765,3
levenshtein,484,entropy,0.621872,0.003475,3
levenshtein,485,entropy,0.594975,0.024021,3
levenshtein,486,entropy,0.59123,0.00795,3
levenshtein,487,entropy,0.605645,0.025565,3
levenshtein,488,entropy,0.614524,0.020692,3
levenshtein,489,entropy,0.603629,0.011523,3
levenshtein,490,entropy,0.606616,0.037196,3
levenshtein,491,entropy,0.59027,0.010317,3
levenshtein,492,entropy,0.616609,0.020624,3
levenshtein,493,entropy,0.631733,0.023384,3
levenshtein,494,entropy,0.596511,0.021174,3
levenshtein,495,entropy,0.601754,0.030488,3
levenshtein,496,entropy,0.605595,0.009006,3
levenshtein,497,entropy,0.609073,0.010993,3
levenshtein,498,entropy,0.59735,0.008349,3
levenshtein,499,entropy,0.615395,0.008612,3
levenshtein,500,entropy,0.597084,0.031366,3
levenshtein,501,entropy,0.594062,0.028678,3
levenshtein,502,entropy,0.606709,0.02138,3
levenshtein,503,entropy,0.590269,0.01825,3
levenshtein,504,entropy,0.606979,0.022455,3
levenshtein,505,entropy,0.589937,0.008035,3
levenshtein,506,entropy,0.597872,0.012262,3
levenshtein,507,entropy,0.582211,0.019284,3
levenshtein,508,entropy,0.600828,0.004059,3
levenshtein,509,entropy,0.603547,0.023177,3
levenshtein,510,entropy,0.606848,0.007888,3
levenshtein,511,entropy,0.588138,0.018984,3
levenshtein,512,entropy,0.605657,0.02787,3
levenshtein,513,entropy,0.613511,0.022774,3
levenshtein,514,entropy,0.618611,0.023792,3
levenshtein,515,entropy,0.579284,0.018364,3
levenshtein,516,entropy,0.597927,0.031719,3
levenshtein,517,entropy,0.615186,0.021115,3
levenshtein,518,entropy,0.595453,0.00808,3
levenshtein,519,entropy,0.617202,0.021511,3
levenshtein,520,entropy,0.61633,0.006163,3
levenshtein,521,entropy,0.610809,0.026685,3
levenshtein,522,entropy,0.609992,0.013319,3
levenshtein,523,entropy,0.597297,0.00812,3
levenshtein,524,entropy,0.614833,0.022944,3
levenshtein,525,entropy,0.592568,0.025354,3
levenshtein,526,entropy,0.604308,0.029632,3
levenshtein,527,entropy,0.59774,0.0251,3
levenshtein,528,entropy,0.59829,0.021895,3
levenshtein,529,entropy,0.619375,0.016834,3
levenshtein,530,entropy,0.592956,0.001784,3
levenshtein,531,entropy,0.603546,0.025586,3
levenshtein,532,entropy,0.579626,0.031035,3
levenshtein,533,entropy,0.588412,0.005784,3
levenshtein,534,entropy,0.603774,0.012572,3
levenshtein,535,entropy,0.598671,0.024458,3
levenshtein,536,entropy,0.606537,0.009876,3
levenshtein,537,entropy,0.610013,0.0204,3
levenshtein,538,entropy,0.603359,0.028502,3
levenshtein,539,entropy,0.60199,0.01734,3
levenshtein,540,entropy,0.597702,0.016174,3
levenshtein,541,entropy,0.607659,0.018618,3
levenshtein,542,entropy,0.586911,0.025062,3
levenshtein,543,entropy,0.612052,0.018145,3
levenshtein,544,entropy,0.618518,0.018364,3
levenshtein,545,entropy,0.578939,0.019906,3
levenshtein,546,entropy,0.598944,0.017122,3
levenshtein,547,entropy,0.603407,0.004962,3
levenshtein,548,entropy,0.598789,0.013624,3
levenshtein,549,entropy,0.619498,0.00538,3
levenshtein,550,entropy,0.601734,0.019179,3
levenshtein,551,entropy,0.582773,0.015051,3
levenshtein,552,entropy,0.59629,0.023462,3
levenshtein,553,entropy,0.613884,0.006105,3
levenshtein,554,entropy,0.582928,0.031995,3
levenshtein,555,entropy,0.592946,0.008588,3
levenshtein,556,entropy,0.592816,0.014812,3
levenshtein,557,entropy,0.607051,0.01847,3
levenshtein,558,entropy,0.599135,0.01106,3
levenshtein,559,entropy,0.617521,0.015032,3
levenshtein,560,entropy,0.600741,0.006673,3
levenshtein,561,entropy,0.597171,0.011968,3
levenshtein,562,entropy,0.580928,0.02406,3
levenshtein,563,entropy,0.601546,0.015492,3
levenshtein,564,entropy,0.612264,0.020399,3
levenshtein,565,entropy,0.593161,0.003716,3
levenshtein,566,entropy,0.589841,0.012492,3
levenshtein,567,entropy,0.611134,0.048275,3
levenshtein,568,entropy,0.579146,0.01232,3
levenshtein,569,entropy,0.583077,0.015743,3
levenshtein,570,entropy,0.596708,0.015979,3
levenshtein,571,entropy,0.571804,0.022595,3
levenshtein,572,entropy,0.573284,0.016518,3
levenshtein,573,entropy,0.596467,0.009642,3
levenshtein,574,entropy,0.603579,0.010895,3
levenshtein,575,entropy,0.62511,0.001378,3
levenshtein,576,entropy,0.593138,0.014751,3
levenshtein,577,entropy,0.571891,0.01574,3
levenshtein,578,entropy,0.619898,0.012188,3
levenshtein,579,entropy,0.604437,0.003732,3
levenshtein,580,entropy,0.601464,0.026155,3
levenshtein,581,entropy,0.61043,0.013388,3
levenshtein,582,entropy,0.593651,0.006675,3
levenshtein,583,entropy,0.60411,0.013265,3
levenshtein,584,entropy,0.593146,0.027241,3
levenshtein,585,entropy,0.591506,0.013922,3
levenshtein,586,entropy,0.607055,0.004154,3
levenshtein,587,entropy,0.574976,0.038271,3
levenshtein,588,entropy,0.620968,0.001912,3
levenshtein,589,entropy,0.586776,0.015858,3
levenshtein,590,entropy,0.592363,0.011292,3
levenshtein,591,entropy,0.586712,0.003147,3
levenshtein,592,entropy,0.597829,0.020013,3
levenshtein,593,entropy,0.598758,0.015646,3
levenshtein,594,entropy,0.585815,0.009061,3
levenshtein,595,entropy,0.595616,0.009899,3
levenshtein,596,entropy,0.603755,0.021062,3
levenshtein,597,entropy,0.588631,0.021593,3
levenshtein,598,entropy,0.593006,0.015119,3
levenshtein,599,entropy,0.596167,0.012373,3
levenshtein,600,entropy,0.603804,0.019432,3
levenshtein,601,entropy,0.614627,0.023534,3
levenshtein,602,entropy,0.584731,0.012904,3
levenshtein,603,entropy,0.623374,0.009151,3
levenshtein,604,entropy,0.616275,0.006843,3
levenshtein,605,entropy,0.589972,0.027051,3
levenshtein,606,entropy,0.594315,0.014969,3
levenshtein,607,entropy,0.592459,0.031481,3
levenshtein,608,entropy,0.622636,0.020149,3
levenshtein,609,entropy,0.577744,0.008028,3
levenshtein,610,entropy,0.594854,0.007561,3
levenshtein,611,entropy,0.586389,0.023348,3
levenshtein,612,entropy,0.625093,0.001531,3
levenshtein,613,entropy,0.61929,0.017635,3
levenshtein,614,entropy,0.60316,0.010706,3
levenshtein,615,entropy,0.59503,0.02942,3
levenshtein,616,entropy,0.594998,0.009355,3
levenshtein,617,entropy,0.588342,0.018803,3
levenshtein,618,entropy,0.599373,0.021301,3
levenshtein,619,entropy,0.582214,0.008797,3
levenshtein,620,entropy,0.611396,0.011889,3
levenshtein,621,entropy,0.606081,0.022104,3
levenshtein,622,entropy,0.586806,0.001988,3
levenshtein,623,entropy,0.603081,0.029791,3
levenshtein,624,entropy,0.608287,0.023556,3
levenshtein,625,entropy,0.593777,0.007551,3
levenshtein,626,entropy,0.598349,0.021904,3
levenshtein,627,entropy,0.577404,0.034959,3
levenshtein,628,entropy,0.590752,0.024467,3
levenshtein,629,entropy,0.601522,0.00844,3
levenshtein,630,entropy,0.58223,0.016921,3
levenshtein,631,entropy,0.578932,0.025472,3
levenshtein,632,entropy,0.605973,0.005134,3
levenshtein,633,entropy,0.599957,0.026738,3
levenshtein,634,entropy,0.589916,0.01212,3
levenshtein,635,entropy,0.602022,0.00314,3
levenshtein,636,entropy,0.570461,0.011829,3
levenshtein,637,entropy,0.57509,0.012763,3
levenshtein,638,entropy,0.590733,0.015413,3
levenshtein,639,entropy,0.587675,0.028592,3
levenshtein,640,entropy,0.606836,0.014134,3
levenshtein,641,entropy,0.615569,0.015404,3
levenshtein,642,entropy,0.610239,0.010896,3
levenshtein,643,entropy,0.580995,0.014572,3
levenshtein,644,entropy,0.587345,0.010717,3
levenshtein,645,entropy,0.597728,0.012857,3
levenshtein,646,entropy,0.59538,0.019045,3
levenshtein,647,entropy,0.561753,0.015509,3
levenshtein,648,entropy,0.601975,0.018489,3
levenshtein,649,entropy,0.596479,0.028648,3
levenshtein,650,entropy,0.581404,0.026393,3
levenshtein,651,entropy,0.570735,0.00322,3
levenshtein,652,entropy,0.538262,0.022351,3
levenshtein,653,entropy,0.597216,0.012974,3
levenshtein,654,entropy,0.573626,0.011494,3
levenshtein,655,entropy,0.587042,0.014836,3
levenshtein,656,entropy,0.594505,0.007963,3
levenshtein,657,entropy,0.607495,0.016211,3
levenshtein,658,entropy,0.60532,0.013524,3
levenshtein,659,entropy,0.596379,0.02108,3
levenshtein,660,entropy,0.585244,0.031153,3
levenshtein,661,entropy,0.596796,0.010914,3
levenshtein,662,entropy,0.590813,0.022997,3
levenshtein,663,entropy,0.597049,0.008948,3
levenshtein,664,entropy,0.613618,0.02444,3
levenshtein,665,entropy,0.580585,0.007973,3
levenshtein,666,entropy,0.57564,0.025187,3
levenshtein,667,entropy,0.578688,0.019201,3
levenshtein,668,entropy,0.587654,0.022958,3
levenshtein,669,entropy,0.595861,0.011797,3
levenshtein,670,entropy,0.568842,0.021543,3
levenshtein,671,entropy,0.602992,0.00524,3
levenshtein,672,entropy,0.590295,0.028794,3
levenshtein,673,entropy,0.615739,0.014109,3
levenshtein,674,entropy,0.593086,0.015994,3
levenshtein,675,entropy,0.617333,0.016376,3
levenshtein,676,entropy,0.595926,0.021077,3
levenshtein,677,entropy,0.587727,0.008917,3
levenshtein,678,entropy,0.581661,0.01129,3
levenshtein,679,entropy,0.597144,0.007057,3
levenshtein,680,entropy,0.593555,0.027505,3
levenshtein,681,entropy,0.582283,0.005224,3
levenshtein,682,entropy,0.593404,0.028621,3
levenshtein,683,entropy,0.57124,0.005146,3
levenshtein,684,entropy,0.595602,0.011869,3
levenshtein,685,entropy,0.581862,0.009761,3
levenshtein,686,entropy,0.584798,0.020325,3
levenshtein,687,entropy,0.581277,0.028048,3
levenshtein,688,entropy,0.603443,0.019793,3
levenshtein,689,entropy,0.584846,0.019303,3
levenshtein,690,entropy,0.602772,0.004202,3
levenshtein,691,entropy,0.590641,0.007247,3
levenshtein,692,entropy,0.574175,0.018084,3
levenshtein,693,entropy,0.604191,0.020993,3
levenshtein,694,entropy,0.5955,0.01263,3
levenshtein,695,entropy,0.578747,0.019483,3
levenshtein,696,entropy,0.591433,0.02077,3
levenshtein,697,entropy,0.592908,0.010917,3
levenshtein,698,entropy,0.573059,0.015425,3
levenshtein,699,entropy,0.596296,0.014818,3
levenshtein,700,entropy,0.580251,0.023157,3
levenshtein,701,entropy,0.57761,0.012746,3
levenshtein,702,entropy,0.5908,0.019201,3
levenshtein,703,entropy,0.596031,0.024933,3
levenshtein,704,entropy,0.608032,0.014162,3
levenshtein,705,entropy,0.610176,0.0225,3
levenshtein,706,entropy,0.587575,0.014357,3
levenshtein,707,entropy,0.585726,0.002843,3
levenshtein,708,entropy,0.567627,0.012343,3
levenshtein,709,entropy,0.59909,0.023902,3
levenshtein,710,entropy,0.576186,0.017881,3
levenshtein,711,entropy,0.579389,0.007531,3
levenshtein,712,entropy,0.590133,0.014495,3
levenshtein,713,entropy,0.606314,0.004178,3
levenshtein,714,entropy,0.575233,0.020684,3
levenshtein,715,entropy,0.586703,0.009039,3
levenshtein,716,entropy,0.586327,0.023422,3
levenshtein,717,entropy,0.593488,0.018061,3
levenshtein,718,entropy,0.606139,0.038044,3
levenshtein,719,entropy,0.589273,0.012537,3
levenshtein,720,entropy,0.596126,0.008002,3
levenshtein,721,entropy,0.606808,0.008992,3
levenshtein,722,entropy,0.603509,0.017765,3
levenshtein,723,entropy,0.578845,0.01517,3
levenshtein,724,entropy,0.608533,0.018059,3
levenshtein,725,entropy,0.607933,0.017516,3
levenshtein,726,entropy,0.591455,0.019568,3
levenshtein,727,entropy,0.596837,0.031129,3
levenshtein,728,entropy,0.588816,0.007444,3
levenshtein,729,entropy,0.594436,0.021891,3
levenshtein,730,entropy,0.591006,0.020391,3
levenshtein,731,entropy,0.600885,0.022962,3
levenshtein,732,entropy,0.593509,0.019002,3
levenshtein,733,entropy,0.581307,0.001585,3
levenshtein,734,entropy,0.596511,0.008912,3
levenshtein,735,entropy,0.593606,0.02034,3
levenshtein,736,entropy,0.601436,0.00587,3
levenshtein,737,entropy,0.595134,0.008207,3
levenshtein,738,entropy,0.589879,0.01642,3
levenshtein,739,entropy,0.572445,0.003391,3
levenshtein,740,entropy,0.578224,0.004379,3
levenshtein,741,entropy,0.588964,0.033973,3
levenshtein,742,entropy,0.585491,0.016534,3
levenshtein,743,entropy,0.595594,0.017717,3
levenshtein,744,entropy,0.58538,0.002776,3
levenshtein,745,entropy,0.587471,0.007958,3
levenshtein,746,entropy,0.587759,0.01418,3
levenshtein,747,entropy,0.607851,0.001252,3
levenshtein,748,entropy,0.57373,0.021173,3
levenshtein,749,entropy,0.59429,0.004588,3
levenshtein,750,entropy,0.591556,0.018715,3
levenshtein,751,entropy,0.598373,0.011296,3
levenshtein,752,entropy,0.594955,0.015699,3
levenshtein,753,entropy,0.592452,0.015957,3
levenshtein,754,entropy,0.57875,0.007059,3
levenshtein,755,entropy,0.569851,0.019294,3
levenshtein,756,entropy,0.583434,0.031496,3
levenshtein,757,entropy,0.583078,0.016113,3
levenshtein,758,entropy,0.585764,0.011292,3
levenshtein,759,entropy,0.632824,0.022762,3
levenshtein,760,entropy,0.599611,0.030595,3
levenshtein,761,entropy,0.591829,0.01742,3
levenshtein,762,entropy,0.596866,0.016783,3
levenshtein,763,entropy,0.57847,0.013222,3
levenshtein,764,entropy,0.568005,0.013585,3
levenshtein,765,entropy,0.591194,0.011249,3
levenshtein,766,entropy,0.608184,0.023699,3
levenshtein,767,entropy,0.575122,0.02934,3
levenshtein,768,entropy,0.591275,0.022092,3
levenshtein,769,entropy,0.611848,0.018846,3
levenshtein,770,entropy,0.578502,0.022889,3
levenshtein,771,entropy,0.595894,0.019074,3
levenshtein,772,entropy,0.5997,0.014298,3
levenshtein,773,entropy,0.598048,0.002113,3
levenshtein,774,entropy,0.594328,0.01194,3
levenshtein,775,entropy,0.582715,0.026478,3
levenshtein,776,entropy,0.587326,0.023345,3
levenshtein,777,entropy,0.593781,0.023587,3
levenshtein,778,entropy,0.581244,0.017982,3
levenshtein,779,entropy,0.606533,0.021077,3
levenshtein,780,entropy,0.600674,0.01239,3
levenshtein,781,entropy,0.607623,0.014173,3
levenshtein,782,entropy,0.610591,0.018542,3
levenshtein,783,entropy,0.606036,0.014404,3
levenshtein,784,entropy,0.584508,0.007494,3
levenshtein,785,entropy,0.593832,0.032919,3
levenshtein,786,entropy,0.59458,0.007198,3
levenshtein,787,entropy,0.57981,0.024683,3
levenshtein,788,entropy,0.610909,0.029444,3
levenshtein,789,entropy,0.587565,0.031488,3
levenshtein,790,entropy,0.570409,0.030572,3
levenshtein,791,entropy,0.572491,0.030456,3
levenshtein,792,entropy,0.598377,0.022027,3
levenshtein,793,entropy,0.581485,0.009883,3
levenshtein,794,entropy,0.592735,0.041733,3
levenshtein,795,entropy,0.574564,0.015415,3
levenshtein,796,entropy,0.568095,0.01547,3
levenshtein,797,entropy,0.584586,0.017741,3
levenshtein,798,entropy,0.602559,0.018828,3
levenshtein,799,entropy,0.601237,0.026056,3
levenshtein,800,entropy,0.588764,0.029219,3
levenshtein,801,entropy,0.581209,0.008778,3
levenshtein,802,entropy,0.572519,0.030105,3
levenshtein,803,entropy,0.5697,0.014512,3
levenshtein,804,entropy,0.566689,0.03158,3
levenshtein,805,entropy,0.588375,0.040494,3
levenshtein,806,entropy,0.572782,0.018877,3
levenshtein,807,entropy,0.57917,0.004402,3
levenshtein,808,entropy,0.565223,0.024043,3
levenshtein,809,entropy,0.578685,0.02342,3
levenshtein,810,entropy,0.587515,0.018188,3
levenshtein,811,entropy,0.594155,0.012326,3
levenshtein,812,entropy,0.599637,0.021436,3
levenshtein,813,entropy,0.598063,0.009405,3
levenshtein,814,entropy,0.589818,0.025809,3
levenshtein,815,entropy,0.572421,0.013123,3
levenshtein,816,entropy,0.582545,0.022636,3
levenshtein,817,entropy,0.592669,0.019212,3
levenshtein,818,entropy,0.584104,0.029182,3
levenshtein,819,entropy,0.587864,0.023725,3
levenshtein,820,entropy,0.575583,0.006576,3
levenshtein,821,entropy,0.553535,0.040253,3
levenshtein,822,entropy,0.587639,0.002262,3
levenshtein,823,entropy,0.57002,0.006201,3
levenshtein,824,entropy,0.59582,0.021606,3
levenshtein,825,entropy,0.575179,0.026801,3
levenshtein,826,entropy,0.559375,0.021809,3
levenshtein,827,entropy,0.58823,0.044498,3
levenshtein,828,entropy,0.586445,0.010219,3
levenshtein,829,entropy,0.579234,0.032531,3
levenshtein,830,entropy,0.568697,0.004471,3
levenshtein,831,entropy,0.555065,0.008918,3
levenshtein,832,entropy,0.590763,0.02623,3
levenshtein,833,entropy,0.562648,0.011983,3
levenshtein,834,entropy,0.557699,0.022971,3
levenshtein,835,entropy,0.566838,0.02115,3
levenshtein,836,entropy,0.597769,0.027553,3
levenshtein,837,entropy,0.575207,0.01995,3
levenshtein,838,entropy,0.577384,0.017743,3
levenshtein,839,entropy,0.566739,0.024871,3
levenshtein,840,entropy,0.578985,0.022388,3
levenshtein,841,entropy,0.570878,0.008712,3
levenshtein,842,entropy,0.55811,0.026299,3
levenshtein,843,entropy,0.575945,0.033339,3
levenshtein,844,entropy,0.57262,0.036898,3
levenshtein,845,entropy,0.608372,0.016764,3
levenshtein,846,entropy,0.587847,0.027538,3
levenshtein,847,entropy,0.582263,0.03566,3
levenshtein,848,entropy,0.583131,0.018694,3
levenshtein,849,entropy,0.592025,0.019967,3
levenshtein,850,entropy,0.572692,0.006326,3
levenshtein,851,entropy,0.574352,0.029686,3
levenshtein,852,entropy,0.575373,0.005361,3
levenshtein,853,entropy,0.594116,0.00668,3
levenshtein,854,entropy,0.585056,0.022839,3
levenshtein,855,entropy,0.577172,0.017696,3
levenshtein,856,entropy,0.589518,0.036861,3
levenshtein,857,entropy,0.597393,0.01471,3
levenshtein,858,entropy,0.582747,0.038929,3
levenshtein,859,entropy,0.56193,0.027533,3
levenshtein,860,entropy,0.57802,0.006499,3
levenshtein,861,entropy,0.55472,0.010436,3
levenshtein,862,entropy,0.586787,0.023067,3
levenshtein,863,entropy,0.581603,0.011661,3
levenshtein,864,entropy,0.56192,0.004783,3
levenshtein,865,entropy,0.574144,0.006018,3
levenshtein,866,entropy,0.565902,0.040336,3
levenshtein,867,entropy,0.581144,0.002161,3
levenshtein,868,entropy,0.574439,0.030631,3
levenshtein,869,entropy,0.593094,0.004386,3
levenshtein,870,entropy,0.565235,0.01521,3
levenshtein,871,entropy,0.574467,0.01469,3
levenshtein,872,entropy,0.576851,0.012538,3
levenshtein,873,entropy,0.565554,0.009038,3
levenshtein,874,entropy,0.582756,0.00538,3
levenshtein,875,entropy,0.574059,0.021075,3
levenshtein,876,entropy,0.549759,0.011442,3
levenshtein,877,entropy,0.574815,0.009799,3
levenshtein,878,entropy,0.581896,0.009508,3
levenshtein,879,entropy,0.578361,0.010336,3
levenshtein,880,entropy,0.596179,0.032507,3
levenshtein,881,entropy,0.601017,0.02295,3
levenshtein,882,entropy,0.585015,0.015657,3
levenshtein,883,entropy,0.581519,0.006922,3
levenshtein,884,entropy,0.579922,0.022579,3
levenshtein,885,entropy,0.563298,0.008386,3
levenshtein,886,entropy,0.603327,0.009872,3
levenshtein,887,entropy,0.5851,0.034273,3
levenshtein,888,entropy,0.602471,0.031763,3
levenshtein,889,entropy,0.592027,0.011856,3
levenshtein,890,entropy,0.565211,0.031714,3
levenshtein,891,entropy,0.568221,0.024805,3
levenshtein,892,entropy,0.596194,0.042848,3
levenshtein,893,entropy,0.581121,0.028587,3
levenshtein,894,entropy,0.580909,0.020519,3
levenshtein,895,entropy,0.558224,0.002498,3
levenshtein,896,entropy,0.578403,0.001868,3
levenshtein,897,entropy,0.592365,0.035876,3
levenshtein,898,entropy,0.576857,0.023951,3
levenshtein,899,entropy,0.57276,0.001418,3
levenshtein,900,entropy,0.577175,0.008406,3
levenshtein,901,entropy,0.576889,0.005167,3
levenshtein,902,entropy,0.593867,0.012415,3
levenshtein,903,entropy,0.564325,0.005484,3
levenshtein,904,entropy,0.582037,0.010965,3
levenshtein,905,entropy,0.578413,0.015459,3
levenshtein,906,entropy,0.574896,0.012317,3
levenshtein,907,entropy,0.568139,0.007106,3
levenshtein,908,entropy,0.564299,0.00852,3
levenshtein,909,entropy,0.582447,0.006618,3
levenshtein,910,entropy,0.562874,0.006565,3
levenshtein,911,entropy,0.578282,0.016338,3
levenshtein,912,entropy,0.588646,0.027315,3
levenshtein,913,entropy,0.583472,0.028084,3
levenshtein,914,entropy,0.595668,0.007763,3
levenshtein,915,entropy,0.567381,0.008929,3
levenshtein,916,entropy,0.574907,0.015575,3
levenshtein,917,entropy,0.561924,0.011356,3
levenshtein,918,entropy,0.578116,0.027565,3
levenshtein,919,entropy,0.561635,0.012545,3
levenshtein,920,entropy,0.567316,0.016526,3
levenshtein,921,entropy,0.582336,0.016345,3
levenshtein,922,entropy,0.586632,0.0108,3
levenshtein,923,entropy,0.578236,0.009988,3
levenshtein,924,entropy,0.592086,0.012099,3
levenshtein,925,entropy,0.578741,0.036115,3
levenshtein,926,entropy,0.572607,0.01914,3
levenshtein,927,entropy,0.592789,0.018591,3
levenshtein,928,entropy,0.574398,0.010467,3
levenshtein,929,entropy,0.552282,0.008625,3
levenshtein,930,entropy,0.580056,0.005287,3
levenshtein,931,entropy,0.58443,0.027727,3
levenshtein,932,entropy,0.576473,0.003869,3
levenshtein,933,entropy,0.575955,0.012781,3
levenshtein,934,entropy,0.594535,0.019068,3
levenshtein,935,entropy,0.579887,0.006458,3
levenshtein,936,entropy,0.579207,0.001576,3
levenshtein,937,entropy,0.572962,0.028185,3
levenshtein,938,entropy,0.594537,0.034257,3
levenshtein,939,entropy,0.58137,0.049477,3
levenshtein,940,entropy,0.595335,0.017669,3
levenshtein,941,entropy,0.594003,0.048311,3
levenshtein,942,entropy,0.589838,0.023109,3
levenshtein,943,entropy,0.588072,0.020016,3
levenshtein,944,entropy,0.548025,0.026358,3
levenshtein,945,entropy,0.5769,0.032088,3
levenshtein,946,entropy,0.610671,0.0173,3
levenshtein,947,entropy,0.584821,0.014203,3
levenshtein,948,entropy,0.588144,0.046076,3
levenshtein,949,entropy,0.595731,0.04993,3
levenshtein,950,entropy,0.581545,0.01671,3
levenshtein,951,entropy,0.572621,0.003193,3
levenshtein,952,entropy,0.591476,0.030979,3
levenshtein,953,entropy,0.580376,0.01106,3
levenshtein,954,entropy,0.598264,0.012296,3
levenshtein,955,entropy,0.589277,0.012908,3
levenshtein,956,entropy,0.568028,0.007105,3
levenshtein,957,entropy,0.580986,0.016837,3
levenshtein,958,entropy,0.58342,0.010791,3
levenshtein,959,entropy,0.571757,0.007191,3
levenshtein,960,entropy,0.560361,0.011794,3
levenshtein,961,entropy,0.562556,0.019723,3
levenshtein,962,entropy,0.574265,0.00308,3
levenshtein,963,entropy,0.561981,0.023868,3
levenshtein,964,entropy,0.570309,0.014644,3
levenshtein,965,entropy,0.579128,0.014993,3
levenshtein,966,entropy,0.572092,0.024398,3
levenshtein,967,entropy,0.581249,0.014937,3
levenshtein,968,entropy,0.570097,0.023969,3
levenshtein,969,entropy,0.590575,0.026895,3
levenshtein,970,entropy,0.564029,0.022126,3
levenshtein,971,entropy,0.560439,0.018953,3
levenshtein,972,entropy,0.562183,0.010852,3
levenshtein,973,entropy,0.553116,0.022325,3
levenshtein,974,entropy,0.576369,0.00835,3
levenshtein,975,entropy,0.584771,0.011291,3
levenshtein,976,entropy,0.586371,0.0127,3
levenshtein,977,entropy,0.575323,0.013739,3
levenshtein,978,entropy,0.583044,0.027943,3
levenshtein,979,entropy,0.587041,0.010775,3
levenshtein,980,entropy,0.5663,0.030519,3
levenshtein,981,entropy,0.579152,0.017446,3
levenshtein,982,entropy,0.567691,0.016634,3
levenshtein,983,entropy,0.555886,0.01993,3
levenshtein,984,entropy,0.55399,0.010479,3
levenshtein,985,entropy,0.584443,0.023813,3
levenshtein,986,entropy,0.568639,0.022179,3
levenshtein,987,entropy,0.57294,0.016663,3
levenshtein,988,entropy,0.569667,0.021694,3
levenshtein,989,entropy,0.558769,0.017284,3
levenshtein,990,entropy,0.575889,0.013026,3
levenshtein,991,entropy,0.55678,0.029301,3
levenshtein,992,entropy,0.588976,0.02569,3
levenshtein,993,entropy,0.579096,0.018929,3
levenshtein,994,entropy,0.571934,0.020702,3
levenshtein,995,entropy,0.56926,0.010182,3
levenshtein,996,entropy,0.583451,0.004633,3
levenshtein,997,entropy,0.595282,0.016727,3
levenshtein,998,entropy,0.578911,0.021735,3
levenshtein,999,entropy,0.56821,0.028522,3
pilot_levenshtein,0,eval_exact_match,0.815,0.0,1
pilot_levenshtein,10,eval_exact_match,0.85,0.0,1
pilot_levenshtein,0,eval_content_f1,0.96,0.0,1
pilot_levenshtein,10,eval_content_f1,0.9645,0.0,1
pilot_levenshtein,0,reward_mean,0.678906,0.0,1
pilot_levenshtein,1,reward_mean,0.695312,0.0,1
pilot_levenshtein,2,reward_mean,0.642969,0.0,1
pilot_levenshtein,3,reward_mean,0.639453,0.0,1
pilot_levenshtein,4,reward_mean,0.65625,0.0,1
pilot_levenshtein,5,reward_mean,0.595313,0.0,1
pilot_levenshtein,6,reward_mean,0.617327,0.0,1
pilot_levenshtein,7,reward_mean,0.604393,0.0,1
pilot_levenshtein,8,reward_mean,0.625391,0.0,1
pilot_levenshtein,9,reward_mean,0.622266,0.0,1
pilot_levenshtein,10,reward_mean,0.658203,0.0,1
pilot_levenshtein,11,reward_mean,0.664453,0.0,1
pilot_levenshtein,12,reward_mean,0.664709,0.0,1
pilot_levenshtein,13,reward_mean,0.639844,0.0,1
pilot_levenshtein,14,reward_mean,0.629297,0.0,1
pilot_levenshtein,15,reward_mean,0.689844,0.0,1
pilot_levenshtein,16,reward_mean,0.649023,0.0,1
pilot_levenshtein,17,reward_mean,0.666016,0.0,1
pilot_levenshtein,18,reward_mean,0.679297,0.0,1
pilot_levenshtein,19,reward_mean,0.655078,0.0,1
pilot_levenshtein,0,kl_to_reference,0.0,0.0,1
pilot_levenshtein,1,kl_to_reference,0.005104,0.0,1
pilot_levenshtein,2,kl_to_reference,0.009219,0.0,1
pilot_levenshtein,3,kl_to_reference,0.020177,0.0,1
pilot_levenshtein,4,kl_to_reference,0.02244,0.0,1
pilot_levenshtein,5,kl_to_reference,0.032738,0.0,1
pilot_levenshtein,6,kl_to_reference,0.042419,0.0,1
pilot_levenshtein,7,kl_to_reference,0.034564,0.0,1
pilot_levenshtein,8,kl_to_reference,0.042395,0.0,1
pilot_levenshtein,9,kl_to_reference,0.042705,0.0,1
pilot_levenshtein,10,kl_to_reference,0.04876,0.0,1
pilot_levenshtein,11,kl_to_reference,0.042135,0.0,1
pilot_levenshtein,12,kl_to_reference,0.048224,0.0,1
pilot_levenshtein,13,kl_to_reference,0.047334,0.0,1
pilot_levenshtein,14,kl_to_reference,0.060785,0.0,1
pilot_levenshtein,15,kl_to_reference,0.048141,0.0,1
pilot_levenshtein,16,kl_to_reference,0.044705,0.0,1
pilot_levenshtein,17,kl_to_reference,0.048104,0.0,1
pilot_levenshtein,18,kl_to_reference,0.049241,0.0,1
pilot_levenshtein,19,kl_to_reference,0.052431,0.0,1
pilot_levenshtein,0,entropy,0.580768,0.0,1
pilot_levenshtein,1,entropy,0.584879,0.0,1
pilot_levenshtein,2,entropy,0.625477,0.0,1
pilot_levenshtein,3,entropy,0.622228,0.0,1
pilot_levenshtein,4,entropy,0.608692,0.0,1
pilot_levenshtein,5,entropy,0.661988,0.0,1
pilot_levenshtein,6,entropy,0.679254,0.0,1
pilot_levenshtein,7,entropy,0.632534,0.0,1
pilot_levenshtein,8,entropy,0.656808,0.0,1
pilot_levenshtein,9,entropy,0.649822,0.0,1
pilot_levenshtein,10,entropy,0.614502,0.0,1
pilot_levenshtein,11,entropy,0.616178,0.0,1
pilot_levenshtein,12,entropy,0.611258,0.0,1
pilot_levenshtein,13,entropy,0.648391,0.0,1
pilot_levenshtein,14,entropy,0.661727,0.0,1
pilot_levenshtein,15,entropy,0.606671,0.0,1
pilot_levenshtein,16,entropy,0.637288,0.0,1
pilot_levenshtein,17,entropy,0.618119,0.0,1
pilot_levenshtein,18,entropy,0.623141,0.0,1
pilot_levenshtein,19,entropy,0.646842,0.0,1
rouge_l,0,eval_exact_match,0.782,0.011431,3
rouge_l,20,eval_exact_match,0.804667,0.016111,3
rouge_l,40,eval_exact_match,0.827333,0.007364,3
rouge_l,60,eval_exact_match,0.856,0.005888,3
rouge_l,80,eval_exact_match,0.862,0.018403,3
rouge_l,100,eval_exact_match,0.870667,0.008055,3
rouge_l,120,eval_exact_match,0.882667,0.008994,3
rouge_l,140,eval_exact_match,0.886667,0.002494,3
rouge_l,160,eval_exact_match,0.882,0.007483,3
rouge_l,180,eval_exact_match,0.885333,0.011813,3
rouge_l,200,eval_exact_match,0.892,0.004899,3
rouge_l,220,eval_exact_match,0.893333,0.010873,3
rouge_l,240,eval_exact_match,0.891333,0.00838,3
rouge_l,260,eval_exact_match,0.890667,0.014636,3
rouge_l,280,eval_exact_match,0.900667,0.006182,3
rouge_l,300,eval_exact_match,0.895333,0.01668,3
rouge_l,320,eval_exact_match,0.906,0.003266,3
rouge_l,340,eval_exact_match,0.907333,0.000943,3
rouge_l,360,eval_exact_match,0.913333,0.009568,3
rouge_l,380,eval_exact_match,0.91,0.005888,3
rouge_l,400,eval_exact_match,0.914667,0.007364,3
rouge_l,420,eval_exact_match,0.914667,0.016997,3
rouge_l,440,eval_exact_match,0.924,0.008485,3
rouge_l,460,eval_exact_match,0.924,0.003266,3
rouge_l,480,eval_exact_match,0.922667,0.004989,3
rouge_l,500,eval_exact_match,0.924667,0.004989,3
rouge_l,520,eval_exact_match,0.934,0.001633,3
rouge_l,540,eval_exact_match,0.932,0.007483,3
rouge_l,560,eval_exact_match,0.937333,0.006182,3
rouge_l,580,eval_exact_match,0.936667,0.00411,3
rouge_l,600,eval_exact_match,0.94,0.005888,3
rouge_l,620,eval_exact_match,0.934,0.008485,3
rouge_l,640,eval_exact_match,0.935333,0.005735,3
rouge_l,660,eval_exact_match,0.934667,0.003399,3
rouge_l,680,eval_exact_match,0.94,0.004899,3
rouge_l,700,eval_exact_match,0.93,0.003266,3
rouge_l,720,eval_exact_match,0.932,0.007483,3
rouge_l,740,eval_exact_match,0.932667,0.018856,3
rouge_l,760,eval_exact_match,0.930667,0.016111,3
rouge_l,780,eval_exact_match,0.932667,0.010873,3
rouge_l,800,eval_exact_match,0.933333,0.013888,3
rouge_l,820,eval_exact_match,0.936,0.007118,3
rouge_l,840,eval_exact_match,0.934,0.015748,3
rouge_l,860,eval_exact_match,0.928,0.010198,3
rouge_l,880,eval_exact_match,0.946,0.005888,3
rouge_l,900,eval_exact_match,0.945333,0.010625,3
rouge_l,920,eval_exact_match,0.938,0.005888,3
rouge_l,940,eval_exact_match,0.944,0.00432,3
rouge_l,960,eval_exact_match,0.942667,0.00411,3
rouge_l,980,eval_exact_match,0.943333,0.00838,3
rouge_l,0,eval_content_f1,0.9456,0.002546,3
rouge_l,20,eval_content_f1,0.947441,0.005032,3
rouge_l,40,eval_content_f1,0.953712,0.005469,3
rouge_l,60,eval_content_f1,0.9622,0.002315,3
rouge_l,80,eval_content_f1,0.965267,0.005648,3
rouge_l,100,eval_content_f1,0.967,0.002315,3
rouge_l,120,eval_content_f1,0.971067,0.001636,3
rouge_l,140,eval_content_f1,0.972133,0.00068,3
rouge_l,160,eval_content_f1,0.971498,0.002593,3
rouge_l,180,eval_content_f1,0.9714,0.00102,3
rouge_l,200,eval_content_f1,0.972533,0.002858,3
rouge_l,220,eval_content_f1,0.974533,0.00392,3
rouge_l,240,eval_content_f1,0.974165,0.003181,3
rouge_l,260,eval_content_f1,0.974232,0.004927,3
rouge_l,280,eval_content_f1,0.976311,0.002037,3
rouge_l,300,eval_content_f1,0.973844,0.004634,3
rouge_l,320,eval_content_f1,0.976876,0.002246,3
rouge_l,340,eval_content_f1,0.977533,0.001715,3
rouge_l,360,eval_content_f1,0.978676,0.001661,3
rouge_l,380,eval_content_f1,0.978133,0.001268,3
rouge_l,400,eval_content_f1,0.980267,0.001087,3
rouge_l,420,eval_content_f1,0.980467,0.004262,3
rouge_l,440,eval_content_f1,0.982733,0.001147,3
rouge_l,460,eval_content_f1,0.981567,0.00217,3
rouge_l,480,eval_content_f1,0.980667,0.003492,3
rouge_l,500,eval_content_f1,0.981867,0.001879,3
rouge_l,520,eval_content_f1,0.9838,0.001143,3
rouge_l,540,eval_content_f1,0.9836,0.001414,3
rouge_l,560,eval_content_f1,0.984867,0.0017,3
rouge_l,580,eval_content_f1,0.985733,0.000499,3
rouge_l,600,eval_content_f1,0.985933,0.0021,3
rouge_l,620,eval_content_f1,0.985,0.001558,3
rouge_l,640,eval_content_f1,0.9848,0.000163,3
rouge_l,660,eval_content_f1,0.9848,0.000653,3
rouge_l,680,eval_content_f1,0.985644,0.002153,3
rouge_l,700,eval_content_f1,0.983533,0.000525,3
rouge_l,720,eval_content_f1,0.9842,0.002123,3
rouge_l,740,eval_content_f1,0.983667,0.004938,3
rouge_l,760,eval_content_f1,0.985067,0.003488,3
rouge_l,780,eval_content_f1,0.984067,0.002744,3
rouge_l,800,eval_content_f1,0.984733,0.003872,3
rouge_l,820,eval_content_f1,0.985533,0.002451,3
rouge_l,840,eval_content_f1,0.985533,0.002604,3
rouge_l,860,eval_content_f1,0.983,0.002471,3
rouge_l,880,eval_content_f1,0.987333,0.00262,3
rouge_l,900,eval_content_f1,0.9864,0.001925,3
rouge_l,920,eval_content_f1,0.986533,0.000998,3
rouge_l,940,eval_content_f1,0.987533,0.000806,3
rouge_l,960,eval_content_f1,0.9874,0.000163,3
rouge_l,980,eval_content_f1,0.987267,0.001907,3
rouge_l,0,reward_mean,0.737196,0.017346,3
rouge_l,1,reward_mean,0.731005,0.026765,3
rouge_l,2,reward_mean,0.708536,0.012188,3
rouge_l,3,reward_mean,0.70463,0.02133,3
rouge_l,4,reward_mean,0.711726,0.013423,3
rouge_l,5,reward_mean,0.712337,0.013913,3
rouge_l,6,reward_mean,0.68139,0.01932,3
rouge_l,7,reward_mean,0.695085,0.015447,3
rouge_l,8,reward_mean,0.672373,0.012862,3
rouge_l,9,reward_mean,0.695472,0.008597,3
rouge_l,10,reward_mean,0.686916,0.013262,3
rouge_l,11,reward_mean,0.692711,0.007201,3
rouge_l,12,reward_mean,0.678451,0.024734,3
rouge_l,13,reward_mean,0.669053,0.009428,3
rouge_l,14,reward_mean,0.684422,0.027509,3
rouge_l,15,reward_mean,0.69468,0.010509,3
rouge_l,16,reward_mean,0.684929,0.011841,3
rouge_l,17,reward_mean,0.698487,0.024213,3
rouge_l,18,reward_mean,0.694986,0.006549,3
rouge_l,19,reward_mean,0.685973,0.024879,3
rouge_l,20,reward_mean,0.717489,0.02379,3
rouge_l,21,reward_mean,0.71353,0.013614,3
rouge_l,22,reward_mean,0.72482,0.005656,3
rouge_l,23,reward_mean,0.723435,0.010433,3
rouge_l,24,reward_mean,0.698747,0.016586,3
rouge_l,25,reward_mean,0.698104,0.024449,3
rouge_l,26,reward_mean,0.710046,0.023685,3
rouge_l,27,reward_mean,0.700159,0.006975,3
rouge_l,28,reward_mean,0.716559,0.008836,3
rouge_l,29,reward_mean,0.71787,0.0092,3
rouge_l,30,reward_mean,0.71087,0.015591,3
rouge_l,31,reward_mean,0.707942,0.005567,3
rouge_l,32,reward_mean,0.725278,0.016123,3
rouge_l,33,reward_mean,0.708889,0.005537,3
rouge_l,34,reward_mean,0.726196,0.012704,3
rouge_l,35,reward_mean,0.718253,0.00711,3
rouge_l,36,reward_mean,0.706617,0.006229,3
rouge_l,37,reward_mean,0.697771,0.014955,3
rouge_l,38,reward_mean,0.717871,0.01539,3
rouge_l,39,reward_mean,0.730331,0.006747,3
rouge_l,40,reward_mean,0.719496,0.020979,3
rouge_l,41,reward_mean,0.719031,0.019559,3
rouge_l,42,reward_mean,0.719392,0.019933,3
rouge_l,43,reward_mean,0.72239,0.016386,3
rouge_l,44,reward_mean,0.713742,0.004606,3
rouge_l,45,reward_mean,0.719207,0.012088,3
rouge_l,46,reward_mean,0.719148,0.014301,3
rouge_l,47,reward_mean,0.721413,0.003964,3
rouge_l,48,reward_mean,0.724864,0.010847,3
rouge_l,49,reward_mean,0.738535,0.006809,3
rouge_l,50,reward_mean,0.709911,0.028836,3
rouge_l,51,reward_mean,0.7194,0.011531,3
rouge_l,52,reward_mean,0.723489,0.008401,3
rouge_l,53,reward_mean,0.716424,0.016843,3
rouge_l,54,reward_mean,0.718752,0.013866,3
rouge_l,55,reward_mean,0.724809,0.016283,3
rouge_l,56,reward_mean,0.740152,0.008315,3
rouge_l,57,reward_mean,0.718354,0.01151,3
rouge_l,58,reward_mean,0.736682,0.024407,3
rouge_l,59,reward_mean,0.731832,0.00321,3
rouge_l,60,reward_mean,0.743741,0.008244,3
rouge_l,61,reward_mean,0.722513,0.013613,3
rouge_l,62,reward_mean,0.742223,0.019284,3
rouge_l,63,reward_mean,0.720073,0.02975,3
rouge_l,64,reward_mean,0.710076,0.004752,3
rouge_l,65,reward_mean,0.729026,0.01,3
rouge_l,66,reward_mean,0.722289,0.013895,3
rouge_l,67,reward_mean,0.744191,0.010724,3
rouge_l,68,reward_mean,0.729536,0.021264,3
rouge_l,69,reward_mean,0.71398,0.007956,3
rouge_l,70,reward_mean,0.730564,0.012734,3
rouge_l,71,reward_mean,0.720739,0.005401,3
rouge_l,72,reward_mean,0.73848,0.003209,3
rouge_l,73,reward_mean,0.728886,0.011974,3
rouge_l,74,reward_mean,0.710914,0.007921,3
rouge_l,75,reward_mean,0.725378,0.023003,3
rouge_l,76,reward_mean,0.716919,0.006046,3
rouge_l,77,reward_mean,0.733304,0.013292,3
rouge_l,78,reward_mean,0.74175,0.019931,3
rouge_l,79,reward_mean,0.737977,0.009674,3
rouge_l,80,reward_mean,0.748844,0.001935,3
rouge_l,81,reward_mean,0.726831,0.006355,3
rouge_l,82,reward_mean,0.741473,0.005766,3
rouge_l,83,reward_mean,0.769967,0.012021,3
rouge_l,84,reward_mean,0.752071,0.004102,3
rouge_l,85,reward_mean,0.747467,0.011427,3
rouge_l,86,reward_mean,0.730272,0.006099,3
rouge_l,87,reward_mean,0.726751,0.015221,3
rouge_l,88,reward_mean,0.744109,0.021265,3
rouge_l,89,reward_mean,0.750986,0.027623,3
rouge_l,90,reward_mean,0.734267,0.018964,3
rouge_l,91,reward_mean,0.724916,0.010749,3
rouge_l,92,reward_mean,0.741095,0.019084,3
rouge_l,93,reward_mean,0.741078,0.020373,3
rouge_l,94,reward_mean,0.733467,0.003613,3
rouge_l,95,reward_mean,0.753514,0.007387,3
rouge_l,96,reward_mean,0.765267,0.015754,3
rouge_l,97,reward_mean,0.733303,0.013944,3
rouge_l,98,reward_mean,0.741324,0.01457,3
rouge_l,99,reward_mean,0.756439,0.030311,3
rouge_l,100,reward_mean,0.759384,0.008248,3
rouge_l,101,reward_mean,0.732011,0.015673,3
rouge_l,102,reward_mean,0.74357,0.007219,3
rouge_l,103,reward_mean,0.744918,0.022667,3
rouge_l,104,reward_mean,0.733631,0.014316,3
rouge_l,105,reward_mean,0.743543,0.008081,3
rouge_l,106,reward_mean,0.74793,0.006302,3
rouge_l,107,reward_mean,0.723322,0.038009,3
rouge_l,108,reward_mean,0.764074,0.025983,3
rouge_l,109,reward_mean,0.758728,0.016669,3
rouge_l,110,reward_mean,0.749101,0.010869,3
rouge_l,111,reward_mean,0.75225,0.008509,3
rouge_l,112,reward_mean,0.7442,0.017915,3
rouge_l,113,reward_mean,0.750347,0.015373,3
rouge_l,114,reward_mean,0.740551,0.018115,3
rouge_l,115,reward_mean,0.748741,0.002391,3
rouge_l,116,reward_mean,0.751098,0.015511,3
rouge_l,117,reward_mean,0.739479,0.013521,3
rouge_l,118,reward_mean,0.738923,0.020777,3
rouge_l,119,reward_mean,0.750366,0.029864,3
rouge_l,120,reward_mean,0.74141,0.006113,3
rouge_l,121,reward_mean,0.747583,0.006302,3
rouge_l,122,reward_mean,0.761521,0.006245,3
rouge_l,123,reward_mean,0.757045,0.011018,3
rouge_l,124,reward_mean,0.753027,0.005574,3
rouge_l,125,reward_mean,0.744264,0.012175,3
rouge_l,126,reward_mean,0.745677,0.002679,3
rouge_l,127,reward_mean,0.741689,0.028484,3
rouge_l,128,reward_mean,0.75303,0.013097,3
rouge_l,129,reward_mean,0.755031,0.005829,3
rouge_l,130,reward_mean,0.761313,0.006825,3
rouge_l,131,reward_mean,0.771926,0.015042,3
rouge_l,132,reward_mean,0.770182,0.005526,3
rouge_l,133,reward_mean,0.750593,0.006214,3
rouge_l,134,reward_mean,0.735652,0.02352,3
rouge_l,135,reward_mean,0.752691,0.009992,3
rouge_l,136,reward_mean,0.753148,0.004498,3
rouge_l,137,reward_mean,0.771546,0.00079,3
rouge_l,138,reward_mean,0.771984,0.006994,3
rouge_l,139,reward_mean,0.737488,0.011428,3
rouge_l,140,reward_mean,0.754992,0.020056,3
rouge_l,141,reward_mean,0.761513,0.011268,3
rouge_l,142,reward_mean,0.759642,0.007188,3
rouge_l,143,reward_mean,0.752278,0.003957,3
rouge_l,144,reward_mean,0.745029,0.023639,3
rouge_l,145,reward_mean,0.758435,0.009943,3
rouge_l,146,reward_mean,0.74478,0.01771,3
rouge_l,147,reward_mean,0.745423,0.02396,3
rouge_l,148,reward_mean,0.771898,0.02315,3
rouge_l,149,reward_mean,0.750003,0.010728,3
rouge_l,150,reward_mean,0.749806,0.008874,3
rouge_l,151,reward_mean,0.760836,0.00459,3
rouge_l,152,reward_mean,0.751696,0.005389,3
rouge_l,153,reward_mean,0.761045,0.007174,3
rouge_l,154,reward_mean,0.758474,0.021501,3
rouge_l,155,reward_mean,0.770083,0.014755,3
rouge_l,156,reward_mean,0.759,0.026665,3
rouge_l,157,reward_mean,0.755613,0.008238,3
rouge_l,158,reward_mean,0.759428,0.012129,3
rouge_l,159,reward_mean,0.777016,0.018603,3
rouge_l,160,reward_mean,0.737272,0.011956,3
rouge_l,161,reward_mean,0.768154,0.018813,3
rouge_l,162,reward_mean,0.765662,0.003382,3
rouge_l,163,reward_mean,0.764928,0.025872,3
rouge_l,164,reward_mean,0.758882,0.006508,3
rouge_l,165,reward_mean,0.763798,0.00552,3
rouge_l,166,reward_mean,0.76894,0.021864,3
rouge_l,167,reward_mean,0.781469,0.013718,3
rouge_l,168,reward_mean,0.765556,0.007802,3
rouge_l,169,reward_mean,0.762233,0.01962,3
rouge_l,170,reward_mean,0.767445,0.006184,3
rouge_l,171,reward_mean,0.75017,0.009288,3
rouge_l,172,reward_mean,0.764401,0.01723,3
rouge_l,173,reward_mean,0.763311,0.005786,3
rouge_l,174,reward_mean,0.755611,0.019638,3
rouge_l,175,reward_mean,0.754723,0.013905,3
rouge_l,176,reward_mean,0.757021,0.009334,3
rouge_l,177,reward_mean,0.772888,0.003251,3
rouge_l,178,reward_mean,0.754011,0.018192,3
rouge_l,179,reward_mean,0.743933,0.002093,3
rouge_l,180,reward_mean,0.758062,0.020597,3
rouge_l,181,reward_mean,0.783779,0.023071,3
rouge_l,182,reward_mean,0.757487,0.016964,3
rouge_l,183,reward_mean,0.741979,0.004403,3
rouge_l,184,reward_mean,0.749846,0.026118,3
rouge_l,185,reward_mean,0.760254,0.013036,3
rouge_l,186,reward_mean,0.774084,0.022297,3
rouge_l,187,reward_mean,0.764065,0.027932,3
rouge_l,188,reward_mean,0.756473,0.028738,3
rouge_l,189,reward_mean,0.760781,0.011973,3
rouge_l,190,reward_mean,0.773163,0.015523,3
rouge_l,191,reward_mean,0.768052,0.00635,3
rouge_l,192,reward_mean,0.790796,0.013846,3
rouge_l,193,reward_mean,0.791774,0.003565,3
rouge_l,194,reward_mean,0.775042,0.003553,3
rouge_l,195,reward_mean,0.747889,0.009516,3
rouge_l,196,reward_mean,0.766687,0.010696,3
rouge_l,197,reward_mean,0.769678,0.013949,3
rouge_l,198,reward_mean,0.759172,0.007275,3
rouge_l,199,reward_mean,0.760675,0.009949,3
rouge_l,200,reward_mean,0.756953,0.004252,3
rouge_l,201,reward_mean,0.757757,0.006836,3
rouge_l,202,reward_mean,0.749245,0.020867,3
rouge_l,203,reward_mean,0.763206,0.013377,3
rouge_l,204,reward_mean,0.778063,0.022405,3
rouge_l,205,reward_mean,0.757905,0.016086,3
rouge_l,206,reward_mean,0.749123,0.017649,3
rouge_l,207,reward_mean,0.778983,0.018411,3
rouge_l,208,reward_mean,0.787975,0.00728,3
rouge_l,209,reward_mean,0.772002,0.016666,3
rouge_l,210,reward_mean,0.759381,0.023912,3
rouge_l,211,reward_mean,0.76171,0.020294,3
rouge_l,212,reward_mean,0.764076,0.010321,3
rouge_l,213,reward_mean,0.768069,0.008394,3
rouge_l,214,reward_mean,0.771517,0.013307,3
rouge_l,215,reward_mean,0.755567,0.016688,3
rouge_l,216,reward_mean,0.762119,0.016153,3
rouge_l,217,reward_mean,0.759401,0.014934,3
rouge_l,218,reward_mean,0.776884,0.020266,3
rouge_l,219,reward_mean,0.788533,0.009398,3
rouge_l,220,reward_mean,0.751866,0.009959,3
rouge_l,221,reward_mean,0.751915,0.009041,3
rouge_l,222,reward_mean,0.747048,0.010985,3
rouge_l,223,reward_mean,0.78342,0.014145,3
rouge_l,224,reward_mean,0.75185,0.002895,3
rouge_l,225,reward_mean,0.787261,0.026633,3
rouge_l,226,reward_mean,0.755445,0.018863,3
rouge_l,227,reward_mean,0.783469,0.011848,3
rouge_l,228,reward_mean,0.768012,0.007019,3
rouge_l,229,reward_mean,0.766982,0.009194,3
rouge_l,230,reward_mean,0.783221,0.014634,3
rouge_l,231,reward_mean,0.782394,0.016968,3
rouge_l,232,reward_mean,0.759015,0.009413,3
rouge_l,233,reward_mean,0.768748,0.020809,3
rouge_l,234,reward_mean,0.773923,0.005696,3
rouge_l,235,reward_mean,0.781712,0.008371,3
rouge_l,236,reward_mean,0.772701,0.006273,3
rouge_l,237,reward_mean,0.782936,0.013239,3
rouge_l,238,reward_mean,0.774344,0.009688,3
rouge_l,239,reward_mean,0.780292,0.005095,3
rouge_l,240,reward_mean,0.772825,0.008916,3
rouge_l,241,reward_mean,0.779087,0.01705,3
rouge_l,242,reward_mean,0.778511,0.001543,3
rouge_l,243,reward_mean,0.762102,0.015277,3
rouge_l,244,reward_mean,0.775917,0.019949,3
rouge_l,245,reward_mean,0.789097,0.016031,3
rouge_l,246,reward_mean,0.765892,0.006229,3
rouge_l,247,reward_mean,0.76262,0.016263,3
rouge_l,248,reward_mean,0.801694,0.011166,3
rouge_l,249,reward_mean,0.773848,0.010336,3
rouge_l,250,reward_mean,0.778998,0.02224,3
rouge_l,251,reward_mean,0.765177,0.006792,3
rouge_l,252,reward_mean,0.775273,0.010229,3
rouge_l,253,reward_mean,0.787586,0.010255,3
rouge_l,254,reward_mean,0.769346,0.013266,3
rouge_l,255,reward_mean,0.755932,0.025766,3
rouge_l,256,reward_mean,0.771743,0.006076,3
rouge_l,257,reward_mean,0.780361,0.016664,3
rouge_l,258,reward_mean,0.780399,0.02806,3
rouge_l,259,reward_mean,0.788456,0.014681,3
rouge_l,260,reward_mean,0.761452,0.014655,3
rouge_l,261,reward_mean,0.778353,0.013361,3
rouge_l,262,reward_mean,0.778445,0.026882,3
rouge_l,263,reward_mean,0.776278,0.01839,3
rouge_l,264,reward_mean,0.777713,0.005307,3
rouge_l,265,reward_mean,0.762428,0.020558,3
rouge_l,266,reward_mean,0.763304,0.010933,3
rouge_l,267,reward_mean,0.760373,0.018764,3
rouge_l,268,reward_mean,0.762206,0.018435,3
rouge_l,269,reward_mean,0.774228,0.014735,3
rouge_l,270,reward_mean,0.784591,0.0071,3
rouge_l,271,reward_mean,0.785154,0.026135,3
rouge_l,272,reward_mean,0.763291,0.015533,3
rouge_l,273,reward_mean,0.798578,0.005644,3
rouge_l,274,reward_mean,0.779249,0.010109,3
rouge_l,275,reward_mean,0.784951,0.024973,3
rouge_l,276,reward_mean,0.777615,0.007924,3
rouge_l,277,reward_mean,0.776693,0.017496,3
rouge_l,278,reward_mean,0.771697,0.016444,3
rouge_l,279,reward_mean,0.77546,0.009659,3
rouge_l,280,reward_mean,0.789869,0.014241,3
rouge_l,281,reward_mean,0.779316,0.007036,3
rouge_l,282,reward_mean,0.774666,0.00709,3
rouge_l,283,reward_mean,0.792369,0.002491,3
rouge_l,284,reward_mean,0.780201,0.014009,3
rouge_l,285,reward_mean,0.782928,0.012288,3
rouge_l,286,reward_mean,0.775872,0.015462,3
rouge_l,287,reward_mean,0.784293,0.00319,3
rouge_l,288,reward_mean,0.787208,0.026043,3
rouge_l,289,reward_mean,0.774488,0.021987,3
rouge_l,290,reward_mean,0.778512,0.004044,3
rouge_l,291,reward_mean,0.780921,0.001702,3
rouge_l,292,reward_mean,0.794039,0.009055,3
rouge_l,293,reward_mean,0.773866,0.013917,3
rouge_l,294,reward_mean,0.774674,0.003852,3
rouge_l,295,reward_mean,0.771176,0.013435,3
rouge_l,296,reward_mean,0.796398,0.017969,3
rouge_l,297,reward_mean,0.771875,0.007319,3
rouge_l,298,reward_mean,0.759271,0.011707,3
rouge_l,299,reward_mean,0.781242,0.017219,3
rouge_l,300,reward_mean,0.796534,0.017975,3
rouge_l,301,reward_mean,0.775223,0.01121,3
rouge_l,302,reward_mean,0.777821,0.023926,3
rouge_l,303,reward_mean,0.774914,0.015641,3
rouge_l,304,reward_mean,0.78364,0.01419,3
rouge_l,305,reward_mean,0.770728,0.007242,3
rouge_l,306,reward_mean,0.779297,0.009447,3
rouge_l,307,reward_mean,0.786943,0.01654,3
rouge_l,308,reward_mean,0.796233,0.006806,3
rouge_l,309,reward_mean,0.774462,0.031581,3
rouge_l,310,reward_mean,0.778896,0.008409,3
rouge_l,311,reward_mean,0.793549,0.007257,3
rouge_l,312,reward_mean,0.774133,0.018303,3
rouge_l,313,reward_mean,0.78441,0.019878,3
rouge_l,314,reward_mean,0.78813,0.02703,3
rouge_l,315,reward_mean,0.772747,0.009182,3
rouge_l,316,reward_mean,0.779365,0.005535,3
rouge_l,317,reward_mean,0.762347,0.003072,3
rouge_l,318,reward_mean,0.765461,0.031904,3
rouge_l,319,reward_mean,0.790235,0.018141,3
rouge_l,320,reward_mean,0.788309,0.00177,3
rouge_l,321,reward_mean,0.794078,0.017992,3
rouge_l,322,reward_mean,0.783569,0.007688,3
rouge_l,323,reward_mean,0.774119,0.027631,3
rouge_l,324,reward_mean,0.762384,0.006006,3
rouge_l,325,reward_mean,0.797569,0.004112,3
rouge_l,326,reward_mean,0.774851,0.013653,3
rouge_l,327,reward_mean,0.776673,0.012762,3
rouge_l,328,reward_mean,0.774379,0.008747,3
rouge_l,329,reward_mean,0.781097,0.01001,3
rouge_l,330,reward_mean,0.794584,0.023568,3
rouge_l,331,reward_mean,0.780698,0.023331,3
rouge_l,332,reward_mean,0.781921,0.016914,3
rouge_l,333,reward_mean,0.784826,0.02718,3
rouge_l,334,reward_mean,0.784902,0.02602,3
rouge_l,335,reward_mean,0.800611,0.015486,3
rouge_l,336,reward_mean,0.796832,0.003626,3
rouge_l,337,reward_mean,0.784516,0.017913,3
rouge_l,338,reward_mean,0.784087,0.011847,3
rouge_l,339,reward_mean,0.79625,0.013806,3
rouge_l,340,reward_mean,0.780051,0.020908,3
rouge_l,341,reward_mean,0.786022,0.007059,3
rouge_l,342,reward_mean,0.771897,0.017717,3
rouge_l,343,reward_mean,0.77501,0.010422,3
rouge_l,344,reward_mean,0.790135,0.007953,3
rouge_l,345,reward_mean,0.775528,0.00674,3
rouge_l,346,reward_mean,0.774727,0.017172,3
rouge_l,347,reward_mean,0.805606,0.00991,3
rouge_l,348,reward_mean,0.793636,0.00936,3
rouge_l,349,reward_mean,0.778899,0.005794,3
rouge_l,350,reward_mean,0.798792,0.016418,3
rouge_l,351,reward_mean,0.787,0.01321,3
rouge_l,352,reward_mean,0.775781,0.007697,3
rouge_l,353,reward_mean,0.783461,0.007816,3
rouge_l,354,reward_mean,0.809123,0.007793,3
rouge_l,355,reward_mean,0.773329,0.003417,3
rouge_l,356,reward_mean,0.782574,0.019054,3
rouge_l,357,reward_mean,0.777878,0.007426,3
rouge_l,358,reward_mean,0.794533,0.022887,3
rouge_l,359,reward_mean,0.788809,0.011042,3
rouge_l,360,reward_mean,0.792594,0.008754,3
rouge_l,361,reward_mean,0.790522,0.007076,3
rouge_l,362,reward_mean,0.779789,0.00198,3
rouge_l,363,reward_mean,0.794683,0.012491,3
rouge_l,364,reward_mean,0.807056,0.010525,3
rouge_l,365,reward_mean,0.796942,0.008969,3
rouge_l,366,reward_mean,0.782427,0.011876,3
rouge_l,367,reward_mean,0.775141,0.020924,3
rouge_l,368,reward_mean,0.807792,0.020739,3
rouge_l,369,reward_mean,0.777981,0.010218,3
rouge_l,370,reward_mean,0.786047,0.015677,3
rouge_l,371,reward_mean,0.777738,0.01473,3
rouge_l,372,reward_mean,0.793717,0.023231,3
rouge_l,373,reward_mean,0.792602,0.011715,3
rouge_l,374,reward_mean,0.787716,0.008206,3
rouge_l,375,reward_mean,0.807459,0.01176,3
rouge_l,376,reward_mean,0.785162,0.020673,3
rouge_l,377,reward_mean,0.78047,0.019007,3
rouge_l,378,reward_mean,0.780113,0.012179,3
rouge_l,379,reward_mean,0.777375,0.012113,3
rouge_l,380,reward_mean,0.772257,0.014013,3
rouge_l,381,reward_mean,0.790722,0.004351,3
rouge_l,382,reward_mean,0.791702,0.021615,3
rouge_l,383,reward_mean,0.795577,0.009336,3
rouge_l,384,reward_mean,0.792725,0.015598,3
rouge_l,385,reward_mean,0.794842,0.034431,3
rouge_l,386,reward_mean,0.796045,0.0254,3
rouge_l,387,reward_mean,0.807858,0.021347,3
rouge_l,388,reward_mean,0.778621,0.011533,3
rouge_l,389,reward_mean,0.801469,0.014327,3
rouge_l,390,reward_mean,0.787114,0.014173,3
rouge_l,391,reward_mean,0.782571,0.017211,3
rouge_l,392,reward_mean,0.801184,0.009832,3
rouge_l,393,reward_mean,0.791191,0.013258,3
rouge_l,394,reward_mean,0.765904,0.023342,3
rouge_l,395,reward_mean,0.816161,0.014516,3
rouge_l,396,reward_mean,0.778208,0.010211,3
rouge_l,397,reward_mean,0.810329,0.005783,3
rouge_l,398,reward_mean,0.783047,0.005214,3
rouge_l,399,reward_mean,0.779383,0.011127,3
rouge_l,400,reward_mean,0.799729,0.006342,3
rouge_l,401,reward_mean,0.810245,0.011939,3
rouge_l,402,reward_mean,0.788125,0.005399,3
rouge_l,403,reward_mean,0.785207,0.012794,3
rouge_l,404,reward_mean,0.792314,0.007863,3
rouge_l,405,reward_mean,0.788664,0.013794,3
rouge_l,406,reward_mean,0.783349,0.009443,3
rouge_l,407,reward_mean,0.769134,0.017618,3
rouge_l,408,reward_mean,0.792877,0.009532,3
rouge_l,409,reward_mean,0.780724,0.005652,3
rouge_l,410,reward_mean,0.769471,0.00855,3
rouge_l,411,reward_mean,0.783719,0.00621,3
rouge_l,412,reward_mean,0.803551,0.005614,3
rouge_l,413,reward_mean,0.794402,0.014216,3
rouge_l,414,reward_mean,0.799084,0.017635,3
rouge_l,415,reward_mean,0.775729,0.016326,3
rouge_l,416,reward_mean,0.777998,0.023979,3
rouge_l,417,reward_mean,0.793837,0.013427,3
rouge_l,418,reward_mean,0.775255,0.006673,3
rouge_l,419,reward_mean,0.784691,0.011422,3
rouge_l,420,reward_mean,0.794539,0.006108,3
rouge_l,421,reward_mean,0.776191,0.015518,3
rouge_l,422,reward_mean,0.796838,0.007969,3
rouge_l,423,reward_mean,0.793675,0.021604,3
rouge_l,424,reward_mean,0.782893,0.011024,3
rouge_l,425,reward_mean,0.794082,0.014092,3
rouge_l,426,reward_mean,0.797443,0.010943,3
rouge_l,427,reward_mean,0.797973,0.024412,3
rouge_l,428,reward_mean,0.801445,0.0089,3
rouge_l,429,reward_mean,0.772677,0.026573,3
rouge_l,430,reward_mean,0.78229,0.015543,3
rouge_l,431,reward_mean,0.801229,0.002946,3
rouge_l,432,reward_mean,0.804685,0.01334,3
rouge_l,433,reward_mean,0.780027,0.008185,3
rouge_l,434,reward_mean,0.791515,0.001661,3
rouge_l,435,reward_mean,0.794976,0.002462,3
rouge_l,436,reward_mean,0.798449,0.025213,3
rouge_l,437,reward_mean,0.794529,0.009349,3
rouge_l,438,reward_mean,0.798993,0.012241,3
rouge_l,439,reward_mean,0.804725,0.015484,3
rouge_l,440,reward_mean,0.78277,0.011467,3
rouge_l,441,reward_mean,0.802907,0.021729,3
rouge_l,442,reward_mean,0.791473,0.004549,3
rouge_l,443,reward_mean,0.801285,0.011349,3
rouge_l,444,reward_mean,0.799972,0.007262,3
rouge_l,445,reward_mean,0.782687,0.006814,3
rouge_l,446,reward_mean,0.800132,0.01773,3
rouge_l,447,reward_mean,0.799881,0.016334,3
rouge_l,448,reward_mean,0.803753,0.021236,3
rouge_l,449,reward_mean,0.775894,0.016041,3
rouge_l,450,reward_mean,0.802303,0.009797,3
rouge_l,451,reward_mean,0.794596,0.00488,3
rouge_l,452,reward_mean,0.794108,0.018925,3
rouge_l,453,reward_mean,0.815707,0.017571,3
rouge_l,454,reward_mean,0.787773,0.011762,3
rouge_l,455,reward_mean,0.803408,0.030976,3
rouge_l,456,reward_mean,0.789147,0.017513,3
rouge_l,457,reward_mean,0.791088,0.014275,3
rouge_l,458,reward_mean,0.797233,0.01027,3
rouge_l,459,reward_mean,0.780922,0.012779,3
rouge_l,460,reward_mean,0.793873,0.006393,3
rouge_l,461,reward_mean,0.796854,0.017803,3
rouge_l,462,reward_mean,0.813595,0.022963,3
rouge_l,463,reward_mean,0.795684,0.012024,3
rouge_l,464,reward_mean,0.804603,0.015306,3
rouge_l,465,reward_mean,0.789472,0.014835,3
rouge_l,466,reward_mean,0.796973,0.008617,3
rouge_l,467,reward_mean,0.782243,0.006929,3
rouge_l,468,reward_mean,0.778164,0.025194,3
rouge_l,469,reward_mean,0.791745,0.007136,3
rouge_l,470,reward_mean,0.800904,0.023005,3
rouge_l,471,reward_mean,0.790782,0.011435,3
rouge_l,472,reward_mean,0.797439,0.014689,3
rouge_l,473,reward_mean,0.791654,0.006739,3
rouge_l,474,reward_mean,0.807813,0.007655,3
rouge_l,475,reward_mean,0.796119,0.015622,3
rouge_l,476,reward_mean,0.825311,0.003226,3
rouge_l,477,reward_mean,0.798759,0.008529,3
rouge_l,478,reward_mean,0.792122,0.011158,3
rouge_l,479,reward_mean,0.797705,0.021513,3
rouge_l,480,reward_mean,0.794259,0.01717,3
rouge_l,481,reward_mean,0.826926,0.007483,3
rouge_l,482,reward_mean,0.806161,0.013537,3
rouge_l,483,reward_mean,0.791755,0.026853,3
rouge_l,484,reward_mean,0.807374,0.007017,3
rouge_l,485,reward_mean,0.817223,0.013233,3
rouge_l,486,reward_mean,0.806707,0.009703,3
rouge_l,487,reward_mean,0.796481,0.025263,3
rouge_l,488,reward_mean,0.800011,0.010072,3
rouge_l,489,reward_mean,0.804123,0.008455,3
rouge_l,490,reward_mean,0.785183,0.022471,3
rouge_l,491,reward_mean,0.813306,0.016008,3
rouge_l,492,reward_mean,0.783143,0.015946,3
rouge_l,493,reward_mean,0.792258,0.005239,3
rouge_l,494,reward_mean,0.807328,0.006675,3
rouge_l,495,reward_mean,0.784889,0.00318,3
rouge_l,496,reward_mean,0.788445,0.01478,3
rouge_l,497,reward_mean,0.800239,0.030591,3
rouge_l,498,reward_mean,0.802499,0.003219,3
rouge_l,499,reward_mean,0.790357,0.014291,3
rouge_l,500,reward_mean,0.784335,0.026974,3
rouge_l,501,reward_mean,0.797217,0.016176,3
rouge_l,502,reward_mean,0.813279,0.010446,3
rouge_l,503,reward_mean,0.797302,0.008605,3
rouge_l,504,reward_mean,0.805444,0.001903,3
rouge_l,505,reward_mean,0.810082,0.025637,3
rouge_l,506,reward_mean,0.783391,0.014058,3
rouge_l,507,reward_mean,0.828685,0.015121,3
rouge_l,508,reward_mean,0.801313,0.005553,3
rouge_l,509,reward_mean,0.799469,0.003627,3
rouge_l,510,reward_mean,0.806881,0.002327,3
rouge_l,511,reward_mean,0.796644,0.00852,3
rouge_l,512,reward_mean,0.791154,0.016488,3
rouge_l,513,reward_mean,0.793553,0.025069,3
rouge_l,514,reward_mean,0.801392,0.017232,3
rouge_l,515,reward_mean,0.818668,0.012439,3
rouge_l,516,reward_mean,0.804556,0.015538,3
rouge_l,517,reward_mean,0.790799,0.012232,3
rouge_l,518,reward_mean,0.812436,0.00727,3
rouge_l,519,reward_mean,0.805559,0.006226,3
rouge_l,520,reward_mean,0.77834,0.006025,3
rouge_l,521,reward_mean,0.808591,0.005277,3
rouge_l,522,reward_mean,0.809524,0.013121,3
rouge_l,523,reward_mean,0.813979,0.006494,3
rouge_l,524,reward_mean,0.793863,0.023393,3
rouge_l,525,reward_mean,0.825083,0.011431,3
rouge_l,526,reward_mean,0.804141,0.030371,3
rouge_l,527,reward_mean,0.811419,0.011757,3
rouge_l,528,reward_mean,0.803269,0.005203,3
rouge_l,529,reward_mean,0.798176,0.014435,3
rouge_l,530,reward_mean,0.806782,0.019147,3
rouge_l,531,reward_mean,0.8039,0.00112,3
rouge_l,532,reward_mean,0.812144,0.016781,3
rouge_l,533,reward_mean,0.815245,0.015399,3
rouge_l,534,reward_mean,0.795184,0.01143,3
rouge_l,535,reward_mean,0.804485,0.007241,3
rouge_l,536,reward_mean,0.787099,0.007517,3
rouge_l,537,reward_mean,0.80069,0.017172,3
rouge_l,538,reward_mean,0.806494,0.010219,3
rouge_l,539,reward_mean,0.813256,0.010488,3
rouge_l,540,reward_mean,0.821074,0.021435,3
rouge_l,541,reward_mean,0.801475,0.011119,3
rouge_l,542,reward_mean,0.820823,0.027575,3
rouge_l,543,reward_mean,0.789963,0.014707,3
rouge_l,544,reward_mean,0.79259,0.012545,3
rouge_l,545,reward_mean,0.817607,0.007133,3
rouge_l,546,reward_mean,0.802549,0.009696,3
rouge_l,547,reward_mean,0.799885,0.014979,3
rouge_l,548,reward_mean,0.786933,0.007859,3
rouge_l,549,reward_mean,0.800785,0.011602,3
rouge_l,550,reward_mean,0.79881,0.005718,3
rouge_l,551,reward_mean,0.811129,0.012981,3
rouge_l,552,reward_mean,0.795162,0.005625,3
rouge_l,553,reward_mean,0.787044,0.009445,3
rouge_l,554,reward_mean,0.80973,0.029605,3
rouge_l,555,reward_mean,0.812191,0.001977,3
rouge_l,556,reward_mean,0.824478,0.005743,3
rouge_l,557,reward_mean,0.803179,0.009746,3
rouge_l,558,reward_mean,0.806575,0.014322,3
rouge_l,559,reward_mean,0.792007,0.013697,3
rouge_l,560,reward_mean,0.79947,0.007876,3
rouge_l,561,reward_mean,0.795468,0.003229,3
rouge_l,562,reward_mean,0.79448,0.013434,3
rouge_l,563,reward_mean,0.791693,0.013943,3
rouge_l,564,reward_mean,0.791543,0.012069,3
rouge_l,565,reward_mean,0.830403,0.005536,3
rouge_l,566,reward_mean,0.812404,0.002439,3
rouge_l,567,reward_mean,0.792445,0.027775,3
rouge_l,568,reward_mean,0.802538,0.005663,3
rouge_l,569,reward_mean,0.809457,0.009612,3
rouge_l,570,reward_mean,0.815277,0.006228,3
rouge_l,571,reward_mean,0.814052,0.024911,3
rouge_l,572,reward_mean,0.80631,0.022888,3
rouge_l,573,reward_mean,0.816516,0.010501,3
rouge_l,574,reward_mean,0.803067,0.007358,3
rouge_l,575,reward_mean,0.806008,0.013461,3
rouge_l,576,reward_mean,0.801552,0.003698,3
rouge_l,577,reward_mean,0.805755,0.014012,3
rouge_l,578,reward_mean,0.773397,0.026154,3
rouge_l,579,reward_mean,0.80955,0.0023,3
rouge_l,580,reward_mean,0.81497,0.015823,3
rouge_l,581,reward_mean,0.793731,0.00645,3
rouge_l,582,reward_mean,0.810046,0.006266,3
rouge_l,583,reward_mean,0.792318,0.003337,3
rouge_l,584,reward_mean,0.80922,0.006986,3
rouge_l,585,reward_mean,0.806092,0.014901,3
rouge_l,586,reward_mean,0.801744,0.013505,3
rouge_l,587,reward_mean,0.814635,0.008948,3
rouge_l,588,reward_mean,0.801339,0.006081,3
rouge_l,589,reward_mean,0.818345,0.009847,3
rouge_l,590,reward_mean,0.80439,0.011321,3
rouge_l,591,reward_mean,0.779905,0.005432,3
rouge_l,592,reward_mean,0.794085,0.011374,3
rouge_l,593,reward_mean,0.810789,0.016081,3
rouge_l,594,reward_mean,0.814178,0.011186,3
rouge_l,595,reward_mean,0.796642,0.019345,3
rouge_l,596,reward_mean,0.812515,0.007537,3
rouge_l,597,reward_mean,0.821957,0.016464,3
rouge_l,598,reward_mean,0.79532,0.010846,3
rouge_l,599,reward_mean,0.811784,0.013517,3
rouge_l,600,reward_mean,0.788546,0.005685,3
rouge_l,601,reward_mean,0.816306,0.020266,3
rouge_l,602,reward_mean,0.79972,0.010642,3
rouge_l,603,reward_mean,0.789768,0.005493,3
rouge_l,604,reward_mean,0.810561,0.003418,3
rouge_l,605,reward_mean,0.819529,0.011315,3
rouge_l,606,reward_mean,0.81149,0.028135,3
rouge_l,607,reward_mean,0.810527,0.008053,3
rouge_l,608,reward_mean,0.817363,0.016483,3
rouge_l,609,reward_mean,0.798572,0.003769,3
rouge_l,610,reward_mean,0.804771,0.014812,3
rouge_l,611,reward_mean,0.809737,0.007254,3
rouge_l,612,reward_mean,0.791791,0.016012,3
rouge_l,613,reward_mean,0.795296,0.007255,3
rouge_l,614,reward_mean,0.811001,0.016475,3
rouge_l,615,reward_mean,0.834249,0.014359,3
rouge_l,616,reward_mean,0.81305,0.012904,3
rouge_l,617,reward_mean,0.824348,0.017377,3
rouge_l,618,reward_mean,0.822211,0.021982,3
rouge_l,619,reward_mean,0.822839,0.018896,3
rouge_l,620,reward_mean,0.831177,0.002621,3
rouge_l,621,reward_mean,0.811872,0.001922,3
rouge_l,622,reward_mean,0.812311,0.016399,3
rouge_l,623,reward_mean,0.801927,0.013895,3
rouge_l,624,reward_mean,0.795351,0.019294,3
rouge_l,625,reward_mean,0.792063,0.002549,3
rouge_l,626,reward_mean,0.817301,0.00964,3
rouge_l,627,reward_mean,0.818956,0.008824,3
rouge_l,628,reward_mean,0.818018,0.013522,3
rouge_l,629,reward_mean,0.812194,0.005918,3
rouge_l,630,reward_mean,0.819204,0.008814,3
rouge_l,631,reward_mean,0.818259,0.017578,3
rouge_l,632,reward_mean,0.81203,0.010263,3
rouge_l,633,reward_mean,0.809788,0.017443,3
rouge_l,634,reward_mean,0.810096,0.011626,3
rouge_l,635,reward_mean,0.795698,0.008219,3
rouge_l,636,reward_mean,0.819585,0.00733,3
rouge_l,637,reward_mean,0.832258,0.007622,3
rouge_l,638,reward_mean,0.818756,0.008109,3
rouge_l,639,reward_mean,0.812397,0.014188,3
rouge_l,640,reward_mean,0.806072,0.008881,3
rouge_l,641,reward_mean,0.799599,0.010393,3
rouge_l,642,reward_mean,0.811135,0.009724,3
rouge_l,643,reward_mean,0.825819,0.002554,3
rouge_l,644,reward_mean,0.793056,0.011923,3
rouge_l,645,reward_mean,0.809763,0.019608,3
rouge_l,646,reward_mean,0.810553,0.011815,3
rouge_l,647,reward_mean,0.819216,0.008179,3
rouge_l,648,reward_mean,0.805823,0.009361,3
rouge_l,649,reward_mean,0.807341,0.00847,3
rouge_l,650,reward_mean,0.803044,0.008709,3
rouge_l,651,reward_mean,0.803632,0.003556,3
rouge_l,652,reward_mean,0.823772,0.012065,3
rouge_l,653,reward_mean,0.802431,0.007888,3
rouge_l,654,reward_mean,0.801431,0.009573,3
rouge_l,655,reward_mean,0.806003,0.010252,3
rouge_l,656,reward_mean,0.808994,0.006535,3
rouge_l,657,reward_mean,0.801901,0.009857,3
rouge_l,658,reward_mean,0.81017,0.002004,3
rouge_l,659,reward_mean,0.801997,0.017087,3
rouge_l,660,reward_mean,0.821821,0.0157,3
rouge_l,661,reward_mean,0.804325,0.006309,3
rouge_l,662,reward_mean,0.819183,0.018114,3
rouge_l,663,reward_mean,0.809004,0.00978,3
rouge_l,664,reward_mean,0.809324,0.033171,3
rouge_l,665,reward_mean,0.810646,0.007213,3
rouge_l,666,reward_mean,0.818093,0.017871,3
rouge_l,667,reward_mean,0.816715,0.016019,3
rouge_l,668,reward_mean,0.817985,0.030618,3
rouge_l,669,reward_mean,0.814725,0.010295,3
rouge_l,670,reward_mean,0.820423,0.014909,3
rouge_l,671,reward_mean,0.806253,0.019509,3
rouge_l,672,reward_mean,0.810368,0.015289,3
rouge_l,673,reward_mean,0.813466,0.02471,3
rouge_l,674,reward_mean,0.818972,0.012466,3
rouge_l,675,reward_mean,0.801898,0.016423,3
rouge_l,676,reward_mean,0.807755,0.023361,3
rouge_l,677,reward_mean,0.812338,0.013741,3
rouge_l,678,reward_mean,0.819983,0.004225,3
rouge_l,679,reward_mean,0.798977,0.003381,3
rouge_l,680,reward_mean,0.811161,0.009687,3
rouge_l,681,reward_mean,0.803671,0.008253,3
rouge_l,682,reward_mean,0.81639,0.010395,3
rouge_l,683,reward_mean,0.817327,0.01004,3
rouge_l,684,reward_mean,0.799092,0.017019,3
rouge_l,685,reward_mean,0.803049,0.023573,3
rouge_l,686,reward_mean,0.807425,0.030392,3
rouge_l,687,reward_mean,0.816897,0.010123,3
rouge_l,688,reward_mean,0.805643,0.037929,3
rouge_l,689,reward_mean,0.809351,0.01391,3
rouge_l,690,reward_mean,0.821965,0.013465,3
rouge_l,691,reward_mean,0.812187,0.004282,3
rouge_l,692,reward_mean,0.815799,0.005547,3
rouge_l,693,reward_mean,0.81454,0.002097,3
rouge_l,694,reward_mean,0.821677,0.010511,3
rouge_l,695,reward_mean,0.817955,0.01516,3
rouge_l,696,reward_mean,0.807078,0.002229,3
rouge_l,697,reward_mean,0.814347,0.005441,3
rouge_l,698,reward_mean,0.819622,0.014039,3
rouge_l,699,reward_mean,0.806423,0.00388,3
rouge_l,700,reward_mean,0.828322,0.007114,3
rouge_l,701,reward_mean,0.804702,0.010819,3
rouge_l,702,reward_mean,0.818219,0.014468,3
rouge_l,703,reward_mean,0.798991,0.013369,3
rouge_l,704,reward_mean,0.81045,0.009026,3
rouge_l,705,reward_mean,0.800839,0.020082,3
rouge_l,706,reward_mean,0.800169,0.013231,3
rouge_l,707,reward_mean,0.816161,0.010363,3
rouge_l,708,reward_mean,0.814878,0.01603,3
rouge_l,709,reward_mean,0.792416,0.015901,3
rouge_l,710,reward_mean,0.816278,0.006872,3
rouge_l,711,reward_mean,0.812897,0.020395,3
rouge_l,712,reward_mean,0.802846,0.011885,3
rouge_l,713,reward_mean,0.830123,0.014296,3
rouge_l,714,reward_mean,0.815117,0.018174,3
rouge_l,715,reward_mean,0.827105,0.015085,3
rouge_l,716,reward_mean,0.820505,0.007398,3
rouge_l,717,reward_mean,0.818918,0.008496,3
rouge_l,718,reward_mean,0.805491,0.007069,3
rouge_l,719,reward_mean,0.820405,0.001326,3
rouge_l,720,reward_mean,0.808705,0.000338,3
rouge_l,721,reward_mean,0.794147,0.010182,3
rouge_l,722,reward_mean,0.833946,0.004831,3
rouge_l,723,reward_mean,0.810544,0.006572,3
rouge_l,724,reward_mean,0.797735,0.013561,3
rouge_l,725,reward_mean,0.804957,0.006626,3
rouge_l,726,reward_mean,0.829632,0.008588,3
rouge_l,727,reward_mean,0.822874,0.011036,3
rouge_l,728,reward_mean,0.8287,0.0019,3
rouge_l,729,reward_mean,0.819975,0.006221,3
rouge_l,730,reward_mean,0.810558,0.007959,3
rouge_l,731,reward_mean,0.813654,0.025985,3
rouge_l,732,reward_mean,0.817571,0.005778,3
rouge_l,733,reward_mean,0.821292,0.009127,3
rouge_l,734,reward_mean,0.809488,0.01345,3
rouge_l,735,reward_mean,0.828105,0.016217,3
rouge_l,736,reward_mean,0.819116,0.015997,3
rouge_l,737,reward_mean,0.802643,0.017996,3
rouge_l,738,reward_mean,0.827274,0.008658,3
rouge_l,739,reward_mean,0.820201,0.013907,3
rouge_l,740,reward_mean,0.804776,0.013017,3
rouge_l,741,reward_mean,0.807883,0.004817,3
rouge_l,742,reward_mean,0.81889,0.011395,3
rouge_l,743,reward_mean,0.816913,0.007149,3
rouge_l,744,reward_mean,0.819623,0.018683,3
rouge_l,745,reward_mean,0.824416,0.011865,3
rouge_l,746,reward_mean,0.830396,0.004126,3
rouge_l,747,reward_mean,0.813505,0.002546,3
rouge_l,748,reward_mean,0.814497,0.00819,3
rouge_l,749,reward_mean,0.821003,0.006555,3
rouge_l,750,reward_mean,0.819749,0.017697,3
rouge_l,751,reward_mean,0.828012,0.015783,3
rouge_l,752,reward_mean,0.812116,0.010227,3
rouge_l,753,reward_mean,0.828674,0.008307,3
rouge_l,754,reward_mean,0.839235,0.01348,3
rouge_l,755,reward_mean,0.825661,0.008084,3
rouge_l,756,reward_mean,0.830931,0.007538,3
rouge_l,757,reward_mean,0.837119,0.007503,3
rouge_l,758,reward_mean,0.828152,0.006512,3
rouge_l,759,reward_mean,0.801238,0.013321,3
rouge_l,760,reward_mean,0.822328,0.026711,3
rouge_l,761,reward_mean,0.824351,0.004496,3
rouge_l,762,reward_mean,0.832693,0.009153,3
rouge_l,763,reward_mean,0.821245,0.012124,3
rouge_l,764,reward_mean,0.829004,0.015175,3
rouge_l,765,reward_mean,0.834911,0.016508,3
rouge_l,766,reward_mean,0.815985,0.007029,3
rouge_l,767,reward_mean,0.813792,0.008799,3
rouge_l,768,reward_mean,0.812312,0.018839,3
rouge_l,769,reward_mean,0.812006,0.014174,3
rouge_l,770,reward_mean,0.821013,0.012819,3
rouge_l,771,reward_mean,0.802853,0.011182,3
rouge_l,772,reward_mean,0.822895,0.008658,3
rouge_l,773,reward_mean,0.822199,0.01585,3
rouge_l,774,reward_mean,0.830818,0.023015,3
rouge_l,775,reward_mean,0.825052,0.017254,3
rouge_l,776,reward_mean,0.83258,0.015116,3
rouge_l,777,reward_mean,0.818068,0.017791,3
rouge_l,778,reward_mean,0.817663,0.002409,3
rouge_l,779,reward_mean,0.830882,0.014645,3
rouge_l,780,reward_mean,0.822597,0.011984,3
rouge_l,781,reward_mean,0.823076,0.006626,3
rouge_l,782,reward_mean,0.807115,0.018128,3
rouge_l,783,reward_mean,0.821197,0.01641,3
rouge_l,784,reward_mean,0.823806,0.011853,3
rouge_l,785,reward_mean,0.824607,0.010224,3
rouge_l,786,reward_mean,0.808827,0.016367,3
rouge_l,787,reward_mean,0.820498,0.018487,3
rouge_l,788,reward_mean,0.823959,0.008892,3
rouge_l,789,reward_mean,0.828772,0.018573,3
rouge_l,790,reward_mean,0.828218,0.026086,3
rouge_l,791,reward_mean,0.844649,0.027358,3
rouge_l,792,reward_mean,0.820409,0.016752,3
rouge_l,793,reward_mean,0.827727,0.005615,3
rouge_l,794,reward_mean,0.806607,0.028024,3
rouge_l,795,reward_mean,0.827516,0.011384,3
rouge_l,796,reward_mean,0.823557,0.011985,3
rouge_l,797,reward_mean,0.816516,0.02663,3
rouge_l,798,reward_mean,0.807731,0.01416,3
rouge_l,799,reward_mean,0.819111,0.017915,3
rouge_l,800,reward_mean,0.817478,0.006849,3
rouge_l,801,reward_mean,0.81716,0.01057,3
rouge_l,802,reward_mean,0.818653,0.005664,3
rouge_l,803,reward_mean,0.809109,0.004902,3
rouge_l,804,reward_mean,0.818978,0.014736,3
rouge_l,805,reward_mean,0.821062,0.025664,3
rouge_l,806,reward_mean,0.815831,0.032817,3
rouge_l,807,reward_mean,0.830962,0.006835,3
rouge_l,808,reward_mean,0.831117,0.008774,3
rouge_l,809,reward_mean,0.816252,0.005376,3
rouge_l,810,reward_mean,0.828674,0.01113,3
rouge_l,811,reward_mean,0.830273,0.016297,3
rouge_l,812,reward_mean,0.808605,0.012252,3
rouge_l,813,reward_mean,0.810588,0.010227,3
rouge_l,814,reward_mean,0.818877,0.007885,3
rouge_l,815,reward_mean,0.808141,0.00136,3
rouge_l,816,reward_mean,0.807662,0.011923,3
rouge_l,817,reward_mean,0.825153,0.032899,3
rouge_l,818,reward_mean,0.807208,0.009284,3
rouge_l,819,reward_mean,0.817929,0.007534,3
rouge_l,820,reward_mean,0.81835,0.029993,3
rouge_l,821,reward_mean,0.829828,0.003112,3
rouge_l,822,reward_mean,0.835351,0.010878,3
rouge_l,823,reward_mean,0.828515,0.015012,3
rouge_l,824,reward_mean,0.828281,0.019309,3
rouge_l,825,reward_mean,0.835012,0.001813,3
rouge_l,826,reward_mean,0.840193,0.002355,3
rouge_l,827,reward_mean,0.830768,0.015823,3
rouge_l,828,reward_mean,0.824688,0.008123,3
rouge_l,829,reward_mean,0.824131,0.010804,3
rouge_l,830,reward_mean,0.833774,0.006992,3
rouge_l,831,reward_mean,0.826511,0.018816,3
rouge_l,832,reward_mean,0.80809,0.012621,3
rouge_l,833,reward_mean,0.830766,0.01274,3
rouge_l,834,reward_mean,0.815474,0.023651,3
rouge_l,835,reward_mean,0.825685,0.005639,3
rouge_l,836,reward_mean,0.817406,0.012194,3
rouge_l,837,reward_mean,0.822516,0.02023,3
rouge_l,838,reward_mean,0.82119,0.025307,3
rouge_l,839,reward_mean,0.820386,0.015818,3
rouge_l,840,reward_mean,0.838239,0.02166,3
rouge_l,841,reward_mean,0.82362,0.008905,3
rouge_l,842,reward_mean,0.826931,0.004797,3
rouge_l,843,reward_mean,0.821788,0.019761,3
rouge_l,844,reward_mean,0.812828,0.030577,3
rouge_l,845,reward_mean,0.827802,0.00884,3
rouge_l,846,reward_mean,0.828597,0.005354,3
rouge_l,847,reward_mean,0.824214,0.005296,3
rouge_l,848,reward_mean,0.824515,0.006831,3
rouge_l,849,reward_mean,0.832191,0.013026,3
rouge_l,850,reward_mean,0.82016,0.017077,3
rouge_l,851,reward_mean,0.837275,0.013647,3
rouge_l,852,reward_mean,0.813266,0.012087,3
rouge_l,853,reward_mean,0.820588,0.023027,3
rouge_l,854,reward_mean,0.819024,0.008916,3
rouge_l,855,reward_mean,0.827404,0.012182,3
rouge_l,856,reward_mean,0.832015,0.00827,3
rouge_l,857,reward_mean,0.823801,0.013124,3
rouge_l,858,reward_mean,0.802215,0.014835,3
rouge_l,859,reward_mean,0.836203,0.002892,3
rouge_l,860,reward_mean,0.8276,0.000811,3
rouge_l,861,reward_mean,0.831551,0.016192,3
rouge_l,862,reward_mean,0.818869,0.019483,3
rouge_l,863,reward_mean,0.81325,0.006241,3
rouge_l,864,reward_mean,0.812632,0.006914,3
rouge_l,865,reward_mean,0.834612,0.008858,3
rouge_l,866,reward_mean,0.822943,0.010382,3
rouge_l,867,reward_mean,0.823602,0.006803,3
rouge_l,868,reward_mean,0.825922,0.012523,3
rouge_l,869,reward_mean,0.811414,0.007439,3
rouge_l,870,reward_mean,0.82541,0.010726,3
rouge_l,871,reward_mean,0.835514,0.007239,3
rouge_l,872,reward_mean,0.809264,0.012438,3
rouge_l,873,reward_mean,0.82407,0.01354,3
rouge_l,874,reward_mean,0.819719,0.016452,3
rouge_l,875,reward_mean,0.812722,0.006433,3
rouge_l,876,reward_mean,0.831606,0.008258,3
rouge_l,877,reward_mean,0.81719,0.013893,3
rouge_l,878,reward_mean,0.821436,0.009211,3
rouge_l,879,reward_mean,0.824837,0.017318,3
rouge_l,880,reward_mean,0.82678,0.009748,3
rouge_l,881,reward_mean,0.818289,0.023597,3
rouge_l,882,reward_mean,0.812141,0.012298,3
rouge_l,883,reward_mean,0.825275,0.007955,3
rouge_l,884,reward_mean,0.835972,0.007784,3
rouge_l,885,reward_mean,0.822564,0.008382,3
rouge_l,886,reward_mean,0.81502,0.022855,3
rouge_l,887,reward_mean,0.830729,0.020018,3
rouge_l,888,reward_mean,0.81156,0.009298,3
rouge_l,889,reward_mean,0.830817,0.014896,3
rouge_l,890,reward_mean,0.828495,0.011345,3
rouge_l,891,reward_mean,0.852528,0.016675,3
rouge_l,892,reward_mean,0.825518,0.007155,3
rouge_l,893,reward_mean,0.819227,0.029257,3
rouge_l,894,reward_mean,0.817985,0.017307,3
rouge_l,895,reward_mean,0.834567,0.014978,3
rouge_l,896,reward_mean,0.817403,0.009429,3
rouge_l,897,reward_mean,0.830365,0.017472,3
rouge_l,898,reward_mean,0.820052,0.0058,3
rouge_l,899,reward_mean,0.81951,0.003776,3
rouge_l,900,reward_mean,0.790615,0.003418,3
rouge_l,901,reward_mean,0.818612,0.007116,3
rouge_l,902,reward_mean,0.81529,0.012825,3
rouge_l,903,reward_mean,0.817919,0.012862,3
rouge_l,904,reward_mean,0.820406,0.005904,3
rouge_l,905,reward_mean,0.822427,0.018415,3
rouge_l,906,reward_mean,0.80545,0.006448,3
rouge_l,907,reward_mean,0.841922,0.020942,3
rouge_l,908,reward_mean,0.837831,0.01749,3
rouge_l,909,reward_mean,0.818018,0.001146,3
rouge_l,910,reward_mean,0.828492,0.02103,3
rouge_l,911,reward_mean,0.826155,0.003824,3
rouge_l,912,reward_mean,0.820187,0.011086,3
rouge_l,913,reward_mean,0.82912,0.003935,3
rouge_l,914,reward_mean,0.808501,0.023486,3
rouge_l,915,reward_mean,0.823252,0.008055,3
rouge_l,916,reward_mean,0.82286,0.024146,3
rouge_l,917,reward_mean,0.817928,0.012254,3
rouge_l,918,reward_mean,0.824464,0.011749,3
rouge_l,919,reward_mean,0.834489,0.008239,3
rouge_l,920,reward_mean,0.834426,0.032196,3
rouge_l,921,reward_mean,0.836427,0.020096,3
rouge_l,922,reward_mean,0.818984,0.019783,3
rouge_l,923,reward_mean,0.82578,0.008387,3
rouge_l,924,reward_mean,0.822455,0.009073,3
rouge_l,925,reward_mean,0.828978,0.007121,3
rouge_l,926,reward_mean,0.834206,0.012924,3
rouge_l,927,reward_mean,0.827252,0.025285,3
rouge_l,928,reward_mean,0.834706,0.019363,3
rouge_l,929,reward_mean,0.840993,0.006694,3
rouge_l,930,reward_mean,0.826708,0.007846,3
rouge_l,931,reward_mean,0.822346,0.019279,3
rouge_l,932,reward_mean,0.831476,0.010868,3
rouge_l,933,reward_mean,0.8337,0.007385,3
rouge_l,934,reward_mean,0.838415,0.015029,3
rouge_l,935,reward_mean,0.8281,0.008733,3
rouge_l,936,reward_mean,0.834593,0.004125,3
rouge_l,937,reward_mean,0.812791,0.02832,3
rouge_l,938,reward_mean,0.822946,0.010782,3
rouge_l,939,reward_mean,0.813175,0.019951,3
rouge_l,940,reward_mean,0.815461,0.014882,3
rouge_l,941,reward_mean,0.828461,0.01677,3
rouge_l,942,reward_mean,0.8186,0.009825,3
rouge_l,943,reward_mean,0.828746,0.012126,3
rouge_l,944,reward_mean,0.836392,0.011715,3
rouge_l,945,reward_mean,0.836059,0.012339,3
rouge_l,946,reward_mean,0.828334,0.007342,3
rouge_l,947,reward_mean,0.814637,0.01846,3
rouge_l,948,reward_mean,0.818406,0.004736,3
rouge_l,949,reward_mean,0.835606,0.018743,3
rouge_l,950,reward_mean,0.824694,0.00628,3
rouge_l,951,reward_mean,0.832595,0.012088,3
rouge_l,952,reward_mean,0.836701,0.015422,3
rouge_l,953,reward_mean,0.830226,0.014999,3
rouge_l,954,reward_mean,0.804075,0.015965,3
rouge_l,955,reward_mean,0.831543,0.013489,3
rouge_l,956,reward_mean,0.833108,0.013143,3
rouge_l,957,reward_mean,0.824209,0.002363,3
rouge_l,958,reward_mean,0.826254,0.012077,3
rouge_l,959,reward_mean,0.832505,0.004839,3
rouge_l,960,reward_mean,0.839878,0.007428,3
rouge_l,961,reward_mean,0.848184,0.008975,3
rouge_l,962,reward_mean,0.835813,0.01309,3
rouge_l,963,reward_mean,0.835809,0.005213,3
rouge_l,964,reward_mean,0.828978,0.005905,3
rouge_l,965,reward_mean,0.828931,0.013797,3
rouge_l,966,reward_mean,0.847676,0.004991,3
rouge_l,967,reward_mean,0.822785,0.014348,3
rouge_l,968,reward_mean,0.824831,0.010842,3
rouge_l,969,reward_mean,0.821775,0.00753,3
rouge_l,970,reward_mean,0.841291,0.018683,3
rouge_l,971,reward_mean,0.834418,0.021843,3
rouge_l,972,reward_mean,0.825841,0.016419,3
rouge_l,973,reward_mean,0.8346,0.017341,3
rouge_l,974,reward_mean,0.845803,0.015401,3
rouge_l,975,reward_mean,0.840152,0.015116,3
rouge_l,976,reward_mean,0.829846,0.009912,3
rouge_l,977,reward_mean,0.833601,0.004192,3
rouge_l,978,reward_mean,0.833613,0.008721,3
rouge_l,979,reward_mean,0.822304,0.005037,3
rouge_l,980,reward_mean,0.840814,0.020045,3
rouge_l,981,reward_mean,0.829056,0.003167,3
rouge_l,982,reward_mean,0.83416,0.025652,3
rouge_l,983,reward_mean,0.84501,0.011196,3
rouge_l,984,reward_mean,0.829819,0.014793,3
rouge_l,985,reward_mean,0.811097,0.02245,3
rouge_l,986,reward_mean,0.828688,0.016322,3
rouge_l,987,reward_mean,0.821344,0.0125,3
rouge_l,988,reward_mean,0.833576,0.016051,3
rouge_l,989,reward_mean,0.829935,0.005648,3
rouge_l,990,reward_mean,0.829873,0.004175,3
rouge_l,991,reward_mean,0.832594,0.022529,3
rouge_l,992,reward_mean,0.823557,0.015013,3
rouge_l,993,reward_mean,0.84082,0.006419,3
rouge_l,994,reward_mean,0.818864,0.003027,3
rouge_l,995,reward_mean,0.824847,0.011403,3
rouge_l,996,reward_mean,0.825869,0.014978,3
rouge_l,997,reward_mean,0.816519,0.016162,3
rouge_l,998,reward_mean,0.810895,0.011008,3
rouge_l,999,reward_mean,0.818284,0.010696,3
rouge_l,0,kl_to_reference,0.0,0.0,3
rouge_l,1,kl_to_reference,0.004261,0.001089,3
rouge_l,2,kl_to_reference,0.01198,0.002701,3
rouge_l,3,kl_to_reference,0.021259,0.001177,3
rouge_l,4,kl_to_reference,0.03099,0.009597,3
rouge_l,5,kl_to_reference,0.036073,0.005116,3
rouge_l,6,kl_to_reference,0.040672,0.007369,3
rouge_l,7,kl_to_reference,0.044627,0.012009,3
rouge_l,8,kl_to_reference,0.05174,0.011731,3
rouge_l,9,kl_to_reference,0.045836,0.011067,3
rouge_l,10,kl_to_reference,0.054851,0.013114,3
rouge_l,11,kl_to_reference,0.052723,0.010223,3
rouge_l,12,kl_to_reference,0.053334,0.011489,3
rouge_l,13,kl_to_reference,0.054296,0.007011,3
rouge_l,14,kl_to_reference,0.058901,0.011314,3
rouge_l,15,kl_to_reference,0.052303,0.008205,3
rouge_l,16,kl_to_reference,0.053754,0.005528,3
rouge_l,17,kl_to_reference,0.056533,0.011489,3
rouge_l,18,kl_to_reference,0.056399,0.017465,3
rouge_l,19,kl_to_reference,0.058657,0.012521,3
rouge_l,20,kl_to_reference,0.056161,0.012089,3
rouge_l,21,kl_to_reference,0.052307,0.013066,3
rouge_l,22,kl_to_reference,0.055615,0.011119,3
rouge_l,23,kl_to_reference,0.052902,0.010703,3
rouge_l,24,kl_to_reference,0.05448,0.00602,3
rouge_l,25,kl_to_reference,0.056577,0.012907,3
rouge_l,26,kl_to_reference,0.053549,0.01676,3
rouge_l,27,kl_to_reference,0.05534,0.008752,3
rouge_l,28,kl_to_reference,0.054136,0.00868,3
rouge_l,29,kl_to_reference,0.054591,0.010545,3
rouge_l,30,kl_to_reference,0.055218,0.008379,3
rouge_l,31,kl_to_reference,0.056096,0.008724,3
rouge_l,32,kl_to_reference,0.059253,0.009032,3
rouge_l,33,kl_to_reference,0.062107,0.012959,3
rouge_l,34,kl_to_reference,0.061567,0.0064,3
rouge_l,35,kl_to_reference,0.061215,0.002011,3
rouge_l,36,kl_to_reference,0.067577,0.007181,3
rouge_l,37,kl_to_reference,0.065616,0.005626,3
rouge_l,38,kl_to_reference,0.069011,0.007575,3
rouge_l,39,kl_to_reference,0.063596,0.003753,3
rouge_l,40,kl_to_reference,0.064002,0.002595,3
rouge_l,41,kl_to_reference,0.060423,0.00385,3
rouge_l,42,kl_to_reference,0.059964,0.005417,3
rouge_l,43,kl_to_reference,0.065115,0.003959,3
rouge_l,44,kl_to_reference,0.069548,0.011335,3
rouge_l,45,kl_to_reference,0.066094,0.008696,3
rouge_l,46,kl_to_reference,0.068422,0.012291,3
rouge_l,47,kl_to_reference,0.063072,0.002947,3
rouge_l,48,kl_to_reference,0.069159,0.013314,3
rouge_l,49,kl_to_reference,0.067936,0.007776,3
rouge_l,50,kl_to_reference,0.067536,0.01521,3
rouge_l,51,kl_to_reference,0.071664,0.009266,3
rouge_l,52,kl_to_reference,0.067074,0.007368,3
rouge_l,53,kl_to_reference,0.067671,0.012007,3
rouge_l,54,kl_to_reference,0.06949,0.009009,3
rouge_l,55,kl_to_reference,0.072932,0.002334,3
rouge_l,56,kl_to_reference,0.067231,0.008714,3
rouge_l,57,kl_to_reference,0.067959,0.005624,3
rouge_l,58,kl_to_reference,0.064277,0.003716,3
rouge_l,59,kl_to_reference,0.063336,0.010642,3
rouge_l,60,kl_to_reference,0.063126,0.009716,3
rouge_l,61,kl_to_reference,0.070067,0.009007,3
rouge_l,62,kl_to_reference,0.069081,0.010561,3
rouge_l,63,kl_to_reference,0.071356,0.009765,3
rouge_l,64,kl_to_reference,0.06995,0.004934,3
rouge_l,65,kl_to_reference,0.066567,0.007277,3
rouge_l,66,kl_to_reference,0.070776,0.014762,3
rouge_l,67,kl_to_reference,0.072406,0.004523,3
rouge_l,68,kl_to_reference,0.066461,0.010191,3
rouge_l,69,kl_to_reference,0.069788,0.007517,3
rouge_l,70,kl_to_reference,0.068227,0.009021,3
rouge_l,71,kl_to_reference,0.066037,0.006692,3
rouge_l,72,kl_to_reference,0.064023,0.006501,3
rouge_l,73,kl_to_reference,0.065733,0.011722,3
rouge_l,74,kl_to_reference,0.072595,0.009967,3
rouge_l,75,kl_to_reference,0.063276,0.004721,3
rouge_l,76,kl_to_reference,0.069885,0.008511,3
rouge_l,77,kl_to_reference,0.069436,0.005136,3
rouge_l,78,kl_to_reference,0.063,0.005017,3
rouge_l,79,kl_to_reference,0.066583,0.007216,3
rouge_l,80,kl_to_reference,0.057441,0.000217,3
rouge_l,81,kl_to_reference,0.066768,0.002036,3
rouge_l,82,kl_to_reference,0.064945,0.007332,3
rouge_l,83,kl_to_reference,0.064124,0.005991,3
rouge_l,84,kl_to_reference,0.066295,0.00424,3
rouge_l,85,kl_to_reference,0.072507,0.002957,3
rouge_l,86,kl_to_reference,0.070291,0.009122,3
rouge_l,87,kl_to_reference,0.068522,0.006823,3
rouge_l,88,kl_to_reference,0.070285,0.007618,3
rouge_l,89,kl_to_reference,0.064035,0.0119,3
rouge_l,90,kl_to_reference,0.07347,0.004179,3
rouge_l,91,kl_to_reference,0.072618,0.003373,3
rouge_l,92,kl_to_reference,0.070484,0.002551,3
rouge_l,93,kl_to_reference,0.072129,0.004702,3
rouge_l,94,kl_to_reference,0.070305,0.006054,3
rouge_l,95,kl_to_reference,0.074536,0.005157,3
rouge_l,96,kl_to_reference,0.068234,0.004827,3
rouge_l,97,kl_to_reference,0.068346,0.005595,3
rouge_l,98,kl_to_reference,0.069138,0.001284,3
rouge_l,99,kl_to_reference,0.069324,0.002172,3
rouge_l,100,kl_to_reference,0.065217,0.004666,3
rouge_l,101,kl_to_reference,0.072445,0.003088,3
rouge_l,102,kl_to_reference,0.065094,0.004922,3
rouge_l,103,kl_to_reference,0.069582,0.004794,3
rouge_l,104,kl_to_reference,0.06987,0.00409,3
rouge_l,105,kl_to_reference,0.067066,0.000702,3
rouge_l,106,kl_to_reference,0.070524,0.000521,3
rouge_l,107,kl_to_reference,0.072845,0.003335,3
rouge_l,108,kl_to_reference,0.066467,0.008356,3
rouge_l,109,kl_to_reference,0.068877,0.000802,3
rouge_l,110,kl_to_reference,0.066319,0.003556,3
rouge_l,111,kl_to_reference,0.070206,0.005092,3
rouge_l,112,kl_to_reference,0.063772,0.004123,3
rouge_l,113,kl_to_reference,0.068004,0.004314,3
rouge_l,114,kl_to_reference,0.067396,0.002877,3
rouge_l,115,kl_to_reference,0.06573,0.002029,3
rouge_l,116,kl_to_reference,0.062502,0.004173,3
rouge_l,117,kl_to_reference,0.06815,0.003652,3
rouge_l,118,kl_to_reference,0.073972,0.009647,3
rouge_l,119,kl_to_reference,0.065567,0.001891,3
rouge_l,120,kl_to_reference,0.07271,0.008677,3
rouge_l,121,kl_to_reference,0.068952,0.006395,3
rouge_l,122,kl_to_reference,0.064931,0.008371,3
rouge_l,123,kl_to_reference,0.071233,0.007156,3
rouge_l,124,kl_to_reference,0.075465,0.002686,3
rouge_l,125,kl_to_reference,0.07457,0.004728,3
rouge_l,126,kl_to_reference,0.066212,0.002543,3
rouge_l,127,kl_to_reference,0.074221,0.004078,3
rouge_l,128,kl_to_reference,0.069807,0.00663,3
rouge_l,129,kl_to_reference,0.070311,0.001303,3
rouge_l,130,kl_to_reference,0.070413,0.002309,3
rouge_l,131,kl_to_reference,0.071559,0.003781,3
rouge_l,132,kl_to_reference,0.074455,0.00081,3
rouge_l,133,kl_to_reference,0.072153,0.005645,3
rouge_l,134,kl_to_reference,0.069878,0.005399,3
rouge_l,135,kl_to_reference,0.068821,0.008011,3
rouge_l,136,kl_to_reference,0.074608,0.003078,3
rouge_l,137,kl_to_reference,0.071555,0.0071,3
rouge_l,138,kl_to_reference,0.066867,0.004274,3
rouge_l,139,kl_to_reference,0.069105,0.005457,3
rouge_l,140,kl_to_reference,0.069306,0.001895,3
rouge_l,141,kl_to_reference,0.065787,0.000776,3
rouge_l,142,kl_to_reference,0.071361,0.006585,3
rouge_l,143,kl_to_reference,0.072907,0.006137,3
rouge_l,144,kl_to_reference,0.070146,0.006625,3
rouge_l,145,kl_to_reference,0.068622,0.004575,3
rouge_l,146,kl_to_reference,0.07296,0.007405,3
rouge_l,147,kl_to_reference,0.076365,0.005268,3
rouge_l,148,kl_to_reference,0.066939,0.005249,3
rouge_l,149,kl_to_reference,0.077806,0.003655,3
rouge_l,150,kl_to_reference,0.068373,0.002391,3
rouge_l,151,kl_to_reference,0.064712,0.00027,3
rouge_l,152,kl_to_reference,0.069369,0.005219,3
rouge_l,153,kl_to_reference,0.068096,0.004285,3
rouge_l,154,kl_to_reference,0.071362,0.004505,3
rouge_l,155,kl_to_reference,0.070821,0.001558,3
rouge_l,156,kl_to_reference,0.069403,0.008886,3
rouge_l,157,kl_to_reference,0.073428,0.003707,3
rouge_l,158,kl_to_reference,0.068844,0.006248,3
rouge_l,159,kl_to_reference,0.064579,0.00694,3
rouge_l,160,kl_to_reference,0.074544,0.005106,3
rouge_l,161,kl_to_reference,0.068214,0.002263,3
rouge_l,162,kl_to_reference,0.067043,0.00504,3
rouge_l,163,kl_to_reference,0.070908,0.002145,3
rouge_l,164,kl_to_reference,0.073602,0.00524,3
rouge_l,165,kl_to_reference,0.072784,0.00265,3
rouge_l,166,kl_to_reference,0.067988,0.003865,3
rouge_l,167,kl_to_reference,0.068443,0.000959,3
rouge_l,168,kl_to_reference,0.077033,0.00648,3
rouge_l,169,kl_to_reference,0.070376,0.002953,3
rouge_l,170,kl_to_reference,0.067834,0.004061,3
rouge_l,171,kl_to_reference,0.072293,0.004362,3
rouge_l,172,kl_to_reference,0.071796,0.003536,3
rouge_l,173,kl_to_reference,0.072318,0.003258,3
rouge_l,174,kl_to_reference,0.070041,0.007042,3
rouge_l,175,kl_to_reference,0.070901,0.003557,3
rouge_l,176,kl_to_reference,0.065341,0.001834,3
rouge_l,177,kl_to_reference,0.069171,0.008089,3
rouge_l,178,kl_to_reference,0.06918,0.001771,3
rouge_l,179,kl_to_reference,0.069857,0.003437,3
rouge_l,180,kl_to_reference,0.071098,0.006104,3
rouge_l,181,kl_to_reference,0.06956,0.009085,3
rouge_l,182,kl_to_reference,0.068456,0.003082,3
rouge_l,183,kl_to_reference,0.07672,0.002883,3
rouge_l,184,kl_to_reference,0.070217,0.002805,3
rouge_l,185,kl_to_reference,0.072797,0.000212,3
rouge_l,186,kl_to_reference,0.074401,0.002969,3
rouge_l,187,kl_to_reference,0.068782,0.005889,3
rouge_l,188,kl_to_reference,0.070719,0.011207,3
rouge_l,189,kl_to_reference,0.067908,0.003404,3
rouge_l,190,kl_to_reference,0.070822,0.00406,3
rouge_l,191,kl_to_reference,0.069124,0.001207,3
rouge_l,192,kl_to_reference,0.065354,0.00162,3
rouge_l,193,kl_to_reference,0.068026,0.004304,3
rouge_l,194,kl_to_reference,0.068176,0.000353,3
rouge_l,195,kl_to_reference,0.073799,0.0034,3
rouge_l,196,kl_to_reference,0.066843,0.004279,3
rouge_l,197,kl_to_reference,0.070746,0.005872,3
rouge_l,198,kl_to_reference,0.069382,0.010124,3
rouge_l,199,kl_to_reference,0.072567,0.007088,3
rouge_l,200,kl_to_reference,0.06635,0.003398,3
rouge_l,201,kl_to_reference,0.073644,0.006163,3
rouge_l,202,kl_to_reference,0.073354,0.004888,3
rouge_l,203,kl_to_reference,0.068697,0.003167,3
rouge_l,204,kl_to_reference,0.067584,0.004371,3
rouge_l,205,kl_to_reference,0.073239,0.007605,3
rouge_l,206,kl_to_reference,0.072855,0.007933,3
rouge_l,207,kl_to_reference,0.067325,0.001492,3
rouge_l,208,kl_to_reference,0.068755,0.008091,3
rouge_l,209,kl_to_reference,0.068293,0.006695,3
rouge_l,210,kl_to_reference,0.077124,0.009923,3
rouge_l,211,kl_to_reference,0.073509,0.004353,3
rouge_l,212,kl_to_reference,0.07146,0.008655,3
rouge_l,213,kl_to_reference,0.069776,0.002298,3
rouge_l,214,kl_to_reference,0.069895,0.005459,3
rouge_l,215,kl_to_reference,0.075063,0.003056,3
rouge_l,216,kl_to_reference,0.06891,0.006901,3
rouge_l,217,kl_to_reference,0.071862,0.007937,3
rouge_l,218,kl_to_reference,0.071878,0.00424,3
rouge_l,219,kl_to_reference,0.067684,0.003361,3
rouge_l,220,kl_to_reference,0.073069,0.001995,3
rouge_l,221,kl_to_reference,0.078045,0.004557,3
rouge_l,222,kl_to_reference,0.079341,0.008988,3
rouge_l,223,kl_to_reference,0.067633,0.004516,3
rouge_l,224,kl_to_reference,0.072396,0.008169,3
rouge_l,225,kl_to_reference,0.071085,0.005792,3
rouge_l,226,kl_to_reference,0.077857,0.00617,3
rouge_l,227,kl_to_reference,0.070102,0.003948,3
rouge_l,228,kl_to_reference,0.073247,0.008349,3
rouge_l,229,kl_to_reference,0.076524,0.00306,3
rouge_l,230,kl_to_reference,0.074979,0.004905,3
rouge_l,231,kl_to_reference,0.073738,0.003353,3
rouge_l,232,kl_to_reference,0.075952,0.003909,3
rouge_l,233,kl_to_reference,0.075617,0.001383,3
rouge_l,234,kl_to_reference,0.074915,0.001128,3
rouge_l,235,kl_to_reference,0.077403,0.004521,3
rouge_l,236,kl_to_reference,0.071215,0.004403,3
rouge_l,237,kl_to_reference,0.069505,0.006489,3
rouge_l,238,kl_to_reference,0.072531,0.005219,3
rouge_l,239,kl_to_reference,0.071608,0.004608,3
rouge_l,240,kl_to_reference,0.07105,0.003388,3
rouge_l,241,kl_to_reference,0.069286,0.005109,3
rouge_l,242,kl_to_reference,0.070816,0.006301,3
rouge_l,243,kl_to_reference,0.079631,0.001134,3
rouge_l,244,kl_to_reference,0.075563,0.001695,3
rouge_l,245,kl_to_reference,0.076854,0.005594,3
rouge_l,246,kl_to_reference,0.078258,0.006215,3
rouge_l,247,kl_to_reference,0.076521,0.00361,3
rouge_l,248,kl_to_reference,0.067345,0.006966,3
rouge_l,249,kl_to_reference,0.074194,0.007029,3
rouge_l,250,kl_to_reference,0.074265,0.002528,3
rouge_l,251,kl_to_reference,0.077508,0.005861,3
rouge_l,252,kl_to_reference,0.078893,0.006621,3
rouge_l,253,kl_to_reference,0.073704,0.003528,3
rouge_l,254,kl_to_reference,0.077128,0.00557,3
rouge_l,255,kl_to_reference,0.072646,0.00391,3
rouge_l,256,kl_to_reference,0.076071,0.003955,3
rouge_l,257,kl_to_reference,0.072828,0.006223,3
rouge_l,258,kl_to_reference,0.069701,0.004254,3
rouge_l,259,kl_to_reference,0.074957,0.006228,3
rouge_l,260,kl_to_reference,0.080434,0.008886,3
rouge_l,261,kl_to_reference,0.08049,0.004971,3
rouge_l,262,kl_to_reference,0.072416,0.007714,3
rouge_l,263,kl_to_reference,0.069375,0.003599,3
rouge_l,264,kl_to_reference,0.082889,0.005816,3
rouge_l,265,kl_to_reference,0.079152,0.002482,3
rouge_l,266,kl_to_reference,0.077388,0.004074,3
rouge_l,267,kl_to_reference,0.075477,0.004534,3
rouge_l,268,kl_to_reference,0.076609,0.009391,3
rouge_l,269,kl_to_reference,0.070035,0.005567,3
rouge_l,270,kl_to_reference,0.067497,0.003173,3
rouge_l,271,kl_to_reference,0.077874,0.006866,3
rouge_l,272,kl_to_reference,0.07487,0.007995,3
rouge_l,273,kl_to_reference,0.077826,0.002358,3
rouge_l,274,kl_to_reference,0.079677,0.005712,3
rouge_l,275,kl_to_reference,0.074995,0.006894,3
rouge_l,276,kl_to_reference,0.071536,0.005524,3
rouge_l,277,kl_to_reference,0.074826,0.002885,3
rouge_l,278,kl_to_reference,0.078461,0.006074,3
rouge_l,279,kl_to_reference,0.075896,0.006912,3
rouge_l,280,kl_to_reference,0.073267,0.003222,3
rouge_l,281,kl_to_reference,0.077481,0.006116,3
rouge_l,282,kl_to_reference,0.078018,0.005771,3
rouge_l,283,kl_to_reference,0.076854,0.006236,3
rouge_l,284,kl_to_reference,0.07467,0.001458,3
rouge_l,285,kl_to_reference,0.072579,0.002724,3
rouge_l,286,kl_to_reference,0.072005,0.006475,3
rouge_l,287,kl_to_reference,0.070141,0.004744,3
rouge_l,288,kl_to_reference,0.070183,0.004402,3
rouge_l,289,kl_to_reference,0.072348,0.002489,3
rouge_l,290,kl_to_reference,0.073017,0.004586,3
rouge_l,291,kl_to_reference,0.072391,0.003972,3
rouge_l,292,kl_to_reference,0.071232,0.005683,3
rouge_l,293,kl_to_reference,0.078529,0.005988,3
rouge_l,294,kl_to_reference,0.076351,0.003991,3
rouge_l,295,kl_to_reference,0.084129,0.002808,3
rouge_l,296,kl_to_reference,0.075147,0.007817,3
rouge_l,297,kl_to_reference,0.077629,0.00779,3
rouge_l,298,kl_to_reference,0.078074,0.003645,3
rouge_l,299,kl_to_reference,0.076087,0.008853,3
rouge_l,300,kl_to_reference,0.076372,0.003971,3
rouge_l,301,kl_to_reference,0.079174,0.001309,3
rouge_l,302,kl_to_reference,0.074446,0.005283,3
rouge_l,303,kl_to_reference,0.076605,0.004628,3
rouge_l,304,kl_to_reference,0.077212,0.003978,3
rouge_l,305,kl_to_reference,0.075505,0.005794,3
rouge_l,306,kl_to_reference,0.078446,0.002055,3
rouge_l,307,kl_to_reference,0.075435,0.004565,3
rouge_l,308,kl_to_reference,0.078279,0.005946,3
rouge_l,309,kl_to_reference,0.078255,0.004479,3
rouge_l,310,kl_to_reference,0.07687,0.006081,3
rouge_l,311,kl_to_reference,0.078203,0.007279,3
rouge_l,312,kl_to_reference,0.081344,0.007775,3
rouge_l,313,kl_to_reference,0.083487,0.004299,3
rouge_l,314,kl_to_reference,0.078301,0.005068,3
rouge_l,315,kl_to_reference,0.079274,0.00258,3
rouge_l,316,kl_to_reference,0.082168,0.002471,3
rouge_l,317,kl_to_reference,0.086145,0.009533,3
rouge_l,318,kl_to_reference,0.084246,0.007052,3
rouge_l,319,kl_to_reference,0.081434,0.000534,3
rouge_l,320,kl_to_reference,0.074851,0.004922,3
rouge_l,321,kl_to_reference,0.0772,0.004335,3
rouge_l,322,kl_to_reference,0.075566,0.003184,3
rouge_l,323,kl_to_reference,0.079124,0.006692,3
rouge_l,324,kl_to_reference,0.087287,0.003783,3
rouge_l,325,kl_to_reference,0.075725,0.005138,3
rouge_l,326,kl_to_reference,0.085071,0.004355,3
rouge_l,327,kl_to_reference,0.077389,0.001538,3
rouge_l,328,kl_to_reference,0.081697,0.008075,3
rouge_l,329,kl_to_reference,0.08389,0.006879,3
rouge_l,330,kl_to_reference,0.079646,0.007833,3
rouge_l,331,kl_to_reference,0.083937,0.005698,3
rouge_l,332,kl_to_reference,0.080663,0.003837,3
rouge_l,333,kl_to_reference,0.085839,0.007801,3
rouge_l,334,kl_to_reference,0.077087,0.00665,3
rouge_l,335,kl_to_reference,0.076096,0.00672,3
rouge_l,336,kl_to_reference,0.079994,0.004283,3
rouge_l,337,kl_to_reference,0.080805,0.011177,3
rouge_l,338,kl_to_reference,0.079537,0.00449,3
rouge_l,339,kl_to_reference,0.076687,0.009859,3
rouge_l,340,kl_to_reference,0.083195,0.007648,3
rouge_l,341,kl_to_reference,0.082558,0.009583,3
rouge_l,342,kl_to_reference,0.080367,0.005465,3
rouge_l,343,kl_to_reference,0.077967,0.001742,3
rouge_l,344,kl_to_reference,0.083023,0.008935,3
rouge_l,345,kl_to_reference,0.084903,0.007367,3
rouge_l,346,kl_to_reference,0.080049,0.00985,3
rouge_l,347,kl_to_reference,0.07626,0.003413,3
rouge_l,348,kl_to_reference,0.076034,0.008085,3
rouge_l,349,kl_to_reference,0.078525,0.008588,3
rouge_l,350,kl_to_reference,0.07916,0.006701,3
rouge_l,351,kl_to_reference,0.081517,0.005962,3
rouge_l,352,kl_to_reference,0.079244,0.007536,3
rouge_l,353,kl_to_reference,0.078479,0.004582,3
rouge_l,354,kl_to_reference,0.07576,0.006397,3
rouge_l,355,kl_to_reference,0.084083,0.010259,3
rouge_l,356,kl_to_reference,0.081106,0.01006,3
rouge_l,357,kl_to_reference,0.086818,0.00768,3
rouge_l,358,kl_to_reference,0.076295,0.002199,3
rouge_l,359,kl_to_reference,0.078364,0.008721,3
rouge_l,360,kl_to_reference,0.081059,0.004185,3
rouge_l,361,kl_to_reference,0.078953,0.010214,3
rouge_l,362,kl_to_reference,0.079893,0.001714,3
rouge_l,363,kl_to_reference,0.080226,0.004797,3
rouge_l,364,kl_to_reference,0.075552,0.006497,3
rouge_l,365,kl_to_reference,0.071329,0.010124,3
rouge_l,366,kl_to_reference,0.077131,0.009033,3
rouge_l,367,kl_to_reference,0.082312,0.009592,3
rouge_l,368,kl_to_reference,0.076493,0.003412,3
rouge_l,369,kl_to_reference,0.081854,0.005005,3
rouge_l,370,kl_to_reference,0.075736,0.003056,3
rouge_l,371,kl_to_reference,0.089525,0.005483,3
rouge_l,372,kl_to_reference,0.083207,0.006966,3
rouge_l,373,kl_to_reference,0.085218,0.004417,3
rouge_l,374,kl_to_reference,0.082826,0.003107,3
rouge_l,375,kl_to_reference,0.078468,0.011761,3
rouge_l,376,kl_to_reference,0.083109,0.006394,3
rouge_l,377,kl_to_reference,0.07909,0.005864,3
rouge_l,378,kl_to_reference,0.084404,0.005687,3
rouge_l,379,kl_to_reference,0.080727,0.00143,3
rouge_l,380,kl_to_reference,0.082916,0.005115,3
rouge_l,381,kl_to_reference,0.084395,0.005851,3
rouge_l,382,kl_to_reference,0.076064,0.002642,3
rouge_l,383,kl_to_reference,0.078454,0.004657,3
rouge_l,384,kl_to_reference,0.07975,0.007518,3
rouge_l,385,kl_to_reference,0.079506,0.003232,3
rouge_l,386,kl_to_reference,0.078605,0.004284,3
rouge_l,387,kl_to_reference,0.075003,0.005514,3
rouge_l,388,kl_to_reference,0.083687,0.003949,3
rouge_l,389,kl_to_reference,0.0827,0.006572,3
rouge_l,390,kl_to_reference,0.077288,0.006615,3
rouge_l,391,kl_to_reference,0.079734,0.009352,3
rouge_l,392,kl_to_reference,0.078314,0.001075,3
rouge_l,393,kl_to_reference,0.082816,0.005621,3
rouge_l,394,kl_to_reference,0.079667,0.003325,3
rouge_l,395,kl_to_reference,0.077302,0.009439,3
rouge_l,396,kl_to_reference,0.081571,0.006192,3
rouge_l,397,kl_to_reference,0.076446,0.002696,3
rouge_l,398,kl_to_reference,0.078147,0.006229,3
rouge_l,399,kl_to_reference,0.078232,0.002952,3
rouge_l,400,kl_to_reference,0.074612,0.003448,3
rouge_l,401,kl_to_reference,0.073016,0.002901,3
rouge_l,402,kl_to_reference,0.084905,0.003146,3
rouge_l,403,kl_to_reference,0.076162,0.00209,3
rouge_l,404,kl_to_reference,0.078652,0.00311,3
rouge_l,405,kl_to_reference,0.084182,0.003282,3
rouge_l,406,kl_to_reference,0.086834,0.005967,3
rouge_l,407,kl_to_reference,0.085877,0.001708,3
rouge_l,408,kl_to_reference,0.083416,0.006683,3
rouge_l,409,kl_to_reference,0.082414,0.009624,3
rouge_l,410,kl_to_reference,0.088501,0.002442,3
rouge_l,411,kl_to_reference,0.08129,0.006818,3
rouge_l,412,kl_to_reference,0.073934,0.005573,3
rouge_l,413,kl_to_reference,0.080847,0.005799,3
rouge_l,414,kl_to_reference,0.083927,0.006343,3
rouge_l,415,kl_to_reference,0.083247,0.003678,3
rouge_l,416,kl_to_reference,0.08606,0.003134,3
rouge_l,417,kl_to_reference,0.075552,0.003108,3
rouge_l,418,kl_to_reference,0.084216,0.004656,3
rouge_l,419,kl_to_reference,0.07922,0.002507,3
rouge_l,420,kl_to_reference,0.077595,0.002127,3
rouge_l,421,kl_to_reference,0.082719,0.005382,3
rouge_l,422,kl_to_reference,0.080862,0.004856,3
rouge_l,423,kl_to_reference,0.087703,0.004196,3
rouge_l,424,kl_to_reference,0.080541,0.003802,3
rouge_l,425,kl_to_reference,0.0811,0.003744,3
rouge_l,426,kl_to_reference,0.083728,0.001107,3
rouge_l,427,kl_to_reference,0.078673,0.006032,3
rouge_l,428,kl_to_reference,0.07907,0.001022,3
rouge_l,429,kl_to_reference,0.086018,0.007231,3
rouge_l,430,kl_to_reference,0.083955,0.006713,3
rouge_l,431,kl_to_reference,0.0824,0.004353,3
rouge_l,432,kl_to_reference,0.081335,0.002135,3
rouge_l,433,kl_to_reference,0.080706,0.003473,3
rouge_l,434,kl_to_reference,0.078847,0.003956,3
rouge_l,435,kl_to_reference,0.082386,0.006859,3
rouge_l,436,kl_to_reference,0.079776,0.00131,3
rouge_l,437,kl_to_reference,0.08076,0.004049,3
rouge_l,438,kl_to_reference,0.079646,0.007468,3
rouge_l,439,kl_to_reference,0.079608,0.007027,3
rouge_l,440,kl_to_reference,0.085448,0.005383,3
rouge_l,441,kl_to_reference,0.083675,0.006485,3
rouge_l,442,kl_to_reference,0.077147,0.002848,3
rouge_l,443,kl_to_reference,0.0777,0.003312,3
rouge_l,444,kl_to_reference,0.080138,0.00398,3
rouge_l,445,kl_to_reference,0.0852,0.001742,3
rouge_l,446,kl_to_reference,0.078503,0.004106,3
rouge_l,447,kl_to_reference,0.077072,0.002911,3
rouge_l,448,kl_to_reference,0.08393,0.000946,3
rouge_l,449,kl_to_reference,0.092843,0.004146,3
rouge_l,450,kl_to_reference,0.077138,0.003983,3
rouge_l,451,kl_to_reference,0.085639,0.00695,3
rouge_l,452,kl_to_reference,0.082166,0.002169,3
rouge_l,453,kl_to_reference,0.083505,0.001817,3
rouge_l,454,kl_to_reference,0.079993,0.006571,3
rouge_l,455,kl_to_reference,0.07937,0.007897,3
rouge_l,456,kl_to_reference,0.080905,0.000847,3
rouge_l,457,kl_to_reference,0.083194,0.000899,3
rouge_l,458,kl_to_reference,0.084937,0.002637,3
rouge_l,459,kl_to_reference,0.083578,0.005858,3
rouge_l,460,kl_to_reference,0.084657,0.001263,3
rouge_l,461,kl_to_reference,0.085844,0.004264,3
rouge_l,462,kl_to_reference,0.084087,0.002497,3
rouge_l,463,kl_to_reference,0.079628,0.002579,3
rouge_l,464,kl_to_reference,0.077663,0.002198,3
rouge_l,465,kl_to_reference,0.083515,0.004379,3
rouge_l,466,kl_to_reference,0.081805,0.002646,3
rouge_l,467,kl_to_reference,0.081976,0.005462,3
rouge_l,468,kl_to_reference,0.087086,0.005901,3
rouge_l,469,kl_to_reference,0.085975,0.006809,3
rouge_l,470,kl_to_reference,0.08421,0.008703,3
rouge_l,471,kl_to_reference,0.079304,0.005386,3
rouge_l,472,kl_to_reference,0.077334,0.008278,3
rouge_l,473,kl_to_reference,0.077204,0.001651,3
rouge_l,474,kl_to_reference,0.076571,0.004988,3
rouge_l,475,kl_to_reference,0.077751,0.006004,3
rouge_l,476,kl_to_reference,0.080045,0.003787,3
rouge_l,477,kl_to_reference,0.081948,0.007338,3
rouge_l,478,kl_to_reference,0.07567,0.004334,3
rouge_l,479,kl_to_reference,0.079711,0.001748,3
rouge_l,480,kl_to_reference,0.077342,0.005602,3
rouge_l,481,kl_to_reference,0.07917,0.002604,3
rouge_l,482,kl_to_reference,0.083603,0.008756,3
rouge_l,483,kl_to_reference,0.084736,0.007025,3
rouge_l,484,kl_to_reference,0.082019,0.006898,3
rouge_l,485,kl_to_reference,0.084496,0.003265,3
rouge_l,486,kl_to_reference,0.084275,0.001363,3
rouge_l,487,kl_to_reference,0.083753,0.008172,3
rouge_l,488,kl_to_reference,0.089853,0.009568,3
rouge_l,489,kl_to_reference,0.081621,0.002631,3
rouge_l,490,kl_to_reference,0.08136,0.003184,3
rouge_l,491,kl_to_reference,0.079112,0.003624,3
rouge_l,492,kl_to_reference,0.084627,0.00155,3
rouge_l,493,kl_to_reference,0.080128,0.003915,3
rouge_l,494,kl_to_reference,0.080659,0.004024,3
rouge_l,495,kl_to_reference,0.080051,0.002669,3
rouge_l,496,kl_to_reference,0.08042,0.005203,3
rouge_l,497,kl_to_reference,0.075398,0.005301,3
rouge_l,498,kl_to_reference,0.083048,0.007783,3
rouge_l,499,kl_to_reference,0.083412,0.006149,3
rouge_l,500,kl_to_reference,0.094302,0.000543,3
rouge_l,501,kl_to_reference,0.085009,0.005274,3
rouge_l,502,kl_to_reference,0.080153,0.006469,3
rouge_l,503,kl_to_reference,0.081452,0.005083,3
rouge_l,504,kl_to_reference,0.082555,0.006986,3
rouge_l,505,kl_to_reference,0.084233,0.001892,3
rouge_l,506,kl_to_reference,0.082283,0.004893,3
rouge_l,507,kl_to_reference,0.080894,0.003686,3
rouge_l,508,kl_to_reference,0.087739,0.004771,3
rouge_l,509,kl_to_reference,0.084667,0.007692,3
rouge_l,510,kl_to_reference,0.085033,0.001229,3
rouge_l,511,kl_to_reference,0.085513,0.004308,3
rouge_l,512,kl_to_reference,0.08767,0.005309,3
rouge_l,513,kl_to_reference,0.085934,0.010118,3
rouge_l,514,kl_to_reference,0.086017,0.003896,3
rouge_l,515,kl_to_reference,0.080201,0.008575,3
rouge_l,516,kl_to_reference,0.085087,0.005828,3
rouge_l,517,kl_to_reference,0.084455,0.009694,3
rouge_l,518,kl_to_reference,0.083442,0.002405,3
rouge_l,519,kl_to_reference,0.079633,0.003165,3
rouge_l,520,kl_to_reference,0.086385,0.006993,3
rouge_l,521,kl_to_reference,0.084961,0.004551,3
rouge_l,522,kl_to_reference,0.085536,0.00279,3
rouge_l,523,kl_to_reference,0.085318,0.004784,3
rouge_l,524,kl_to_reference,0.087665,0.006442,3
rouge_l,525,kl_to_reference,0.078131,0.002686,3
rouge_l,526,kl_to_reference,0.086025,0.003697,3
rouge_l,527,kl_to_reference,0.082845,0.004616,3
rouge_l,528,kl_to_reference,0.08509,0.00528,3
rouge_l,529,kl_to_reference,0.087026,0.008532,3
rouge_l,530,kl_to_reference,0.079286,0.003651,3
rouge_l,531,kl_to_reference,0.079692,0.00603,3
rouge_l,532,kl_to_reference,0.077878,0.002149,3
rouge_l,533,kl_to_reference,0.083388,0.002167,3
rouge_l,534,kl_to_reference,0.080137,0.00523,3
rouge_l,535,kl_to_reference,0.083554,0.003027,3
rouge_l,536,kl_to_reference,0.085965,0.006299,3
rouge_l,537,kl_to_reference,0.087874,0.008339,3
rouge_l,538,kl_to_reference,0.075225,0.003423,3
rouge_l,539,kl_to_reference,0.080899,0.010112,3
rouge_l,540,kl_to_reference,0.07948,0.00763,3
rouge_l,541,kl_to_reference,0.082137,0.000396,3
rouge_l,542,kl_to_reference,0.075013,0.007198,3
rouge_l,543,kl_to_reference,0.086895,0.003558,3
rouge_l,544,kl_to_reference,0.084149,0.004173,3
rouge_l,545,kl_to_reference,0.085584,0.000402,3
rouge_l,546,kl_to_reference,0.078593,0.000948,3
rouge_l,547,kl_to_reference,0.079059,0.002802,3
rouge_l,548,kl_to_reference,0.078447,0.000527,3
rouge_l,549,kl_to_reference,0.084549,0.006879,3
rouge_l,550,kl_to_reference,0.079898,0.003457,3
rouge_l,551,kl_to_reference,0.080103,0.006233,3
rouge_l,552,kl_to_reference,0.08301,0.001729,3
rouge_l,553,kl_to_reference,0.087672,0.0039,3
rouge_l,554,kl_to_reference,0.086519,0.007958,3
rouge_l,555,kl_to_reference,0.082242,0.001864,3
rouge_l,556,kl_to_reference,0.081164,0.004425,3
rouge_l,557,kl_to_reference,0.083022,0.005218,3
rouge_l,558,kl_to_reference,0.090205,0.001012,3
rouge_l,559,kl_to_reference,0.084546,0.0026,3
rouge_l,560,kl_to_reference,0.084001,0.007122,3
rouge_l,561,kl_to_reference,0.085143,0.001749,3
rouge_l,562,kl_to_reference,0.087406,0.005876,3
rouge_l,563,kl_to_reference,0.084697,0.00261,3
rouge_l,564,kl_to_reference,0.086204,0.001573,3
rouge_l,565,kl_to_reference,0.082299,0.004736,3
rouge_l,566,kl_to_reference,0.085586,0.00334,3
rouge_l,567,kl_to_reference,0.087112,0.003079,3
rouge_l,568,kl_to_reference,0.082588,0.005855,3
rouge_l,569,kl_to_reference,0.084598,0.003319,3
rouge_l,570,kl_to_reference,0.079514,0.000925,3
rouge_l,571,kl_to_reference,0.081091,0.003276,3
rouge_l,572,kl_to_reference,0.089248,0.005118,3
rouge_l,573,kl_to_reference,0.086288,0.002533,3
rouge_l,574,kl_to_reference,0.083295,0.002588,3
rouge_l,575,kl_to_reference,0.08858,0.003465,3
rouge_l,576,kl_to_reference,0.088634,0.001492,3
rouge_l,577,kl_to_reference,0.085771,0.004644,3
rouge_l,578,kl_to_reference,0.085082,0.0065,3
rouge_l,579,kl_to_reference,0.083028,0.002944,3
rouge_l,580,kl_to_reference,0.082108,0.00249,3
rouge_l,581,kl_to_reference,0.085749,0.002828,3
rouge_l,582,kl_to_reference,0.075591,0.003423,3
rouge_l,583,kl_to_reference,0.085127,0.00741,3
rouge_l,584,kl_to_reference,0.080508,0.001692,3
rouge_l,585,kl_to_reference,0.086861,0.001711,3
rouge_l,586,kl_to_reference,0.088605,0.001792,3
rouge_l,587,kl_to_reference,0.08537,0.00283,3
rouge_l,588,kl_to_reference,0.081966,0.002656,3
rouge_l,589,kl_to_reference,0.078144,0.003307,3
rouge_l,590,kl_to_reference,0.085191,0.005174,3
rouge_l,591,kl_to_reference,0.089147,0.007961,3
rouge_l,592,kl_to_reference,0.088883,0.009089,3
rouge_l,593,kl_to_reference,0.087293,0.007391,3
rouge_l,594,kl_to_reference,0.087008,0.000473,3
rouge_l,595,kl_to_reference,0.085725,0.002642,3
rouge_l,596,kl_to_reference,0.082168,0.004781,3
rouge_l,597,kl_to_reference,0.080285,0.000661,3
rouge_l,598,kl_to_reference,0.086077,0.002287,3
rouge_l,599,kl_to_reference,0.084769,0.009107,3
rouge_l,600,kl_to_reference,0.088248,0.002892,3
rouge_l,601,kl_to_reference,0.090022,0.003651,3
rouge_l,602,kl_to_reference,0.087974,0.007828,3
rouge_l,603,kl_to_reference,0.087656,0.002413,3
rouge_l,604,kl_to_reference,0.084314,0.00291,3
rouge_l,605,kl_to_reference,0.083585,0.000988,3
rouge_l,606,kl_to_reference,0.087546,0.00095,3
rouge_l,607,kl_to_reference,0.085025,0.005938,3
rouge_l,608,kl_to_reference,0.085129,0.003231,3
rouge_l,609,kl_to_reference,0.087822,0.002602,3
rouge_l,610,kl_to_reference,0.085643,0.00351,3
rouge_l,611,kl_to_reference,0.088404,0.002342,3
rouge_l,612,kl_to_reference,0.082172,0.0066,3
rouge_l,613,kl_to_reference,0.092328,0.005043,3
rouge_l,614,kl_to_reference,0.083181,0.001184,3
rouge_l,615,kl_to_reference,0.080043,0.001521,3
rouge_l,616,kl_to_reference,0.08603,0.00741,3
rouge_l,617,kl_to_reference,0.084532,0.006319,3
rouge_l,618,kl_to_reference,0.089326,0.008334,3
rouge_l,619,kl_to_reference,0.079557,0.002057,3
rouge_l,620,kl_to_reference,0.083868,0.00366,3
rouge_l,621,kl_to_reference,0.080526,0.005027,3
rouge_l,622,kl_to_reference,0.084148,0.00567,3
rouge_l,623,kl_to_reference,0.084569,0.002662,3
rouge_l,624,kl_to_reference,0.091699,0.004936,3
rouge_l,625,kl_to_reference,0.088142,0.005023,3
rouge_l,626,kl_to_reference,0.08497,0.008157,3
rouge_l,627,kl_to_reference,0.088831,0.005757,3
rouge_l,628,kl_to_reference,0.082745,0.005556,3
rouge_l,629,kl_to_reference,0.08734,0.002029,3
rouge_l,630,kl_to_reference,0.085819,0.002238,3
rouge_l,631,kl_to_reference,0.082054,0.011284,3
rouge_l,632,kl_to_reference,0.082451,0.001688,3
rouge_l,633,kl_to_reference,0.092218,0.007754,3
rouge_l,634,kl_to_reference,0.089615,0.002086,3
rouge_l,635,kl_to_reference,0.089057,0.002163,3
rouge_l,636,kl_to_reference,0.084551,0.001298,3
rouge_l,637,kl_to_reference,0.086611,0.004281,3
rouge_l,638,kl_to_reference,0.09177,0.003631,3
rouge_l,639,kl_to_reference,0.091068,0.001561,3
rouge_l,640,kl_to_reference,0.092868,0.001733,3
rouge_l,641,kl_to_reference,0.094097,0.001936,3
rouge_l,642,kl_to_reference,0.087922,0.001144,3
rouge_l,643,kl_to_reference,0.093159,0.008629,3
rouge_l,644,kl_to_reference,0.092508,0.003489,3
rouge_l,645,kl_to_reference,0.092925,0.001299,3
rouge_l,646,kl_to_reference,0.093046,0.006146,3
rouge_l,647,kl_to_reference,0.089978,0.005472,3
rouge_l,648,kl_to_reference,0.091532,0.007532,3
rouge_l,649,kl_to_reference,0.092332,0.005718,3
rouge_l,650,kl_to_reference,0.091631,0.00906,3
rouge_l,651,kl_to_reference,0.08954,0.010488,3
rouge_l,652,kl_to_reference,0.086639,0.004985,3
rouge_l,653,kl_to_reference,0.090366,0.006484,3
rouge_l,654,kl_to_reference,0.085896,0.005627,3
rouge_l,655,kl_to_reference,0.090872,0.007732,3
rouge_l,656,kl_to_reference,0.09355,0.001348,3
rouge_l,657,kl_to_reference,0.086833,0.01007,3
rouge_l,658,kl_to_reference,0.089999,0.00885,3
rouge_l,659,kl_to_reference,0.088398,0.002874,3
rouge_l,660,kl_to_reference,0.085189,0.004947,3
rouge_l,661,kl_to_reference,0.088709,0.009438,3
rouge_l,662,kl_to_reference,0.082467,0.003174,3
rouge_l,663,kl_to_reference,0.090108,0.006697,3
rouge_l,664,kl_to_reference,0.088105,0.008397,3
rouge_l,665,kl_to_reference,0.092258,0.007617,3
rouge_l,666,kl_to_reference,0.082936,0.006479,3
rouge_l,667,kl_to_reference,0.085135,0.005898,3
rouge_l,668,kl_to_reference,0.093823,0.004348,3
rouge_l,669,kl_to_reference,0.091982,0.003358,3
rouge_l,670,kl_to_reference,0.092479,0.0098,3
rouge_l,671,kl_to_reference,0.087098,0.005524,3
rouge_l,672,kl_to_reference,0.091086,0.008126,3
rouge_l,673,kl_to_reference,0.092844,0.007388,3
rouge_l,674,kl_to_reference,0.087306,0.007413,3
rouge_l,675,kl_to_reference,0.095535,0.005285,3
rouge_l,676,kl_to_reference,0.089565,0.004335,3
rouge_l,677,kl_to_reference,0.090094,0.007738,3
rouge_l,678,kl_to_reference,0.084746,0.00155,3
rouge_l,679,kl_to_reference,0.096108,0.00897,3
rouge_l,680,kl_to_reference,0.088489,0.003358,3
rouge_l,681,kl_to_reference,0.087635,0.008738,3
rouge_l,682,kl_to_reference,0.094141,0.005554,3
rouge_l,683,kl_to_reference,0.092014,0.007687,3
rouge_l,684,kl_to_reference,0.095223,0.000949,3
rouge_l,685,kl_to_reference,0.088001,0.005311,3
rouge_l,686,kl_to_reference,0.093061,0.010221,3
rouge_l,687,kl_to_reference,0.087169,0.006197,3
rouge_l,688,kl_to_reference,0.097872,0.014467,3
rouge_l,689,kl_to_reference,0.089719,0.001844,3
rouge_l,690,kl_to_reference,0.094735,0.010892,3
rouge_l,691,kl_to_reference,0.091651,0.006195,3
rouge_l,692,kl_to_reference,0.088304,0.002286,3
rouge_l,693,kl_to_reference,0.089575,0.001973,3
rouge_l,694,kl_to_reference,0.086485,0.008067,3
rouge_l,695,kl_to_reference,0.092505,0.006983,3
rouge_l,696,kl_to_reference,0.090324,0.008055,3
rouge_l,697,kl_to_reference,0.090333,0.008007,3
rouge_l,698,kl_to_reference,0.089792,0.003622,3
rouge_l,699,kl_to_reference,0.090887,0.012933,3
rouge_l,700,kl_to_reference,0.089902,0.004721,3
rouge_l,701,kl_to_reference,0.094995,0.008014,3
rouge_l,702,kl_to_reference,0.085295,0.003992,3
rouge_l,703,kl_to_reference,0.095214,0.010454,3
rouge_l,704,kl_to_reference,0.088607,0.002619,3
rouge_l,705,kl_to_reference,0.096909,0.016966,3
rouge_l,706,kl_to_reference,0.096186,0.01077,3
rouge_l,707,kl_to_reference,0.088354,0.005773,3
rouge_l,708,kl_to_reference,0.084072,0.006427,3
rouge_l,709,kl_to_reference,0.089581,0.004999,3
rouge_l,710,kl_to_reference,0.085625,0.005047,3
rouge_l,711,kl_to_reference,0.096039,0.018099,3
rouge_l,712,kl_to_reference,0.089234,0.004235,3
rouge_l,713,kl_to_reference,0.089659,0.002727,3
rouge_l,714,kl_to_reference,0.089216,0.000263,3
rouge_l,715,kl_to_reference,0.087366,0.002443,3
rouge_l,716,kl_to_reference,0.089309,0.003593,3
rouge_l,717,kl_to_reference,0.097984,0.004755,3
rouge_l,718,kl_to_reference,0.095017,0.005549,3
rouge_l,719,kl_to_reference,0.08983,0.003859,3
rouge_l,720,kl_to_reference,0.095529,0.002831,3
rouge_l,721,kl_to_reference,0.098514,0.009205,3
rouge_l,722,kl_to_reference,0.086567,0.001891,3
rouge_l,723,kl_to_reference,0.093176,0.00362,3
rouge_l,724,kl_to_reference,0.093183,0.00219,3
rouge_l,725,kl_to_reference,0.095608,0.003016,3
rouge_l,726,kl_to_reference,0.089707,0.001958,3
rouge_l,727,kl_to_reference,0.090882,0.004142,3
rouge_l,728,kl_to_reference,0.078296,0.006825,3
rouge_l,729,kl_to_reference,0.086819,0.004212,3
rouge_l,730,kl_to_reference,0.088982,0.009999,3
rouge_l,731,kl_to_reference,0.091304,0.001606,3
rouge_l,732,kl_to_reference,0.086069,0.001186,3
rouge_l,733,kl_to_reference,0.08709,0.008953,3
rouge_l,734,kl_to_reference,0.086507,0.006022,3
rouge_l,735,kl_to_reference,0.089211,0.002448,3
rouge_l,736,kl_to_reference,0.087216,0.006392,3
rouge_l,737,kl_to_reference,0.094263,0.007925,3
rouge_l,738,kl_to_reference,0.090769,0.004687,3
rouge_l,739,kl_to_reference,0.090603,0.005755,3
rouge_l,740,kl_to_reference,0.093496,0.003259,3
rouge_l,741,kl_to_reference,0.091983,0.003591,3
rouge_l,742,kl_to_reference,0.09111,0.002886,3
rouge_l,743,kl_to_reference,0.08834,0.00994,3
rouge_l,744,kl_to_reference,0.091485,0.001014,3
rouge_l,745,kl_to_reference,0.091643,0.002197,3
rouge_l,746,kl_to_reference,0.086924,0.00064,3
rouge_l,747,kl_to_reference,0.087916,0.007549,3
rouge_l,748,kl_to_reference,0.087356,0.002693,3
rouge_l,749,kl_to_reference,0.087604,0.007998,3
rouge_l,750,kl_to_reference,0.091952,0.004808,3
rouge_l,751,kl_to_reference,0.089323,0.00504,3
rouge_l,752,kl_to_reference,0.091437,0.006298,3
rouge_l,753,kl_to_reference,0.084422,0.002218,3
rouge_l,754,kl_to_reference,0.084633,0.002382,3
rouge_l,755,kl_to_reference,0.092394,0.001819,3
rouge_l,756,kl_to_reference,0.087849,0.002682,3
rouge_l,757,kl_to_reference,0.09133,0.007487,3
rouge_l,758,kl_to_reference,0.091111,0.004523,3
rouge_l,759,kl_to_reference,0.098161,0.002802,3
rouge_l,760,kl_to_reference,0.090132,0.006701,3
rouge_l,761,kl_to_reference,0.087703,0.001662,3
rouge_l,762,kl_to_reference,0.084317,0.004744,3
rouge_l,763,kl_to_reference,0.093164,0.001715,3
rouge_l,764,kl_to_reference,0.091131,0.002787,3
rouge_l,765,kl_to_reference,0.091766,0.003064,3
rouge_l,766,kl_to_reference,0.097793,0.004075,3
rouge_l,767,kl_to_reference,0.090388,0.001849,3
rouge_l,768,kl_to_reference,0.091243,0.006494,3
rouge_l,769,kl_to_reference,0.097625,0.00795,3
rouge_l,770,kl_to_reference,0.089627,0.002321,3
rouge_l,771,kl_to_reference,0.099367,0.006306,3
rouge_l,772,kl_to_reference,0.095421,0.005088,3
rouge_l,773,kl_to_reference,0.096504,0.003425,3
rouge_l,774,kl_to_reference,0.091159,0.003689,3
rouge_l,775,kl_to_reference,0.091263,0.00418,3
rouge_l,776,kl_to_reference,0.093773,0.006435,3
rouge_l,777,kl_to_reference,0.100228,0.007467,3
rouge_l,778,kl_to_reference,0.103122,0.003688,3
rouge_l,779,kl_to_reference,0.094312,0.002887,3
rouge_l,780,kl_to_reference,0.097955,0.00309,3
rouge_l,781,kl_to_reference,0.088363,0.004882,3
rouge_l,782,kl_to_reference,0.093515,0.00943,3
rouge_l,783,kl_to_reference,0.094038,0.003573,3
rouge_l,784,kl_to_reference,0.091528,0.008115,3
rouge_l,785,kl_to_reference,0.090896,0.004228,3
rouge_l,786,kl_to_reference,0.094911,0.003097,3
rouge_l,787,kl_to_reference,0.092854,0.005182,3
rouge_l,788,kl_to_reference,0.095176,0.004022,3
rouge_l,789,kl_to_reference,0.090898,0.006664,3
rouge_l,790,kl_to_reference,0.083913,0.003777,3
rouge_l,791,kl_to_reference,0.08461,0.01153,3
rouge_l,792,kl_to_reference,0.08814,0.001698,3
rouge_l,793,kl_to_reference,0.087948,0.005373,3
rouge_l,794,kl_to_reference,0.096495,0.006915,3
rouge_l,795,kl_to_reference,0.096529,0.004961,3
rouge_l,796,kl_to_reference,0.087664,0.0041,3
rouge_l,797,kl_to_reference,0.096166,0.003229,3
rouge_l,798,kl_to_reference,0.096497,0.010489,3
rouge_l,799,kl_to_reference,0.097826,0.007605,3
rouge_l,800,kl_to_reference,0.093261,0.004018,3
rouge_l,801,kl_to_reference,0.091354,0.010714,3
rouge_l,802,kl_to_reference,0.093475,0.007952,3
rouge_l,803,kl_to_reference,0.093861,0.004794,3
rouge_l,804,kl_to_reference,0.089445,0.008201,3
rouge_l,805,kl_to_reference,0.09374,0.004926,3
rouge_l,806,kl_to_reference,0.095687,0.007508,3
rouge_l,807,kl_to_reference,0.091824,0.007005,3
rouge_l,808,kl_to_reference,0.09313,0.001435,3
rouge_l,809,kl_to_reference,0.092057,0.003899,3
rouge_l,810,kl_to_reference,0.094507,0.00987,3
rouge_l,811,kl_to_reference,0.093697,0.004819,3
rouge_l,812,kl_to_reference,0.09492,0.005331,3
rouge_l,813,kl_to_reference,0.092771,0.008613,3
rouge_l,814,kl_to_reference,0.095032,0.00564,3
rouge_l,815,kl_to_reference,0.088492,0.000542,3
rouge_l,816,kl_to_reference,0.09822,0.004868,3
rouge_l,817,kl_to_reference,0.095124,0.003237,3
rouge_l,818,kl_to_reference,0.092617,0.002061,3
rouge_l,819,kl_to_reference,0.089412,0.002253,3
rouge_l,820,kl_to_reference,0.096013,0.00787,3
rouge_l,821,kl_to_reference,0.096121,0.002832,3
rouge_l,822,kl_to_reference,0.093999,0.006554,3
rouge_l,823,kl_to_reference,0.09719,0.003969,3
rouge_l,824,kl_to_reference,0.095547,0.001115,3
rouge_l,825,kl_to_reference,0.091629,0.007955,3
rouge_l,826,kl_to_reference,0.097888,0.000796,3
rouge_l,827,kl_to_reference,0.094928,0.007061,3
rouge_l,828,kl_to_reference,0.102233,0.004243,3
rouge_l,829,kl_to_reference,0.096831,0.007467,3
rouge_l,830,kl_to_reference,0.094951,0.004155,3
rouge_l,831,kl_to_reference,0.09774,0.004649,3
rouge_l,832,kl_to_reference,0.104598,0.004971,3
rouge_l,833,kl_to_reference,0.093548,0.008284,3
rouge_l,834,kl_to_reference,0.099669,0.009924,3
rouge_l,835,kl_to_reference,0.093322,0.003972,3
rouge_l,836,kl_to_reference,0.098836,0.007429,3
rouge_l,837,kl_to_reference,0.100131,0.009535,3
rouge_l,838,kl_to_reference,0.09834,0.004417,3
rouge_l,839,kl_to_reference,0.094216,0.006155,3
rouge_l,840,kl_to_reference,0.094302,0.005888,3
rouge_l,841,kl_to_reference,0.085193,0.006663,3
rouge_l,842,kl_to_reference,0.096332,0.002305,3
rouge_l,843,kl_to_reference,0.095832,0.010294,3
rouge_l,844,kl_to_reference,0.090465,0.004315,3
rouge_l,845,kl_to_reference,0.094855,0.001682,3
rouge_l,846,kl_to_reference,0.096069,0.008966,3
rouge_l,847,kl_to_reference,0.089193,0.008579,3
rouge_l,848,kl_to_reference,0.08904,0.005709,3
rouge_l,849,kl_to_reference,0.094394,0.005224,3
rouge_l,850,kl_to_reference,0.098843,0.000422,3
rouge_l,851,kl_to_reference,0.087059,0.007207,3
rouge_l,852,kl_to_reference,0.091437,0.004512,3
rouge_l,853,kl_to_reference,0.095414,0.002486,3
rouge_l,854,kl_to_reference,0.086827,0.005305,3
rouge_l,855,kl_to_reference,0.096456,0.001747,3
rouge_l,856,kl_to_reference,0.096307,0.004494,3
rouge_l,857,kl_to_reference,0.090085,0.010278,3
rouge_l,858,kl_to_reference,0.098935,0.00828,3
rouge_l,859,kl_to_reference,0.094968,0.006327,3
rouge_l,860,kl_to_reference,0.096545,0.006221,3
rouge_l,861,kl_to_reference,0.096761,0.003398,3
rouge_l,862,kl_to_reference,0.093489,0.009787,3
rouge_l,863,kl_to_reference,0.097094,0.003509,3
rouge_l,864,kl_to_reference,0.088578,0.004068,3
rouge_l,865,kl_to_reference,0.089546,0.003923,3
rouge_l,866,kl_to_reference,0.091476,0.004328,3
rouge_l,867,kl_to_reference,0.087496,0.004389,3
rouge_l,868,kl_to_reference,0.094224,0.006338,3
rouge_l,869,kl_to_reference,0.096073,0.009074,3
rouge_l,870,kl_to_reference,0.089808,0.002821,3
rouge_l,871,kl_to_reference,0.088492,0.005641,3
rouge_l,872,kl_to_reference,0.098727,0.004771,3
rouge_l,873,kl_to_reference,0.090808,0.002085,3
rouge_l,874,kl_to_reference,0.098829,0.007362,3
rouge_l,875,kl_to_reference,0.097127,0.008039,3
rouge_l,876,kl_to_reference,0.090875,0.0029,3
rouge_l,877,kl_to_reference,0.094789,0.004661,3
rouge_l,878,kl_to_reference,0.089432,0.001529,3
rouge_l,879,kl_to_reference,0.094331,0.004482,3
rouge_l,880,kl_to_reference,0.093419,0.010034,3
rouge_l,881,kl_to_reference,0.094856,0.0085,3
rouge_l,882,kl_to_reference,0.096996,0.003318,3
rouge_l,883,kl_to_reference,0.097525,0.003174,3
rouge_l,884,kl_to_reference,0.094151,0.004826,3
rouge_l,885,kl_to_reference,0.096455,0.000373,3
rouge_l,886,kl_to_reference,0.095338,0.008029,3
rouge_l,887,kl_to_reference,0.096719,0.005226,3
rouge_l,888,kl_to_reference,0.095628,0.002983,3
rouge_l,889,kl_to_reference,0.094447,0.003801,3
rouge_l,890,kl_to_reference,0.100053,0.003694,3
rouge_l,891,kl_to_reference,0.086901,0.008255,3
rouge_l,892,kl_to_reference,0.094862,0.003614,3
rouge_l,893,kl_to_reference,0.095657,0.008651,3
rouge_l,894,kl_to_reference,0.091961,0.00332,3
rouge_l,895,kl_to_reference,0.094144,0.001267,3
rouge_l,896,kl_to_reference,0.091434,0.006401,3
rouge_l,897,kl_to_reference,0.096244,0.005709,3
rouge_l,898,kl_to_reference,0.093051,0.002482,3
rouge_l,899,kl_to_reference,0.083699,0.006566,3
rouge_l,900,kl_to_reference,0.095423,0.001601,3
rouge_l,901,kl_to_reference,0.09662,0.006099,3
rouge_l,902,kl_to_reference,0.088593,0.001422,3
rouge_l,903,kl_to_reference,0.094053,0.00077,3
rouge_l,904,kl_to_reference,0.093202,0.007925,3
rouge_l,905,kl_to_reference,0.100872,0.005888,3
rouge_l,906,kl_to_reference,0.097351,0.003542,3
rouge_l,907,kl_to_reference,0.091389,0.00431,3
rouge_l,908,kl_to_reference,0.093395,0.004229,3
rouge_l,909,kl_to_reference,0.102359,0.009284,3
rouge_l,910,kl_to_reference,0.095061,0.005077,3
rouge_l,911,kl_to_reference,0.095981,0.005161,3
rouge_l,912,kl_to_reference,0.097846,0.010953,3
rouge_l,913,kl_to_reference,0.095376,0.002163,3
rouge_l,914,kl_to_reference,0.093097,0.003015,3
rouge_l,915,kl_to_reference,0.096285,0.00091,3
rouge_l,916,kl_to_reference,0.104594,0.002528,3
rouge_l,917,kl_to_reference,0.097843,0.005543,3
rouge_l,918,kl_to_reference,0.094073,0.007082,3
rouge_l,919,kl_to_reference,0.088704,0.00257,3
rouge_l,920,kl_to_reference,0.092126,0.002716,3
rouge_l,921,kl_to_reference,0.093004,0.009352,3
rouge_l,922,kl_to_reference,0.093551,0.004468,3
rouge_l,923,kl_to_reference,0.097651,0.00487,3
rouge_l,924,kl_to_reference,0.099311,0.006583,3
rouge_l,925,kl_to_reference,0.094152,0.004525,3
rouge_l,926,kl_to_reference,0.094585,0.005227,3
rouge_l,927,kl_to_reference,0.092846,0.005739,3
rouge_l,928,kl_to_reference,0.089915,0.000937,3
rouge_l,929,kl_to_reference,0.096646,0.002551,3
rouge_l,930,kl_to_reference,0.105407,0.000344,3
rouge_l,931,kl_to_reference,0.103121,0.003233,3
rouge_l,932,kl_to_reference,0.09201,0.005737,3
rouge_l,933,kl_to_reference,0.092602,0.004902,3
rouge_l,934,kl_to_reference,0.097389,0.006786,3
rouge_l,935,kl_to_reference,0.096185,0.00423,3
rouge_l,936,kl_to_reference,0.096734,0.001016,3
rouge_l,937,kl_to_reference,0.099806,0.005675,3
rouge_l,938,kl_to_reference,0.097701,0.005616,3
rouge_l,939,kl_to_reference,0.090697,0.004824,3
rouge_l,940,kl_to_reference,0.096323,0.004348,3
rouge_l,941,kl_to_reference,0.096688,0.011714,3
rouge_l,942,kl_to_reference,0.095434,0.006401,3
rouge_l,943,kl_to_reference,0.099957,0.003931,3
rouge_l,944,kl_to_reference,0.092569,0.005421,3
rouge_l,945,kl_to_reference,0.092302,0.0079,3
rouge_l,946,kl_to_reference,0.095245,0.002767,3
rouge_l,947,kl_to_reference,0.09999,0.002012,3
rouge_l,948,kl_to_reference,0.09647,0.006438,3
rouge_l,949,kl_to_reference,0.089946,0.003781,3
rouge_l,950,kl_to_reference,0.096509,0.004624,3
rouge_l,951,kl_to_reference,0.101209,0.006717,3
rouge_l,952,kl_to_reference,0.097148,0.005053,3
rouge_l,953,kl_to_reference,0.094468,0.004964,3
rouge_l,954,kl_to_reference,0.101779,0.003758,3
rouge_l,955,kl_to_reference,0.101887,0.007828,3
rouge_l,956,kl_to_reference,0.09514,0.001595,3
rouge_l,957,kl_to_reference,0.096779,0.007556,3
rouge_l,958,kl_to_reference,0.101591,0.003477,3
rouge_l,959,kl_to_reference,0.092305,0.001801,3
rouge_l,960,kl_to_reference,0.098234,0.005485,3
rouge_l,961,kl_to_reference,0.089121,0.006471,3
rouge_l,962,kl_to_reference,0.089047,0.001319,3
rouge_l,963,kl_to_reference,0.100388,0.008747,3
rouge_l,964,kl_to_reference,0.099837,0.005924,3
rouge_l,965,kl_to_reference,0.098571,0.002977,3
rouge_l,966,kl_to_reference,0.093937,0.001048,3
rouge_l,967,kl_to_reference,0.103915,0.007924,3
rouge_l,968,kl_to_reference,0.09721,0.00547,3
rouge_l,969,kl_to_reference,0.102145,0.002153,3
rouge_l,970,kl_to_reference,0.094168,0.00394,3
rouge_l,971,kl_to_reference,0.095013,0.005082,3
rouge_l,972,kl_to_reference,0.099131,0.012293,3
rouge_l,973,kl_to_reference,0.093879,0.004377,3
rouge_l,974,kl_to_reference,0.090392,0.00834,3
rouge_l,975,kl_to_reference,0.089572,0.009651,3
rouge_l,976,kl_to_reference,0.096886,0.00755,3
rouge_l,977,kl_to_reference,0.097405,0.005921,3
rouge_l,978,kl_to_reference,0.09904,0.004834,3
rouge_l,979,kl_to_reference,0.103276,0.00363,3
rouge_l,980,kl_to_reference,0.098035,0.010214,3
rouge_l,981,kl_to_reference,0.104269,0.005023,3
rouge_l,982,kl_to_reference,0.099082,0.003858,3
rouge_l,983,kl_to_reference,0.096886,0.00324,3
rouge_l,984,kl_to_reference,0.095519,0.005146,3
rouge_l,985,kl_to_reference,0.109687,0.003911,3
rouge_l,986,kl_to_reference,0.096507,0.003088,3
rouge_l,987,kl_to_reference,0.102094,0.004641,3
rouge_l,988,kl_to_reference,0.097221,0.001858,3
rouge_l,989,kl_to_reference,0.097839,0.002745,3
rouge_l,990,kl_to_reference,0.096119,0.001018,3
rouge_l,991,kl_to_reference,0.093238,0.005603,3
rouge_l,992,kl_to_reference,0.093199,0.003787,3
rouge_l,993,kl_to_reference,0.098094,0.002166,3
rouge_l,994,kl_to_reference,0.099072,0.005028,3
rouge_l,995,kl_to_reference,0.101312,0.002656,3
rouge_l,996,kl_to_reference,0.101932,0.00541,3
rouge_l,997,kl_to_reference,0.098739,0.005121,3
rouge_l,998,kl_to_reference,0.10275,0.007358,3
rouge_l,999,kl_to_reference,0.095753,0.007067,3
rouge_l,0,entropy,0.601301,0.014655,3
rouge_l,1,entropy,0.615981,0.020538,3
rouge_l,2,entropy,0.636892,0.00857,3
rouge_l,3,entropy,0.632286,0.017713,3
rouge_l,4,entropy,0.648671,0.022185,3
rouge_l,5,entropy,0.648374,0.021485,3
rouge_l,6,entropy,0.675962,0.006487,3
rouge_l,7,entropy,0.667099,0.017936,3
rouge_l,8,entropy,0.692762,0.010745,3
rouge_l,9,entropy,0.679358,0.019109,3
rouge_l,10,entropy,0.666585,0.017306,3
rouge_l,11,entropy,0.67247,0.006933,3
rouge_l,12,entropy,0.683291,0.015283,3
rouge_l,13,entropy,0.706314,0.021476,3
rouge_l,14,entropy,0.692227,0.023549,3
rouge_l,15,entropy,0.678247,0.015544,3
rouge_l,16,entropy,0.665863,0.003235,3
rouge_l,17,entropy,0.667234,0.0215,3
rouge_l,18,entropy,0.675353,0.008758,3
rouge_l,19,entropy,0.688743,0.03172,3
rouge_l,20,entropy,0.665741,0.013584,3
rouge_l,21,entropy,0.655745,0.025297,3
rouge_l,22,entropy,0.660847,0.013384,3
rouge_l,23,entropy,0.646924,0.016686,3
rouge_l,24,entropy,0.676345,0.017473,3
rouge_l,25,entropy,0.682804,0.021876,3
rouge_l,26,entropy,0.666317,0.012002,3
rouge_l,27,entropy,0.679383,0.011132,3
rouge_l,28,entropy,0.659183,0.009553,3
rouge_l,29,entropy,0.654859,0.007771,3
rouge_l,30,entropy,0.660665,0.021491,3
rouge_l,31,entropy,0.674486,0.01353,3
rouge_l,32,entropy,0.66698,0.015078,3
rouge_l,33,entropy,0.670144,0.005384,3
rouge_l,34,entropy,0.654495,0.003428,3
rouge_l,35,entropy,0.674672,0.020343,3
rouge_l,36,entropy,0.686453,0.022174,3
rouge_l,37,entropy,0.68199,0.015954,3
rouge_l,38,entropy,0.662113,0.03366,3
rouge_l,39,entropy,0.658709,0.020452,3
rouge_l,40,entropy,0.665786,0.008015,3
rouge_l,41,entropy,0.657722,0.024545,3
rouge_l,42,entropy,0.65021,0.011763,3
rouge_l,43,entropy,0.685231,0.01087,3
rouge_l,44,entropy,0.672444,0.011858,3
rouge_l,45,entropy,0.672069,0.014513,3
rouge_l,46,entropy,0.669623,0.024649,3
rouge_l,47,entropy,0.66744,0.007315,3
rouge_l,48,entropy,0.672212,0.031688,3
rouge_l,49,entropy,0.652614,0.013001,3
rouge_l,50,entropy,0.675541,0.0397,3
rouge_l,51,entropy,0.687406,0.017864,3
rouge_l,52,entropy,0.670448,0.011703,3
rouge_l,53,entropy,0.663646,0.013622,3
rouge_l,54,entropy,0.654477,0.02765,3
rouge_l,55,entropy,0.665487,0.027713,3
rouge_l,56,entropy,0.657471,0.021392,3
rouge_l,57,entropy,0.68673,0.028764,3
rouge_l,58,entropy,0.654267,0.019332,3
rouge_l,59,entropy,0.632979,0.024902,3
rouge_l,60,entropy,0.652364,0.037204,3
rouge_l,61,entropy,0.670844,0.009867,3
rouge_l,62,entropy,0.642756,0.028059,3
rouge_l,63,entropy,0.67184,0.038299,3
rouge_l,64,entropy,0.682312,0.02683,3
rouge_l,65,entropy,0.654838,0.01333,3
rouge_l,66,entropy,0.668309,0.033925,3
rouge_l,67,entropy,0.645063,0.02791,3
rouge_l,68,entropy,0.662026,0.014212,3
rouge_l,69,entropy,0.695689,0.017102,3
rouge_l,70,entropy,0.652767,0.023041,3
rouge_l,71,entropy,0.658885,0.011047,3
rouge_l,72,entropy,0.65316,0.025006,3
rouge_l,73,entropy,0.683341,0.019915,3
rouge_l,74,entropy,0.689704,0.022835,3
rouge_l,75,entropy,0.672253,0.008465,3
rouge_l,76,entropy,0.680839,0.013202,3
rouge_l,77,entropy,0.663572,0.036995,3
rouge_l,78,entropy,0.644398,0.015185,3
rouge_l,79,entropy,0.658608,0.023425,3
rouge_l,80,entropy,0.646481,0.010004,3
rouge_l,81,entropy,0.664028,0.007058,3
rouge_l,82,entropy,0.658669,0.024998,3
rouge_l,83,entropy,0.635495,0.015222,3
rouge_l,84,entropy,0.64619,0.007647,3
rouge_l,85,entropy,0.655301,0.016982,3
rouge_l,86,entropy,0.661116,0.005014,3
rouge_l,87,entropy,0.669249,0.015353,3
rouge_l,88,entropy,0.649632,0.010037,3
rouge_l,89,entropy,0.643039,0.014876,3
rouge_l,90,entropy,0.658918,0.00648,3
rouge_l,91,entropy,0.67373,0.006634,3
rouge_l,92,entropy,0.654137,0.027725,3
rouge_l,93,entropy,0.662024,0.021198,3
rouge_l,94,entropy,0.666025,0.010273,3
rouge_l,95,entropy,0.654422,0.022217,3
rouge_l,96,entropy,0.626937,0.012969,3
rouge_l,97,entropy,0.673571,0.012828,3
rouge_l,98,entropy,0.652238,0.01972,3
rouge_l,99,entropy,0.663068,0.020016,3
rouge_l,100,entropy,0.644942,0.014135,3
rouge_l,101,entropy,0.665836,0.0131,3
rouge_l,102,entropy,0.638905,0.009128,3
rouge_l,103,entropy,0.659268,0.016368,3
rouge_l,104,entropy,0.669946,0.021245,3
rouge_l,105,entropy,0.638743,0.019134,3
rouge_l,106,entropy,0.654717,0.003559,3
rouge_l,107,entropy,0.662145,0.029997,3
rouge_l,108,entropy,0.643929,0.03468,3
rouge_l,109,entropy,0.646885,0.011831,3
rouge_l,110,entropy,0.650461,0.02336,3
rouge_l,111,entropy,0.659762,0.030363,3
rouge_l,112,entropy,0.658489,0.008605,3
rouge_l,113,entropy,0.660135,0.024866,3
rouge_l,114,entropy,0.664306,0.023826,3
rouge_l,115,entropy,0.641957,0.006661,3
rouge_l,116,entropy,0.641754,0.026138,3
rouge_l,117,entropy,0.653917,0.003897,3
rouge_l,118,entropy,0.657757,0.024456,3
rouge_l,119,entropy,0.633381,0.02856,3
rouge_l,120,entropy,0.657085,0.016465,3
rouge_l,121,entropy,0.641212,0.022653,3
rouge_l,122,entropy,0.650473,0.011072,3
rouge_l,123,entropy,0.635151,0.008316,3
rouge_l,124,entropy,0.638682,0.00952,3
rouge_l,125,entropy,0.641463,0.035703,3
rouge_l,126,entropy,0.639328,0.025926,3
rouge_l,127,entropy,0.647303,0.034588,3
rouge_l,128,entropy,0.642945,0.017392,3
rouge_l,129,entropy,0.647972,0.011579,3
rouge_l,130,entropy,0.648041,0.017941,3
rouge_l,131,entropy,0.634081,0.011725,3
rouge_l,132,entropy,0.650568,0.010751,3
rouge_l,133,entropy,0.649119,0.011222,3
rouge_l,134,entropy,0.65986,0.003177,3
rouge_l,135,entropy,0.665289,0.016635,3
rouge_l,136,entropy,0.651547,0.018599,3
rouge_l,137,entropy,0.652627,0.009096,3
rouge_l,138,entropy,0.624003,0.009365,3
rouge_l,139,entropy,0.638611,0.009117,3
rouge_l,140,entropy,0.645312,0.020508,3
rouge_l,141,entropy,0.63313,0.024656,3
rouge_l,142,entropy,0.656834,0.011701,3
rouge_l,143,entropy,0.647693,0.005576,3
rouge_l,144,entropy,0.667164,0.019425,3
rouge_l,145,entropy,0.642218,0.029072,3
rouge_l,146,entropy,0.659267,0.032022,3
rouge_l,147,entropy,0.653977,0.026058,3
rouge_l,148,entropy,0.637315,0.018488,3
rouge_l,149,entropy,0.652764,0.016568,3
rouge_l,150,entropy,0.651736,0.001675,3
rouge_l,151,entropy,0.6427,0.019492,3
rouge_l,152,entropy,0.652068,0.018316,3
rouge_l,153,entropy,0.639711,0.012887,3
rouge_l,154,entropy,0.643595,0.024923,3
rouge_l,155,entropy,0.621567,0.014182,3
rouge_l,156,entropy,0.644361,0.041748,3
rouge_l,157,entropy,0.654581,0.020997,3
rouge_l,158,entropy,0.648931,0.01086,3
rouge_l,159,entropy,0.632091,0.033913,3
rouge_l,160,entropy,0.679011,0.006005,3
rouge_l,161,entropy,0.629792,0.025047,3
rouge_l,162,entropy,0.640239,0.011145,3
rouge_l,163,entropy,0.64838,0.037733,3
rouge_l,164,entropy,0.64124,0.011294,3
rouge_l,165,entropy,0.64771,0.010295,3
rouge_l,166,entropy,0.643119,0.025676,3
rouge_l,167,entropy,0.630229,0.019027,3
rouge_l,168,entropy,0.645608,0.006436,3
rouge_l,169,entropy,0.65406,0.018781,3
rouge_l,170,entropy,0.636201,0.019522,3
rouge_l,171,entropy,0.66088,0.028616,3
rouge_l,172,entropy,0.650754,0.042847,3
rouge_l,173,entropy,0.643984,0.003122,3
rouge_l,174,entropy,0.643432,0.01835,3
rouge_l,175,entropy,0.654136,0.013426,3
rouge_l,176,entropy,0.641581,0.023966,3
rouge_l,177,entropy,0.623582,0.02538,3
rouge_l,178,entropy,0.647409,0.02778,3
rouge_l,179,entropy,0.665104,0.026418,3
rouge_l,180,entropy,0.649226,0.045134,3
rouge_l,181,entropy,0.635169,0.018478,3
rouge_l,182,entropy,0.646869,0.021735,3
rouge_l,183,entropy,0.672239,0.014457,3
rouge_l,184,entropy,0.655898,0.018502,3
rouge_l,185,entropy,0.653455,0.030918,3
rouge_l,186,entropy,0.637258,0.043306,3
rouge_l,187,entropy,0.645742,0.039232,3
rouge_l,188,entropy,0.647797,0.039406,3
rouge_l,189,entropy,0.64469,0.008966,3
rouge_l,190,entropy,0.644388,0.017306,3
rouge_l,191,entropy,0.63963,0.027887,3
rouge_l,192,entropy,0.614946,0.011859,3
rouge_l,193,entropy,0.608348,0.010746,3
rouge_l,194,entropy,0.627189,0.019872,3
rouge_l,195,entropy,0.64962,0.018317,3
rouge_l,196,entropy,0.615543,0.016904,3
rouge_l,197,entropy,0.616713,0.014239,3
rouge_l,198,entropy,0.639458,0.014335,3
rouge_l,199,entropy,0.644798,0.025293,3
rouge_l,200,entropy,0.645944,0.019351,3
rouge_l,201,entropy,0.648112,0.009085,3
rouge_l,202,entropy,0.661327,0.017296,3
rouge_l,203,entropy,0.643867,0.029803,3
rouge_l,204,entropy,0.630647,0.021747,3
rouge_l,205,entropy,0.644249,0.033382,3
rouge_l,206,entropy,0.659876,0.00451,3
rouge_l,207,entropy,0.630963,0.028276,3
rouge_l,208,entropy,0.628272,0.013176,3
rouge_l,209,entropy,0.633973,0.004165,3
rouge_l,210,entropy,0.658254,0.03719,3
rouge_l,211,entropy,0.637421,0.028532,3
rouge_l,212,entropy,0.647483,0.024523,3
rouge_l,213,entropy,0.655129,0.006084,3
rouge_l,214,entropy,0.635211,0.020614,3
rouge_l,215,entropy,0.663542,0.015099,3
rouge_l,216,entropy,0.630838,0.008219,3
rouge_l,217,entropy,0.649409,0.016603,3
rouge_l,218,entropy,0.633501,0.018648,3
rouge_l,219,entropy,0.620664,0.022632,3
rouge_l,220,entropy,0.654514,0.01909,3
rouge_l,221,entropy,0.674797,0.017655,3
rouge_l,222,entropy,0.685894,0.004033,3
rouge_l,223,entropy,0.615243,0.011432,3
rouge_l,224,entropy,0.639963,0.014574,3
rouge_l,225,entropy,0.620149,0.017969,3
rouge_l,226,entropy,0.659629,0.008842,3
rouge_l,227,entropy,0.62731,0.018703,3
rouge_l,228,entropy,0.635635,0.005024,3
rouge_l,229,entropy,0.635943,0.019185,3
rouge_l,230,entropy,0.609079,0.019718,3
rouge_l,231,entropy,0.611287,0.022033,3
rouge_l,232,entropy,0.652137,0.007604,3
rouge_l,233,entropy,0.639867,0.013947,3
rouge_l,234,entropy,0.628007,0.009416,3
rouge_l,235,entropy,0.623196,0.017176,3
rouge_l,236,entropy,0.625886,0.011962,3
rouge_l,237,entropy,0.625049,0.009465,3
rouge_l,238,entropy,0.628849,0.007309,3
rouge_l,239,entropy,0.649293,0.002987,3
rouge_l,240,entropy,0.631667,0.016155,3
rouge_l,241,entropy,0.612047,0.010427,3
rouge_l,242,entropy,0.62453,0.002067,3
rouge_l,243,entropy,0.645514,0.024797,3
rouge_l,244,entropy,0.650056,0.030454,3
rouge_l,245,entropy,0.630242,0.031164,3
rouge_l,246,entropy,0.659258,0.02039,3
rouge_l,247,entropy,0.650492,0.020254,3
rouge_l,248,entropy,0.620594,0.015946,3
rouge_l,249,entropy,0.629049,0.01466,3
rouge_l,250,entropy,0.632883,0.026177,3
rouge_l,251,entropy,0.636485,0.010634,3
rouge_l,252,entropy,0.634017,0.017711,3
rouge_l,253,entropy,0.630901,0.015253,3
rouge_l,254,entropy,0.647077,0.013838,3
rouge_l,255,entropy,0.656616,0.012682,3
rouge_l,256,entropy,0.647726,0.011079,3
rouge_l,257,entropy,0.629095,0.03547,3
rouge_l,258,entropy,0.632631,0.032909,3
rouge_l,259,entropy,0.631523,0.008109,3
rouge_l,260,entropy,0.660664,0.007949,3
rouge_l,261,entropy,0.642197,0.013797,3
rouge_l,262,entropy,0.635477,0.024996,3
rouge_l,263,entropy,0.639093,0.012702,3
rouge_l,264,entropy,0.650443,0.00162,3
rouge_l,265,entropy,0.66273,0.034974,3
rouge_l,266,entropy,0.657475,0.018832,3
rouge_l,267,entropy,0.662264,0.019863,3
rouge_l,268,entropy,0.65496,0.020784,3
rouge_l,269,entropy,0.649111,0.01145,3
rouge_l,270,entropy,0.62955,0.03163,3
rouge_l,271,entropy,0.635328,0.021408,3
rouge_l,272,entropy,0.643318,0.013419,3
rouge_l,273,entropy,0.644949,0.006091,3
rouge_l,274,entropy,0.638789,0.02028,3
rouge_l,275,entropy,0.628443,0.018075,3
rouge_l,276,entropy,0.62351,0.013062,3
rouge_l,277,entropy,0.643593,0.015395,3
rouge_l,278,entropy,0.658611,0.020752,3
rouge_l,279,entropy,0.63536,0.008281,3
rouge_l,280,entropy,0.615085,0.007104,3
rouge_l,281,entropy,0.637961,0.008127,3
rouge_l,282,entropy,0.654789,0.007078,3
rouge_l,283,entropy,0.627164,0.004487,3
rouge_l,284,entropy,0.630553,0.01349,3
rouge_l,285,entropy,0.64194,0.024826,3
rouge_l,286,entropy,0.645642,0.014191,3
rouge_l,287,entropy,0.635149,0.025273,3
rouge_l,288,entropy,0.623975,0.006947,3
rouge_l,289,entropy,0.643846,0.014689,3
rouge_l,290,entropy,0.636807,0.011531,3
rouge_l,291,entropy,0.648011,0.005485,3
rouge_l,292,entropy,0.636037,0.009599,3
rouge_l,293,entropy,0.647459,0.021896,3
rouge_l,294,entropy,0.649479,0.00697,3
rouge_l,295,entropy,0.656798,0.014043,3
rouge_l,296,entropy,0.624784,0.015436,3
rouge_l,297,entropy,0.659524,0.015899,3
rouge_l,298,entropy,0.644202,0.014461,3
rouge_l,299,entropy,0.626516,0.019031,3
rouge_l,300,entropy,0.625804,0.02701,3
rouge_l,301,entropy,0.646754,0.026308,3
rouge_l,302,entropy,0.635121,0.025421,3
rouge_l,303,entropy,0.63342,0.015663,3
rouge_l,304,entropy,0.643131,0.010369,3
rouge_l,305,entropy,0.636257,0.008168,3
rouge_l,306,entropy,0.650162,0.011305,3
rouge_l,307,entropy,0.624426,0.011139,3
rouge_l,308,entropy,0.641114,0.005328,3
rouge_l,309,entropy,0.642235,0.025829,3
rouge_l,310,entropy,0.637369,0.005648,3
rouge_l,311,entropy,0.609439,0.005806,3
rouge_l,312,entropy,0.656828,0.018333,3
rouge_l,313,entropy,0.654412,0.028519,3
rouge_l,314,entropy,0.635707,0.026449,3
rouge_l,315,entropy,0.649795,0.010477,3
rouge_l,316,entropy,0.637467,0.011461,3
rouge_l,317,entropy,0.655019,0.019994,3
rouge_l,318,entropy,0.655576,0.025934,3
rouge_l,319,entropy,0.626756,0.005354,3
rouge_l,320,entropy,0.63088,0.015917,3
rouge_l,321,entropy,0.61667,0.010779,3
rouge_l,322,entropy,0.628167,0.00339,3
rouge_l,323,entropy,0.652796,0.034896,3
rouge_l,324,entropy,0.670608,0.011109,3
rouge_l,325,entropy,0.620939,0.009598,3
rouge_l,326,entropy,0.651133,0.02808,3
rouge_l,327,entropy,0.634681,0.006354,3
rouge_l,328,entropy,0.650641,0.019974,3
rouge_l,329,entropy,0.624773,0.017287,3
rouge_l,330,entropy,0.634926,0.03041,3
rouge_l,331,entropy,0.625003,0.015024,3
rouge_l,332,entropy,0.648203,0.027534,3
rouge_l,333,entropy,0.63271,0.028847,3
rouge_l,334,entropy,0.635378,0.026467,3
rouge_l,335,entropy,0.617908,0.020985,3
rouge_l,336,entropy,0.63205,0.014461,3
rouge_l,337,entropy,0.637257,0.028046,3
rouge_l,338,entropy,0.639746,0.004958,3
rouge_l,339,entropy,0.631964,0.00383,3
rouge_l,340,entropy,0.645631,0.018568,3
rouge_l,341,entropy,0.629831,0.012698,3
rouge_l,342,entropy,0.653846,0.008159,3
rouge_l,343,entropy,0.642369,0.009891,3
rouge_l,344,entropy,0.617429,0.014777,3
rouge_l,345,entropy,0.670843,0.020849,3
rouge_l,346,entropy,0.642135,0.020479,3
rouge_l,347,entropy,0.626483,0.007605,3
rouge_l,348,entropy,0.627755,0.015003,3
rouge_l,349,entropy,0.644152,0.008034,3
rouge_l,350,entropy,0.623486,0.022355,3
rouge_l,351,entropy,0.640298,0.008055,3
rouge_l,352,entropy,0.631464,0.011611,3
rouge_l,353,entropy,0.636177,0.015911,3
rouge_l,354,entropy,0.615435,0.009465,3
rouge_l,355,entropy,0.642805,0.003586,3
rouge_l,356,entropy,0.646465,0.011131,3
rouge_l,357,entropy,0.660547,0.008785,3
rouge_l,358,entropy,0.633454,0.019489,3
rouge_l,359,entropy,0.631603,0.01767,3
rouge_l,360,entropy,0.622863,0.024229,3
rouge_l,361,entropy,0.625536,0.016582,3
rouge_l,362,entropy,0.648495,0.012347,3
rouge_l,363,entropy,0.645746,0.009946,3
rouge_l,364,entropy,0.606297,0.008971,3
rouge_l,365,entropy,0.623717,0.012028,3
rouge_l,366,entropy,0.641736,0.009556,3
rouge_l,367,entropy,0.64326,0.031491,3
rouge_l,368,entropy,0.629123,0.007481,3
rouge_l,369,entropy,0.643725,0.012936,3
rouge_l,370,entropy,0.637393,0.013449,3
rouge_l,371,entropy,0.637879,0.021646,3
rouge_l,372,entropy,0.640373,0.030733,3
rouge_l,373,entropy,0.630686,0.034983,3
rouge_l,374,entropy,0.652467,0.008003,3
rouge_l,375,entropy,0.623506,0.027564,3
rouge_l,376,entropy,0.653491,0.022098,3
rouge_l,377,entropy,0.633145,0.020651,3
rouge_l,378,entropy,0.651027,0.010115,3
rouge_l,379,entropy,0.637705,0.015444,3
rouge_l,380,entropy,0.647427,0.009487,3
rouge_l,381,entropy,0.632053,0.006532,3
rouge_l,382,entropy,0.62925,0.013324,3
rouge_l,383,entropy,0.629605,0.023552,3
rouge_l,384,entropy,0.630595,0.019356,3
rouge_l,385,entropy,0.615484,0.031829,3
rouge_l,386,entropy,0.630566,0.019869,3
rouge_l,387,entropy,0.616552,0.019582,3
rouge_l,388,entropy,0.657282,0.030256,3
rouge_l,389,entropy,0.62861,0.017398,3
rouge_l,390,entropy,0.62251,0.009835,3
rouge_l,391,entropy,0.634015,0.004481,3
rouge_l,392,entropy,0.642213,0.010257,3
rouge_l,393,entropy,0.633329,0.026579,3
rouge_l,394,entropy,0.653375,0.022697,3
rouge_l,395,entropy,0.596627,0.017028,3
rouge_l,396,entropy,0.639936,0.012708,3
rouge_l,397,entropy,0.62159,0.007569,3
rouge_l,398,entropy,0.627492,0.005311,3
rouge_l,399,entropy,0.656015,0.022796,3
rouge_l,400,entropy,0.62203,0.013715,3
rouge_l,401,entropy,0.610904,0.012476,3
rouge_l,402,entropy,0.618392,0.003042,3
rouge_l,403,entropy,0.622768,0.02082,3
rouge_l,404,entropy,0.615422,0.004634,3
rouge_l,405,entropy,0.64675,0.022707,3
rouge_l,406,entropy,0.642381,0.006891,3
rouge_l,407,entropy,0.6453,0.018968,3
rouge_l,408,entropy,0.63143,0.0174,3
rouge_l,409,entropy,0.648355,0.001682,3
rouge_l,410,entropy,0.645539,0.013739,3
rouge_l,411,entropy,0.632036,0.012171,3
rouge_l,412,entropy,0.610555,0.012743,3
rouge_l,413,entropy,0.625528,0.008054,3
rouge_l,414,entropy,0.621769,0.011357,3
rouge_l,415,entropy,0.633913,0.017711,3
rouge_l,416,entropy,0.637948,0.030825,3
rouge_l,417,entropy,0.608398,0.019815,3
rouge_l,418,entropy,0.653033,0.015247,3
rouge_l,419,entropy,0.625194,0.018331,3
rouge_l,420,entropy,0.609301,0.011549,3
rouge_l,421,entropy,0.64492,0.02842,3
rouge_l,422,entropy,0.611839,0.020516,3
rouge_l,423,entropy,0.630462,0.012268,3
rouge_l,424,entropy,0.634731,0.020615,3
rouge_l,425,entropy,0.615987,0.014272,3
rouge_l,426,entropy,0.63049,0.010259,3
rouge_l,427,entropy,0.618428,0.02941,3
rouge_l,428,entropy,0.621186,0.008839,3
rouge_l,429,entropy,0.653058,0.03471,3
rouge_l,430,entropy,0.633574,0.014334,3
rouge_l,431,entropy,0.620969,0.007791,3
rouge_l,432,entropy,0.610957,0.009605,3
rouge_l,433,entropy,0.642033,0.009913,3
rouge_l,434,entropy,0.618341,0.003293,3
rouge_l,435,entropy,0.626384,0.013076,3
rouge_l,436,entropy,0.619998,0.028411,3
rouge_l,437,entropy,0.620069,0.010129,3
rouge_l,438,entropy,0.615912,0.025357,3
rouge_l,439,entropy,0.612467,0.016451,3
rouge_l,440,entropy,0.628129,0.031123,3
rouge_l,441,entropy,0.613385,0.008427,3
rouge_l,442,entropy,0.617184,0.005517,3
rouge_l,443,entropy,0.610121,0.019487,3
rouge_l,444,entropy,0.632217,0.015037,3
rouge_l,445,entropy,0.633028,0.012341,3
rouge_l,446,entropy,0.621624,0.025685,3
rouge_l,447,entropy,0.617461,0.021918,3
rouge_l,448,entropy,0.626488,0.014395,3
rouge_l,449,entropy,0.644468,0.021184,3
rouge_l,450,entropy,0.605173,0.011788,3
rouge_l,451,entropy,0.607605,0.017099,3
rouge_l,452,entropy,0.623969,0.022008,3
rouge_l,453,entropy,0.610108,0.009381,3
rouge_l,454,entropy,0.639461,0.032715,3
rouge_l,455,entropy,0.618306,0.037521,3
rouge_l,456,entropy,0.62525,0.007477,3
rouge_l,457,entropy,0.631894,0.02289,3
rouge_l,458,entropy,0.624674,0.00979,3
rouge_l,459,entropy,0.639863,0.016581,3
rouge_l,460,entropy,0.627886,0.022886,3
rouge_l,461,entropy,0.631179,0.021106,3
rouge_l,462,entropy,0.614514,0.022246,3
rouge_l,463,entropy,0.619927,0.015365,3
rouge_l,464,entropy,0.614286,0.010979,3
rouge_l,465,entropy,0.635546,0.023438,3
rouge_l,466,entropy,0.635253,0.01617,3
rouge_l,467,entropy,0.640529,0.003744,3
rouge_l,468,entropy,0.638157,0.028892,3
rouge_l,469,entropy,0.63891,0.012775,3
rouge_l,470,entropy,0.625875,0.024118,3
rouge_l,471,entropy,0.628989,0.02156,3
rouge_l,472,entropy,0.621451,0.01958,3
rouge_l,473,entropy,0.628568,0.020814,3
rouge_l,474,entropy,0.615738,0.016272,3
rouge_l,475,entropy,0.628545,0.009027,3
rouge_l,476,entropy,0.607888,0.033021,3
rouge_l,477,entropy,0.632958,0.018118,3
rouge_l,478,entropy,0.632572,0.004364,3
rouge_l,479,entropy,0.6126,0.030177,3
rouge_l,480,entropy,0.618671,0.024843,3
rouge_l,481,entropy,0.600947,0.029707,3
rouge_l,482,entropy,0.62171,0.028682,3
rouge_l,483,entropy,0.62912,0.02501,3
rouge_l,484,entropy,0.629617,0.010678,3
rouge_l,485,entropy,0.608617,0.015891,3
rouge_l,486,entropy,0.613298,0.008331,3
rouge_l,487,entropy,0.623166,0.014024,3
rouge_l,488,entropy,0.641897,0.020333,3
rouge_l,489,entropy,0.63499,0.004998,3
rouge_l,490,entropy,0.633742,0.020053,3
rouge_l,491,entropy,0.607534,0.019869,3
rouge_l,492,entropy,0.645032,0.027052,3
rouge_l,493,entropy,0.624347,0.005389,3
rouge_l,494,entropy,0.612748,0.008611,3
rouge_l,495,entropy,0.625054,0.010081,3
rouge_l,496,entropy,0.62408,0.015532,3
rouge_l,497,entropy,0.628058,0.020424,3
rouge_l,498,entropy,0.624218,0.020807,3
rouge_l,499,entropy,0.630838,0.009138,3
rouge_l,500,entropy,0.643079,0.020567,3
rouge_l,501,entropy,0.61143,0.023402,3
rouge_l,502,entropy,0.617377,0.015412,3
rouge_l,503,entropy,0.616171,0.02468,3
rouge_l,504,entropy,0.614875,0.004948,3
rouge_l,505,entropy,0.623174,0.026978,3
rouge_l,506,entropy,0.628944,0.012141,3
rouge_l,507,entropy,0.59922,0.020006,3
rouge_l,508,entropy,0.632451,0.006352,3
rouge_l,509,entropy,0.632014,0.019005,3
rouge_l,510,entropy,0.62012,0.004866,3
rouge_l,511,entropy,0.609371,0.012329,3
rouge_l,512,entropy,0.624628,0.02556,3
rouge_l,513,entropy,0.626574,0.025879,3
rouge_l,514,entropy,0.616341,0.009586,3
rouge_l,515,entropy,0.608071,0.019849,3
rouge_l,516,entropy,0.605835,0.027404,3
rouge_l,517,entropy,0.633489,0.021112,3
rouge_l,518,entropy,0.612057,0.011854,3
rouge_l,519,entropy,0.612613,0.011189,3
rouge_l,520,entropy,0.654538,0.00368,3
rouge_l,521,entropy,0.617905,0.004115,3
rouge_l,522,entropy,0.618136,0.008506,3
rouge_l,523,entropy,0.617055,0.018326,3
rouge_l,524,entropy,0.625707,0.025771,3
rouge_l,525,entropy,0.602637,0.026251,3
rouge_l,526,entropy,0.619638,0.030177,3
rouge_l,527,entropy,0.602841,0.006507,3
rouge_l,528,entropy,0.628397,0.005243,3
rouge_l,529,entropy,0.62144,0.00894,3
rouge_l,530,entropy,0.617183,0.022163,3
rouge_l,531,entropy,0.614298,0.013145,3
rouge_l,532,entropy,0.599572,0.026974,3
rouge_l,533,entropy,0.608643,0.007097,3
rouge_l,534,entropy,0.618052,0.007779,3
rouge_l,535,entropy,0.602047,0.008628,3
rouge_l,536,entropy,0.631212,0.012395,3
rouge_l,537,entropy,0.627966,0.005058,3
rouge_l,538,entropy,0.622452,0.006502,3
rouge_l,539,entropy,0.600097,0.011908,3
rouge_l,540,entropy,0.587594,0.027216,3
rouge_l,541,entropy,0.627392,0.010091,3
rouge_l,542,entropy,0.604434,0.035703,3
rouge_l,543,entropy,0.620563,0.018981,3
rouge_l,544,entropy,0.627245,0.02026,3
rouge_l,545,entropy,0.617484,0.021082,3
rouge_l,546,entropy,0.618842,0.007021,3
rouge_l,547,entropy,0.620063,0.002428,3
rouge_l,548,entropy,0.626612,0.023339,3
rouge_l,549,entropy,0.622828,0.01348,3
rouge_l,550,entropy,0.627388,0.009521,3
rouge_l,551,entropy,0.609838,0.006719,3
rouge_l,552,entropy,0.633833,0.007254,3
rouge_l,553,entropy,0.637212,0.00807,3
rouge_l,554,entropy,0.607931,0.037816,3
rouge_l,555,entropy,0.607001,0.015235,3
rouge_l,556,entropy,0.598017,0.016926,3
rouge_l,557,entropy,0.62525,0.016549,3
rouge_l,558,entropy,0.621657,0.025122,3
rouge_l,559,entropy,0.632839,0.01209,3
rouge_l,560,entropy,0.608825,0.011873,3
rouge_l,561,entropy,0.620957,0.01014,3
rouge_l,562,entropy,0.619303,0.038294,3
rouge_l,563,entropy,0.621057,0.009241,3
rouge_l,564,entropy,0.627899,0.020392,3
rouge_l,565,entropy,0.59025,0.012747,3
rouge_l,566,entropy,0.610591,0.006755,3
rouge_l,567,entropy,0.633645,0.037979,3
rouge_l,568,entropy,0.615492,0.013198,3
rouge_l,569,entropy,0.600531,0.011933,3
rouge_l,570,entropy,0.604009,0.021363,3
rouge_l,571,entropy,0.60973,0.047476,3
rouge_l,572,entropy,0.60137,0.025886,3
rouge_l,573,entropy,0.607763,0.016153,3
rouge_l,574,entropy,0.62867,0.007935,3
rouge_l,575,entropy,0.623674,0.000558,3
rouge_l,576,entropy,0.620278,0.011721,3
rouge_l,577,entropy,0.605511,0.017109,3
rouge_l,578,entropy,0.648959,0.010897,3
rouge_l,579,entropy,0.609177,0.018995,3
rouge_l,580,entropy,0.609076,0.028836,3
rouge_l,581,entropy,0.636852,0.015522,3
rouge_l,582,entropy,0.608156,0.008592,3
rouge_l,583,entropy,0.612282,0.011482,3
rouge_l,584,entropy,0.606636,0.010797,3
rouge_l,585,entropy,0.61216,0.022003,3
rouge_l,586,entropy,0.610427,0.016742,3
rouge_l,587,entropy,0.595598,0.019713,3
rouge_l,588,entropy,0.613589,0.007245,3
rouge_l,589,entropy,0.601706,0.020078,3
rouge_l,590,entropy,0.614451,0.014323,3
rouge_l,591,entropy,0.636152,0.01632,3
rouge_l,592,entropy,0.623701,0.023413,3
rouge_l,593,entropy,0.623187,0.029307,3
rouge_l,594,entropy,0.603949,0.027832,3
rouge_l,595,entropy,0.614678,0.005769,3
rouge_l,596,entropy,0.60061,0.015483,3
rouge_l,597,entropy,0.605765,0.009049,3
rouge_l,598,entropy,0.612993,0.014105,3
rouge_l,599,entropy,0.611844,0.022466,3
rouge_l,600,entropy,0.641641,0.010487,3
rouge_l,601,entropy,0.608726,0.012583,3
rouge_l,602,entropy,0.606339,0.026239,3
rouge_l,603,entropy,0.611757,0.01841,3
rouge_l,604,entropy,0.595338,0.006893,3
rouge_l,605,entropy,0.594595,0.010761,3
rouge_l,606,entropy,0.607203,0.008908,3
rouge_l,607,entropy,0.596385,0.026586,3
rouge_l,608,entropy,0.613636,0.013478,3
rouge_l,609,entropy,0.597973,0.007378,3
rouge_l,610,entropy,0.613418,0.02627,3
rouge_l,611,entropy,0.59553,0.024544,3
rouge_l,612,entropy,0.635403,0.011139,3
rouge_l,613,entropy,0.616458,0.005592,3
rouge_l,614,entropy,0.590021,0.020702,3
rouge_l,615,entropy,0.596558,0.026977,3
rouge_l,616,entropy,0.607181,0.009318,3
rouge_l,617,entropy,0.586174,0.007076,3
rouge_l,618,entropy,0.604269,0.012532,3
rouge_l,619,entropy,0.583607,0.017148,3
rouge_l,620,entropy,0.60227,0.007305,3
rouge_l,621,entropy,0.616351,0.010649,3
rouge_l,622,entropy,0.611182,0.010558,3
rouge_l,623,entropy,0.605564,0.027615,3
rouge_l,624,entropy,0.627575,0.011919,3
rouge_l,625,entropy,0.613799,0.001935,3
rouge_l,626,entropy,0.613261,0.013175,3
rouge_l,627,entropy,0.595772,0.032926,3
rouge_l,628,entropy,0.611522,0.017469,3
rouge_l,629,entropy,0.60959,0.014288,3
rouge_l,630,entropy,0.586652,0.005796,3
rouge_l,631,entropy,0.593348,0.031971,3
rouge_l,632,entropy,0.606517,0.009945,3
rouge_l,633,entropy,0.60382,0.022479,3
rouge_l,634,entropy,0.609014,0.017879,3
rouge_l,635,entropy,0.618806,0.013422,3
rouge_l,636,entropy,0.591538,0.005374,3
rouge_l,637,entropy,0.608061,0.008335,3
rouge_l,638,entropy,0.602138,0.008641,3
rouge_l,639,entropy,0.600689,0.019746,3
rouge_l,640,entropy,0.617848,0.014353,3
rouge_l,641,entropy,0.61943,0.018006,3
rouge_l,642,entropy,0.606049,0.021763,3
rouge_l,643,entropy,0.600856,0.006051,3
rouge_l,644,entropy,0.613412,0.026437,3
rouge_l,645,entropy,0.603828,0.034303,3
rouge_l,646,entropy,0.618463,0.025183,3
rouge_l,647,entropy,0.592246,0.019757,3
rouge_l,648,entropy,0.616983,0.006254,3
rouge_l,649,entropy,0.599546,0.014926,3
rouge_l,650,entropy,0.602645,0.005742,3
rouge_l,651,entropy,0.608085,0.008031,3
rouge_l,652,entropy,0.581839,0.022136,3
rouge_l,653,entropy,0.620633,0.002679,3
rouge_l,654,entropy,0.599154,0.01384,3
rouge_l,655,entropy,0.61548,0.011513,3
rouge_l,656,entropy,0.603546,0.016034,3
rouge_l,657,entropy,0.615467,0.006489,3
rouge_l,658,entropy,0.602661,0.01641,3
rouge_l,659,entropy,0.613786,0.022945,3
rouge_l,660,entropy,0.604952,0.013395,3
rouge_l,661,entropy,0.615344,0.013497,3
rouge_l,662,entropy,0.604921,0.025106,3
rouge_l,663,entropy,0.607152,0.014836,3
rouge_l,664,entropy,0.621694,0.019617,3
rouge_l,665,entropy,0.618938,0.007492,3
rouge_l,666,entropy,0.596715,0.030111,3
rouge_l,667,entropy,0.58736,0.016012,3
rouge_l,668,entropy,0.616341,0.024427,3
rouge_l,669,entropy,0.608066,0.018415,3
rouge_l,670,entropy,0.606305,0.012431,3
rouge_l,671,entropy,0.616024,0.029406,3
rouge_l,672,entropy,0.622582,0.001755,3
rouge_l,673,entropy,0.619175,0.021865,3
rouge_l,674,entropy,0.600307,0.018216,3
rouge_l,675,entropy,0.624247,0.009094,3
rouge_l,676,entropy,0.618448,0.021197,3
rouge_l,677,entropy,0.619658,0.00943,3
rouge_l,678,entropy,0.593085,0.018941,3
rouge_l,679,entropy,0.631726,0.004306,3
rouge_l,680,entropy,0.593295,0.045767,3
rouge_l,681,entropy,0.601703,0.016753,3
rouge_l,682,entropy,0.601851,0.024784,3
rouge_l,683,entropy,0.613083,0.015169,3
rouge_l,684,entropy,0.618966,0.013666,3
rouge_l,685,entropy,0.618216,0.021522,3
rouge_l,686,entropy,0.616798,0.041669,3
rouge_l,687,entropy,0.589114,0.024222,3
rouge_l,688,entropy,0.624522,0.045983,3
rouge_l,689,entropy,0.598578,0.006965,3
rouge_l,690,entropy,0.624779,0.026217,3
rouge_l,691,entropy,0.614365,0.007714,3
rouge_l,692,entropy,0.599845,0.012311,3
rouge_l,693,entropy,0.598642,0.008668,3
rouge_l,694,entropy,0.587092,0.008588,3
rouge_l,695,entropy,0.594072,0.021054,3
rouge_l,696,entropy,0.620344,0.002985,3
rouge_l,697,entropy,0.593423,0.009792,3
rouge_l,698,entropy,0.598888,0.024959,3
rouge_l,699,entropy,0.595593,0.01736,3
rouge_l,700,entropy,0.615221,0.006541,3
rouge_l,701,entropy,0.60963,0.018154,3
rouge_l,702,entropy,0.605986,0.010548,3
rouge_l,703,entropy,0.616846,0.0036,3
rouge_l,704,entropy,0.595086,0.013799,3
rouge_l,705,entropy,0.618163,0.024921,3
rouge_l,706,entropy,0.61904,0.02171,3
rouge_l,707,entropy,0.60323,0.008663,3
rouge_l,708,entropy,0.59573,0.008776,3
rouge_l,709,entropy,0.623216,0.017965,3
rouge_l,710,entropy,0.593007,0.00787,3
rouge_l,711,entropy,0.604248,0.031109,3
rouge_l,712,entropy,0.612377,0.007221,3
rouge_l,713,entropy,0.596836,0.010302,3
rouge_l,714,entropy,0.587901,0.021548,3
rouge_l,715,entropy,0.590617,0.005515,3
rouge_l,716,entropy,0.584117,0.008919,3
rouge_l,717,entropy,0.5962,0.016933,3
rouge_l,718,entropy,0.618281,0.011289,3
rouge_l,719,entropy,0.598599,0.006238,3
rouge_l,720,entropy,0.601155,0.015867,3
rouge_l,721,entropy,0.627568,0.001325,3
rouge_l,722,entropy,0.595625,0.004083,3
rouge_l,723,entropy,0.607671,0.008693,3
rouge_l,724,entropy,0.631599,0.031617,3
rouge_l,725,entropy,0.614996,0.009108,3
rouge_l,726,entropy,0.593843,0.007792,3
rouge_l,727,entropy,0.591573,0.02165,3
rouge_l,728,entropy,0.590495,0.027068,3
rouge_l,729,entropy,0.599414,0.020008,3
rouge_l,730,entropy,0.599986,0.0225,3
rouge_l,731,entropy,0.595603,0.013706,3
rouge_l,732,entropy,0.607503,0.015582,3
rouge_l,733,entropy,0.587055,0.016393,3
rouge_l,734,entropy,0.605319,0.016043,3
rouge_l,735,entropy,0.597752,0.017529,3
rouge_l,736,entropy,0.595166,0.016126,3
rouge_l,737,entropy,0.606881,0.020794,3
rouge_l,738,entropy,0.593188,0.009621,3
rouge_l,739,entropy,0.59606,0.014796,3
rouge_l,740,entropy,0.605772,0.002422,3
rouge_l,741,entropy,0.601621,0.021489,3
rouge_l,742,entropy,0.60506,0.02315,3
rouge_l,743,entropy,0.602712,0.008606,3
rouge_l,744,entropy,0.598952,0.016437,3
rouge_l,745,entropy,0.602134,0.014988,3
rouge_l,746,entropy,0.594637,0.004846,3
rouge_l,747,entropy,0.600233,0.008608,3
rouge_l,748,entropy,0.604727,0.001874,3
rouge_l,749,entropy,0.601072,0.002782,3
rouge_l,750,entropy,0.596748,0.002601,3
rouge_l,751,entropy,0.592407,0.007909,3
rouge_l,752,entropy,0.60533,0.028617,3
rouge_l,753,entropy,0.587732,0.024953,3
rouge_l,754,entropy,0.568257,0.020576,3
rouge_l,755,entropy,0.582173,0.012483,3
rouge_l,756,entropy,0.570863,0.017061,3
rouge_l,757,entropy,0.584343,0.007269,3
rouge_l,758,entropy,0.583003,0.01356,3
rouge_l,759,entropy,0.61824,0.030467,3
rouge_l,760,entropy,0.594138,0.031579,3
rouge_l,761,entropy,0.583302,0.011762,3
rouge_l,762,entropy,0.583605,0.022073,3
rouge_l,763,entropy,0.575421,0.017752,3
rouge_l,764,entropy,0.577685,0.017045,3
rouge_l,765,entropy,0.591101,0.000686,3
rouge_l,766,entropy,0.599808,0.028554,3
rouge_l,767,entropy,0.597512,0.028071,3
rouge_l,768,entropy,0.594866,0.003874,3
rouge_l,769,entropy,0.60325,0.008941,3
rouge_l,770,entropy,0.591281,0.024828,3
rouge_l,771,entropy,0.621754,0.015865,3
rouge_l,772,entropy,0.593425,0.007072,3
rouge_l,773,entropy,0.594706,0.017494,3
rouge_l,774,entropy,0.583395,0.027111,3
rouge_l,775,entropy,0.591556,0.017683,3
rouge_l,776,entropy,0.581496,0.023439,3
rouge_l,777,entropy,0.592123,0.03104,3
rouge_l,778,entropy,0.596556,0.008565,3
rouge_l,779,entropy,0.588437,0.017043,3
rouge_l,780,entropy,0.605243,0.004502,3
rouge_l,781,entropy,0.592032,0.017327,3
rouge_l,782,entropy,0.598355,0.016703,3
rouge_l,783,entropy,0.590531,0.022494,3
rouge_l,784,entropy,0.587016,0.004461,3
rouge_l,785,entropy,0.584701,0.033066,3
rouge_l,786,entropy,0.611027,0.019759,3
rouge_l,787,entropy,0.598617,0.023287,3
rouge_l,788,entropy,0.597936,0.008519,3
rouge_l,789,entropy,0.591652,0.028026,3
rouge_l,790,entropy,0.588404,0.014265,3
rouge_l,791,entropy,0.575478,0.023894,3
rouge_l,792,entropy,0.598773,0.007476,3
rouge_l,793,entropy,0.592858,0.016916,3
rouge_l,794,entropy,0.609935,0.033631,3
rouge_l,795,entropy,0.592527,0.005845,3
rouge_l,796,entropy,0.569322,0.012262,3
rouge_l,797,entropy,0.592911,0.029532,3
rouge_l,798,entropy,0.606653,0.011191,3
rouge_l,799,entropy,0.595212,0.009457,3
rouge_l,800,entropy,0.58249,0.010106,3
rouge_l,801,entropy,0.575367,0.020072,3
rouge_l,802,entropy,0.583161,0.020909,3
rouge_l,803,entropy,0.603956,0.02549,3
rouge_l,804,entropy,0.590048,0.007239,3
rouge_l,805,entropy,0.599768,0.03614,3
rouge_l,806,entropy,0.593879,0.037507,3
rouge_l,807,entropy,0.588165,0.014855,3
rouge_l,808,entropy,0.583101,0.020974,3
rouge_l,809,entropy,0.598711,0.017143,3
rouge_l,810,entropy,0.584053,0.016352,3
rouge_l,811,entropy,0.592736,0.006313,3
rouge_l,812,entropy,0.592243,0.016745,3
rouge_l,813,entropy,0.602045,0.0132,3
rouge_l,814,entropy,0.594626,0.009114,3
rouge_l,815,entropy,0.585809,0.009396,3
rouge_l,816,entropy,0.612017,0.002745,3
rouge_l,817,entropy,0.591937,0.039604,3
rouge_l,818,entropy,0.591954,0.016853,3
rouge_l,819,entropy,0.594903,0.01438,3
rouge_l,820,entropy,0.598956,0.03381,3
rouge_l,821,entropy,0.576309,0.011832,3
rouge_l,822,entropy,0.586623,0.025761,3
rouge_l,823,entropy,0.581767,0.01242,3
rouge_l,824,entropy,0.588384,0.022892,3
rouge_l,825,entropy,0.573393,0.014103,3
rouge_l,826,entropy,0.574892,0.010824,3
rouge_l,827,entropy,0.581861,0.022295,3
rouge_l,828,entropy,0.596858,0.012847,3
rouge_l,829,entropy,0.587398,0.014457,3
rouge_l,830,entropy,0.578912,0.007837,3
rouge_l,831,entropy,0.5818,0.013454,3
rouge_l,832,entropy,0.594036,0.004419,3
rouge_l,833,entropy,0.578703,0.007072,3
rouge_l,834,entropy,0.599434,0.030534,3
rouge_l,835,entropy,0.58356,0.002782,3
rouge_l,836,entropy,0.605653,0.013323,3
rouge_l,837,entropy,0.600549,0.014082,3
rouge_l,838,entropy,0.600551,0.024765,3
rouge_l,839,entropy,0.599123,0.036468,3
rouge_l,840,entropy,0.581995,0.031933,3
rouge_l,841,entropy,0.591702,0.018889,3
rouge_l,842,entropy,0.574197,0.014505,3
rouge_l,843,entropy,0.587079,0.018557,3
rouge_l,844,entropy,0.58825,0.032606,3
rouge_l,845,entropy,0.60346,0.012509,3
rouge_l,846,entropy,0.58371,0.010457,3
rouge_l,847,entropy,0.577536,0.022721,3
rouge_l,848,entropy,0.587014,0.01448,3
rouge_l,849,entropy,0.593287,0.008859,3
rouge_l,850,entropy,0.598786,0.02948,3
rouge_l,851,entropy,0.572082,0.010446,3
rouge_l,852,entropy,0.59811,0.004854,3
rouge_l,853,entropy,0.595388,0.014612,3
rouge_l,854,entropy,0.57838,0.015915,3
rouge_l,855,entropy,0.592437,0.024085,3
rouge_l,856,entropy,0.592041,0.028086,3
rouge_l,857,entropy,0.575116,0.021472,3
rouge_l,858,entropy,0.614371,0.02141,3
rouge_l,859,entropy,0.586352,0.005725,3
rouge_l,860,entropy,0.601341,0.010398,3
rouge_l,861,entropy,0.59505,0.004165,3
rouge_l,862,entropy,0.605607,0.008353,3
rouge_l,863,entropy,0.602864,0.011069,3
rouge_l,864,entropy,0.592501,0.016692,3
rouge_l,865,entropy,0.582473,0.007441,3
rouge_l,866,entropy,0.591749,0.009185,3
rouge_l,867,entropy,0.601884,0.009715,3
rouge_l,868,entropy,0.614391,0.005829,3
rouge_l,869,entropy,0.608506,0.005439,3
rouge_l,870,entropy,0.576305,0.016216,3
rouge_l,871,entropy,0.588226,0.012223,3
rouge_l,872,entropy,0.599495,0.019894,3
rouge_l,873,entropy,0.583064,0.018172,3
rouge_l,874,entropy,0.596147,0.009351,3
rouge_l,875,entropy,0.613251,0.019821,3
rouge_l,876,entropy,0.583401,0.015195,3
rouge_l,877,entropy,0.597422,0.011314,3
rouge_l,878,entropy,0.590705,0.015803,3
rouge_l,879,entropy,0.594326,0.023051,3
rouge_l,880,entropy,0.588292,0.009605,3
rouge_l,881,entropy,0.606545,0.016488,3
rouge_l,882,entropy,0.59389,0.008831,3
rouge_l,883,entropy,0.594295,0.018047,3
rouge_l,884,entropy,0.581798,0.019301,3
rouge_l,885,entropy,0.58538,0.002319,3
rouge_l,886,entropy,0.607557,0.013062,3
rouge_l,887,entropy,0.592217,0.023104,3
rouge_l,888,entropy,0.612987,0.020901,3
rouge_l,889,entropy,0.589287,0.015291,3
rouge_l,890,entropy,0.588822,0.01159,3
rouge_l,891,entropy,0.58004,0.02685,3
rouge_l,892,entropy,0.58751,0.017247,3
rouge_l,893,entropy,0.592952,0.042815,3
rouge_l,894,entropy,0.587108,0.008395,3
rouge_l,895,entropy,0.588743,0.024569,3
rouge_l,896,entropy,0.587762,0.006847,3
rouge_l,897,entropy,0.589627,0.036921,3
rouge_l,898,entropy,0.591841,0.01839,3
rouge_l,899,entropy,0.583568,0.014608,3
rouge_l,900,entropy,0.617362,0.017726,3
rouge_l,901,entropy,0.599325,0.012767,3
rouge_l,902,entropy,0.591728,0.003939,3
rouge_l,903,entropy,0.584835,0.002699,3
rouge_l,904,entropy,0.59241,0.016154,3
rouge_l,905,entropy,0.592789,0.024354,3
rouge_l,906,entropy,0.605827,0.018016,3
rouge_l,907,entropy,0.581309,0.011703,3
rouge_l,908,entropy,0.585061,0.037162,3
rouge_l,909,entropy,0.602288,0.014924,3
rouge_l,910,entropy,0.590188,0.00533,3
rouge_l,911,entropy,0.597385,0.002044,3
rouge_l,912,entropy,0.59926,0.006817,3
rouge_l,913,entropy,0.608351,0.028116,3
rouge_l,914,entropy,0.600275,0.020732,3
rouge_l,915,entropy,0.580514,0.009392,3
rouge_l,916,entropy,0.586004,0.031682,3
rouge_l,917,entropy,0.583989,0.018762,3
rouge_l,918,entropy,0.591629,0.010789,3
rouge_l,919,entropy,0.56266,0.021225,3
rouge_l,920,entropy,0.56512,0.030553,3
rouge_l,921,entropy,0.592439,0.01783,3
rouge_l,922,entropy,0.594833,0.016465,3
rouge_l,923,entropy,0.600191,0.014332,3
rouge_l,924,entropy,0.607309,0.016891,3
rouge_l,925,entropy,0.574685,0.018138,3
rouge_l,926,entropy,0.580702,0.022902,3
rouge_l,927,entropy,0.584702,0.013104,3
rouge_l,928,entropy,0.58659,0.005154,3
rouge_l,929,entropy,0.574755,0.016577,3
rouge_l,930,entropy,0.590482,0.017979,3
rouge_l,931,entropy,0.593845,0.026513,3
rouge_l,932,entropy,0.585964,0.00964,3
rouge_l,933,entropy,0.573624,0.006954,3
rouge_l,934,entropy,0.573397,0.006133,3
rouge_l,935,entropy,0.571256,0.002686,3
rouge_l,936,entropy,0.566621,0.007038,3
rouge_l,937,entropy,0.585487,0.036377,3
rouge_l,938,entropy,0.579004,0.014441,3
rouge_l,939,entropy,0.581021,0.035194,3
rouge_l,940,entropy,0.593382,0.01881,3
rouge_l,941,entropy,0.575039,0.017723,3
rouge_l,942,entropy,0.574153,0.002103,3
rouge_l,943,entropy,0.58575,0.007272,3
rouge_l,944,entropy,0.565968,0.019473,3
rouge_l,945,entropy,0.571276,0.034404,3
rouge_l,946,entropy,0.587867,0.0216,3
rouge_l,947,entropy,0.60086,0.005965,3
rouge_l,948,entropy,0.587536,0.032994,3
rouge_l,949,entropy,0.573088,0.021031,3
rouge_l,950,entropy,0.588834,0.015778,3
rouge_l,951,entropy,0.575733,0.00678,3
rouge_l,952,entropy,0.570276,0.018995,3
rouge_l,953,entropy,0.572998,0.010383,3
rouge_l,954,entropy,0.611428,0.015944,3
rouge_l,955,entropy,0.589251,0.013591,3
rouge_l,956,entropy,0.578061,0.002626,3
rouge_l,957,entropy,0.588001,0.007014,3
rouge_l,958,entropy,0.594397,0.019623,3
rouge_l,959,entropy,0.585473,0.008127,3
rouge_l,960,entropy,0.572845,0.006682,3
rouge_l,961,entropy,0.550852,0.01601,3
rouge_l,962,entropy,0.58134,0.02512,3
rouge_l,963,entropy,0.576708,0.029911,3
rouge_l,964,entropy,0.580178,0.015772,3
rouge_l,965,entropy,0.589855,0.018715,3
rouge_l,966,entropy,0.566081,0.01934,3
rouge_l,967,entropy,0.585408,0.019052,3
rouge_l,968,entropy,0.584148,0.00831,3
rouge_l,969,entropy,0.596815,0.017127,3
rouge_l,970,entropy,0.567575,0.020499,3
rouge_l,971,entropy,0.567341,0.031322,3
rouge_l,972,entropy,0.588793,0.009873,3
rouge_l,973,entropy,0.579424,0.01806,3
rouge_l,974,entropy,0.561292,0.014722,3
rouge_l,975,entropy,0.580855,0.019614,3
rouge_l,976,entropy,0.580648,0.013829,3
rouge_l,977,entropy,0.575973,0.021905,3
rouge_l,978,entropy,0.58059,0.015317,3
rouge_l,979,entropy,0.579818,0.010048,3
rouge_l,980,entropy,0.56149,0.041764,3
rouge_l,981,entropy,0.586079,0.019694,3
rouge_l,982,entropy,0.577868,0.031261,3
rouge_l,983,entropy,0.55776,0.011574,3
rouge_l,984,entropy,0.586319,0.021728,3
rouge_l,985,entropy,0.600894,0.01742,3
rouge_l,986,entropy,0.579203,0.013111,3
rouge_l,987,entropy,0.594205,0.019866,3
rouge_l,988,entropy,0.570182,0.019841,3
rouge_l,989,entropy,0.580924,0.014366,3
rouge_l,990,entropy,0.581966,0.009838,3
rouge_l,991,entropy,0.561295,0.019196,3
rouge_l,992,entropy,0.596278,0.027451,3
rouge_l,993,entropy,0.591785,0.01511,3
rouge_l,994,entropy,0.591852,0.003589,3
rouge_l,995,entropy,0.567123,0.013854,3
rouge_l,996,entropy,0.595151,0.012905,3
rouge_l,997,entropy,0.600587,0.0066,3
rouge_l,998,entropy,0.607966,0.021832,3
rouge_l,999,entropy,0.580963,0.020093,3
